lab,solver,start_node,seed,time_ms,is_valid,error_message,initial_path,path,metrics,initial_distance,final_distance,initial_objective,final_objective,initial_profit,final_profit,phase1_distance,phase1_profit,phase1_objective,phase2_distance,phase2_profit,perturbations,instance
lab4,msls,85,668058399,35055.143948,True,,"[196, 54, 64, 106, 113, 27, 65, 34, 192, 42, 159, 143, 21, 95, 63, 141, 29, 13, 180, 182, 138, 127, 179, 151, 81, 156, 12, 72, 195, 191, 199, 59, 41, 66, 89, 48, 142, 152, 9, 32, 137, 109, 17, 57, 157, 118, 100, 99, 2, 102, 193, 94, 31, 62, 91, 74, 38, 176, 10, 107, 153, 18, 145, 4, 80, 75, 97, 171, 154, 164, 178, 6, 60, 50, 20, 47, 36, 46, 139, 96, 52, 120, 73, 147, 67, 24, 184, 144, 116, 168, 198, 53, 121, 0, 117, 162, 114, 71, 115, 77, 196]","[196, 169, 81, 187, 174, 90, 107, 27, 71, 58, 164, 7, 95, 39, 165, 119, 40, 185, 8, 138, 32, 49, 102, 155, 144, 61, 62, 9, 15, 64, 114, 186, 23, 76, 89, 183, 153, 0, 170, 117, 93, 140, 36, 163, 67, 108, 69, 18, 199, 159, 193, 41, 191, 139, 110, 68, 46, 198, 115, 96, 5, 42, 192, 160, 28, 166, 11, 184, 48, 30, 54, 147, 104, 177, 10, 190, 4, 112, 126, 156, 29, 24, 149, 131, 77, 105, 116, 65, 59, 118, 60, 141, 66, 51, 109, 72, 162, 161, 194, 6, 173, 180, 158, 53, 136, 182, 121, 99, 189, 19, 152, 74, 125, 87, 1, 97, 26, 100, 101, 150, 120, 44, 82, 92, 179, 91, 145, 78, 168, 31, 13, 56, 188, 157, 17, 196]","{'distance': {'initial': 21174, 'final': 21174}, 'objective': {'initial': 0, 'final': 7765}}",21174,21174,0,7765,28939,28939,21174,28939,0,21174,28939,200,TSPA
lab4,msls,85,1130317502,34752.998308,True,,"[26, 189, 73, 1, 46, 172, 146, 88, 2, 70, 164, 171, 74, 110, 158, 40, 167, 11, 96, 66, 0, 157, 35, 129, 36, 132, 60, 183, 162, 37, 24, 140, 13, 106, 41, 63, 32, 193, 90, 71, 47, 178, 126, 77, 198, 81, 141, 31, 83, 8, 98, 150, 176, 151, 55, 175, 51, 48, 57, 45, 22, 182, 188, 94, 142, 64, 154, 118, 187, 120, 5, 86, 34, 134, 19, 180, 111, 61, 59, 169, 91, 170, 186, 160, 69, 149, 135, 179, 194, 177, 159, 148, 107, 123, 58, 33, 29, 124, 102, 7, 26]","[26, 101, 150, 1, 97, 152, 74, 125, 87, 2, 82, 120, 44, 25, 16, 88, 171, 113, 56, 13, 31, 85, 188, 157, 17, 81, 187, 174, 90, 107, 27, 71, 58, 164, 7, 95, 39, 165, 8, 185, 119, 40, 169, 196, 91, 179, 55, 52, 106, 178, 3, 32, 138, 14, 155, 144, 102, 49, 128, 167, 111, 148, 37, 33, 9, 62, 61, 15, 64, 114, 83, 23, 76, 89, 183, 153, 0, 170, 117, 93, 140, 36, 163, 67, 108, 69, 18, 199, 159, 22, 146, 103, 181, 192, 160, 48, 30, 54, 147, 104, 184, 28, 166, 11, 84, 4, 112, 126, 156, 29, 24, 149, 131, 77, 105, 47, 65, 116, 5, 96, 41, 193, 191, 110, 139, 198, 46, 60, 141, 66, 51, 109, 118, 59, 72, 162, 161, 194, 6, 173, 180, 158, 53, 136, 182, 63, 130, 12, 124, 94, 19, 189, 99, 121, 100, 26]","{'distance': {'initial': 23235, 'final': 23235}, 'objective': {'initial': 0, 'final': 7845}}",23235,23235,0,7845,31080,31080,23235,31080,0,23235,31080,200,TSPA
lab4,msls,85,1612545282,35069.69522,True,,"[8, 26, 64, 9, 178, 37, 196, 22, 161, 20, 125, 83, 162, 169, 145, 184, 19, 156, 142, 67, 96, 149, 84, 126, 50, 120, 52, 133, 15, 36, 69, 179, 74, 100, 150, 137, 104, 31, 3, 78, 18, 61, 10, 164, 49, 117, 107, 131, 199, 103, 81, 87, 182, 72, 160, 71, 152, 175, 76, 91, 159, 92, 101, 66, 73, 14, 141, 119, 58, 136, 172, 144, 188, 110, 21, 24, 98, 143, 89, 97, 54, 6, 42, 105, 176, 23, 11, 7, 35, 40, 75, 33, 166, 173, 13, 56, 106, 85, 79, 102, 8]","[8, 119, 40, 185, 106, 178, 3, 32, 138, 49, 102, 155, 144, 61, 62, 9, 15, 64, 114, 83, 23, 76, 89, 183, 143, 170, 0, 117, 93, 140, 36, 163, 67, 108, 69, 18, 20, 22, 146, 103, 195, 159, 193, 41, 96, 5, 42, 192, 160, 48, 30, 54, 147, 104, 184, 28, 166, 11, 84, 4, 112, 126, 156, 29, 24, 149, 131, 77, 105, 116, 65, 59, 118, 60, 141, 66, 51, 109, 72, 162, 161, 194, 6, 173, 180, 158, 53, 136, 182, 121, 99, 189, 19, 100, 26, 97, 101, 150, 1, 152, 74, 125, 87, 2, 82, 120, 44, 25, 78, 168, 145, 179, 91, 169, 196, 17, 157, 31, 13, 56, 188, 98, 81, 187, 174, 90, 107, 27, 71, 58, 164, 7, 95, 39, 165, 8]","{'distance': {'initial': 20379, 'final': 20379}, 'objective': {'initial': 0, 'final': 7894}}",20379,20379,0,7894,28273,28273,20379,28273,0,20379,28273,200,TSPA
lab4,msls,85,1183913513,35331.747121,True,,"[141, 192, 81, 126, 188, 5, 46, 163, 152, 193, 36, 23, 113, 19, 103, 89, 167, 148, 106, 10, 143, 24, 189, 71, 104, 119, 178, 98, 15, 66, 185, 26, 78, 112, 156, 159, 38, 187, 109, 49, 177, 142, 96, 30, 79, 6, 196, 169, 28, 3, 86, 165, 54, 180, 25, 175, 179, 144, 150, 154, 168, 1, 32, 11, 83, 158, 50, 151, 76, 129, 116, 176, 135, 55, 194, 74, 80, 190, 17, 35, 65, 39, 114, 149, 53, 117, 93, 115, 60, 128, 70, 123, 4, 69, 37, 13, 73, 195, 34, 7, 141]","[141, 51, 109, 72, 59, 118, 60, 46, 68, 93, 140, 36, 67, 108, 69, 163, 110, 191, 139, 198, 115, 96, 41, 193, 159, 195, 146, 103, 181, 192, 160, 48, 30, 54, 147, 104, 177, 10, 190, 4, 112, 156, 29, 126, 35, 11, 184, 28, 166, 77, 105, 116, 65, 47, 131, 149, 24, 161, 194, 6, 173, 180, 158, 53, 136, 182, 121, 99, 189, 19, 100, 26, 101, 150, 1, 97, 152, 74, 125, 87, 2, 120, 44, 82, 92, 179, 91, 145, 78, 168, 31, 13, 56, 188, 157, 17, 196, 169, 81, 187, 174, 40, 119, 165, 8, 185, 106, 178, 3, 32, 138, 14, 155, 144, 102, 49, 128, 167, 111, 148, 37, 33, 9, 62, 61, 15, 64, 114, 83, 23, 137, 176, 66, 141]","{'distance': {'initial': 19977, 'final': 19977}, 'objective': {'initial': 0, 'final': 7820}}",19977,19977,0,7820,27797,27797,19977,27797,0,19977,27797,200,TSPA
lab4,msls,85,1242644980,35444.058984,True,,"[77, 73, 187, 182, 81, 174, 126, 31, 141, 177, 46, 107, 14, 118, 76, 67, 68, 74, 129, 52, 131, 19, 17, 164, 149, 152, 64, 139, 194, 199, 1, 29, 160, 89, 115, 133, 154, 190, 27, 36, 128, 136, 171, 93, 192, 39, 50, 41, 181, 58, 198, 85, 180, 83, 183, 105, 161, 179, 47, 163, 140, 11, 144, 135, 66, 54, 109, 155, 24, 80, 185, 143, 70, 87, 156, 82, 22, 184, 55, 43, 191, 159, 121, 38, 59, 137, 119, 123, 178, 122, 125, 15, 147, 151, 138, 92, 2, 153, 106, 150, 77]","[77, 166, 28, 184, 11, 35, 29, 156, 126, 112, 4, 190, 10, 177, 104, 147, 54, 30, 48, 160, 192, 42, 5, 96, 41, 193, 159, 199, 18, 69, 108, 67, 163, 36, 140, 93, 68, 46, 198, 115, 59, 72, 118, 60, 109, 51, 141, 66, 176, 137, 23, 76, 183, 89, 83, 114, 64, 15, 61, 9, 62, 144, 155, 14, 138, 32, 3, 178, 106, 185, 40, 119, 8, 165, 39, 95, 7, 164, 58, 71, 27, 107, 90, 187, 81, 174, 169, 196, 17, 157, 188, 56, 13, 31, 168, 78, 145, 91, 179, 92, 82, 44, 120, 150, 101, 1, 87, 125, 74, 152, 19, 189, 99, 121, 182, 136, 53, 158, 180, 173, 6, 194, 161, 24, 149, 131, 47, 65, 116, 105, 77]","{'distance': {'initial': 20456, 'final': 20456}, 'objective': {'initial': 0, 'final': 7636}}",20456,20456,0,7636,28092,28092,20456,28092,0,20456,28092,200,TSPA
lab4,msls,85,375679063,35229.113837,True,,"[177, 75, 28, 42, 125, 83, 45, 142, 114, 46, 78, 143, 111, 98, 72, 15, 67, 91, 192, 183, 132, 74, 11, 100, 53, 196, 185, 144, 94, 86, 1, 174, 187, 164, 194, 34, 22, 37, 121, 59, 65, 184, 12, 119, 109, 21, 40, 89, 23, 4, 2, 20, 69, 19, 85, 93, 166, 61, 163, 44, 92, 186, 179, 197, 27, 25, 135, 178, 10, 129, 160, 0, 149, 47, 43, 134, 76, 199, 60, 115, 3, 66, 189, 35, 52, 147, 51, 71, 154, 96, 79, 54, 165, 49, 84, 116, 118, 57, 101, 175, 177]","[177, 104, 147, 54, 30, 48, 160, 192, 181, 103, 146, 22, 20, 18, 69, 108, 67, 163, 36, 140, 93, 117, 0, 170, 143, 183, 89, 76, 23, 83, 114, 64, 15, 9, 62, 61, 144, 155, 102, 49, 138, 32, 3, 178, 106, 52, 55, 179, 91, 196, 169, 40, 119, 185, 8, 165, 39, 95, 7, 164, 58, 71, 27, 107, 90, 174, 187, 81, 17, 157, 188, 56, 13, 31, 168, 145, 78, 25, 44, 120, 82, 129, 172, 167, 111, 124, 12, 130, 94, 189, 19, 152, 74, 125, 87, 150, 101, 1, 97, 26, 100, 99, 121, 182, 136, 53, 158, 180, 173, 6, 194, 161, 162, 72, 59, 118, 109, 51, 66, 141, 60, 46, 198, 115, 193, 41, 96, 5, 116, 65, 47, 105, 77, 166, 28, 184, 11, 84, 4, 190, 10, 177]","{'distance': {'initial': 21987, 'final': 21987}, 'objective': {'initial': 0, 'final': 7744}}",21987,21987,0,7744,29731,29731,21987,29731,0,21987,29731,200,TSPA
lab4,msls,85,63918073,35648.207641,True,,"[147, 139, 10, 89, 128, 4, 192, 6, 31, 185, 174, 187, 190, 115, 129, 168, 124, 33, 172, 141, 143, 150, 7, 180, 87, 118, 73, 2, 116, 175, 130, 121, 114, 196, 107, 40, 112, 169, 148, 68, 151, 181, 24, 44, 101, 164, 29, 198, 178, 61, 54, 110, 35, 183, 105, 165, 45, 49, 3, 113, 66, 91, 27, 132, 86, 131, 162, 75, 135, 163, 184, 140, 146, 122, 160, 30, 1, 62, 51, 63, 155, 12, 82, 136, 57, 195, 93, 171, 8, 78, 182, 134, 123, 81, 96, 186, 52, 109, 16, 43, 147]","[147, 104, 177, 10, 190, 184, 28, 11, 166, 77, 105, 116, 65, 47, 131, 149, 24, 161, 194, 6, 173, 180, 158, 53, 100, 26, 101, 150, 1, 97, 152, 74, 125, 87, 2, 82, 120, 44, 25, 78, 31, 13, 16, 88, 171, 113, 56, 188, 157, 168, 145, 179, 91, 169, 196, 81, 187, 174, 90, 107, 27, 71, 58, 164, 7, 95, 39, 165, 119, 40, 185, 8, 138, 32, 3, 178, 49, 102, 155, 144, 62, 9, 61, 64, 114, 83, 89, 183, 76, 23, 186, 15, 148, 37, 33, 167, 111, 124, 12, 130, 94, 19, 189, 99, 121, 182, 136, 63, 80, 176, 66, 141, 51, 109, 72, 59, 118, 60, 46, 68, 93, 140, 36, 67, 108, 69, 163, 110, 191, 139, 198, 115, 96, 41, 193, 159, 195, 146, 103, 181, 192, 160, 48, 30, 54, 147]","{'distance': {'initial': 23015, 'final': 23015}, 'objective': {'initial': 0, 'final': 7664}}",23015,23015,0,7664,30679,30679,23015,30679,0,23015,30679,200,TSPA
lab4,msls,85,942791168,35698.915723,True,,"[81, 86, 135, 197, 109, 139, 61, 49, 41, 84, 91, 21, 129, 16, 55, 30, 58, 182, 76, 190, 145, 93, 45, 189, 102, 9, 116, 123, 4, 82, 146, 7, 35, 148, 36, 122, 175, 140, 152, 8, 172, 126, 3, 144, 69, 165, 46, 77, 37, 185, 195, 186, 6, 12, 97, 193, 173, 112, 73, 83, 71, 79, 54, 32, 169, 65, 44, 68, 106, 67, 174, 31, 166, 131, 43, 191, 90, 26, 19, 194, 94, 158, 13, 15, 196, 85, 70, 156, 187, 121, 33, 60, 95, 154, 159, 153, 179, 88, 164, 149, 81]","[81, 196, 169, 91, 179, 145, 78, 168, 157, 188, 85, 31, 13, 56, 113, 171, 88, 16, 25, 44, 120, 82, 2, 87, 125, 74, 152, 97, 1, 150, 101, 26, 100, 19, 189, 99, 121, 53, 158, 154, 6, 70, 127, 29, 156, 126, 112, 4, 190, 10, 177, 104, 147, 54, 30, 48, 160, 192, 181, 103, 146, 195, 159, 193, 41, 191, 139, 110, 163, 69, 108, 67, 36, 140, 93, 68, 46, 60, 118, 109, 51, 72, 59, 65, 116, 105, 77, 28, 184, 11, 166, 131, 149, 24, 161, 194, 173, 180, 136, 182, 63, 94, 130, 12, 124, 111, 167, 148, 37, 33, 9, 62, 61, 144, 155, 102, 49, 138, 32, 3, 178, 106, 185, 40, 119, 8, 165, 39, 95, 7, 164, 58, 71, 27, 107, 90, 174, 187, 81]","{'distance': {'initial': 21132, 'final': 21132}, 'objective': {'initial': 0, 'final': 7800}}",21132,21132,0,7800,28932,28932,21132,28932,0,21132,28932,200,TSPA
lab4,msls,85,647651470,34747.763052,True,,"[58, 4, 1, 147, 130, 53, 159, 167, 109, 193, 175, 158, 7, 62, 181, 80, 34, 144, 55, 50, 134, 48, 99, 75, 94, 63, 83, 186, 0, 103, 51, 65, 140, 86, 128, 16, 87, 100, 143, 123, 9, 106, 64, 121, 115, 28, 57, 111, 126, 81, 150, 72, 198, 157, 97, 177, 52, 76, 43, 187, 25, 151, 61, 169, 165, 15, 6, 44, 30, 3, 67, 180, 196, 45, 156, 124, 22, 120, 154, 105, 195, 84, 11, 114, 78, 189, 194, 73, 183, 110, 59, 122, 68, 138, 96, 69, 77, 129, 116, 13, 58]","[58, 71, 27, 107, 90, 174, 187, 81, 196, 17, 157, 188, 85, 31, 13, 56, 113, 171, 88, 16, 25, 44, 120, 82, 2, 87, 125, 74, 152, 97, 1, 150, 101, 26, 100, 121, 99, 189, 19, 124, 12, 130, 94, 63, 182, 136, 53, 158, 180, 173, 6, 194, 161, 162, 72, 109, 51, 66, 141, 60, 118, 59, 65, 116, 105, 77, 131, 149, 24, 29, 156, 126, 112, 4, 84, 11, 166, 28, 184, 104, 147, 54, 30, 48, 160, 192, 181, 103, 146, 22, 159, 193, 41, 96, 115, 46, 198, 139, 191, 110, 68, 140, 93, 117, 170, 0, 153, 183, 89, 76, 23, 186, 114, 64, 15, 61, 62, 9, 33, 37, 148, 111, 167, 128, 49, 102, 144, 155, 14, 138, 32, 3, 178, 106, 52, 55, 179, 91, 169, 40, 119, 185, 8, 165, 39, 95, 7, 164, 58]","{'distance': {'initial': 22253, 'final': 22253}, 'objective': {'initial': 0, 'final': 7883}}",22253,22253,0,7883,30136,30136,22253,30136,0,22253,30136,200,TSPA
lab4,msls,85,691680367,35037.764783,True,,"[128, 37, 4, 30, 54, 38, 32, 194, 27, 62, 96, 135, 189, 161, 2, 198, 179, 13, 173, 68, 178, 199, 126, 187, 149, 17, 171, 168, 9, 152, 169, 42, 40, 156, 88, 73, 107, 48, 98, 167, 190, 134, 63, 183, 99, 122, 79, 103, 59, 175, 121, 60, 141, 102, 15, 72, 74, 39, 45, 139, 116, 137, 100, 14, 110, 75, 109, 115, 170, 181, 193, 25, 28, 0, 151, 87, 36, 119, 85, 112, 142, 18, 184, 93, 101, 89, 123, 5, 166, 52, 19, 64, 146, 43, 118, 29, 95, 111, 195, 127, 128]","[128, 167, 111, 124, 12, 130, 94, 189, 19, 152, 74, 125, 87, 150, 101, 1, 97, 26, 100, 99, 121, 182, 136, 53, 158, 180, 173, 6, 194, 127, 29, 156, 126, 112, 4, 190, 10, 177, 104, 147, 54, 30, 48, 160, 192, 28, 184, 11, 166, 77, 105, 116, 65, 59, 118, 72, 109, 51, 66, 141, 60, 115, 96, 41, 193, 159, 195, 103, 146, 22, 199, 18, 69, 108, 67, 163, 110, 191, 139, 198, 46, 68, 140, 93, 117, 170, 0, 153, 183, 89, 76, 23, 186, 114, 64, 15, 61, 9, 62, 144, 155, 14, 138, 8, 165, 39, 27, 107, 90, 174, 187, 81, 17, 157, 188, 56, 13, 31, 168, 78, 145, 179, 91, 196, 169, 40, 119, 185, 106, 178, 3, 32, 49, 128]","{'distance': {'initial': 21090, 'final': 21090}, 'objective': {'initial': 0, 'final': 7525}}",21090,21090,0,7525,28615,28615,21090,28615,0,21090,28615,200,TSPA
lab4,msls,85,657099353,34744.045311,True,,"[18, 82, 164, 5, 17, 186, 33, 108, 27, 156, 118, 132, 56, 78, 199, 4, 73, 194, 94, 24, 6, 176, 130, 42, 28, 179, 198, 69, 195, 38, 50, 121, 0, 103, 2, 169, 120, 29, 87, 15, 68, 83, 26, 13, 60, 32, 188, 81, 166, 182, 46, 138, 150, 119, 189, 9, 77, 7, 173, 149, 196, 63, 102, 25, 54, 65, 162, 88, 128, 91, 90, 96, 131, 190, 55, 10, 111, 122, 97, 123, 70, 171, 142, 37, 48, 161, 71, 11, 175, 16, 22, 39, 92, 112, 177, 14, 85, 167, 31, 109, 18]","[18, 199, 22, 146, 103, 195, 159, 193, 41, 96, 5, 42, 28, 184, 160, 48, 30, 54, 147, 104, 177, 10, 190, 4, 84, 11, 166, 77, 105, 116, 65, 47, 131, 149, 24, 161, 194, 6, 173, 180, 158, 53, 136, 182, 121, 99, 189, 19, 100, 26, 101, 150, 1, 97, 152, 74, 125, 87, 2, 120, 44, 82, 78, 16, 88, 171, 13, 31, 56, 188, 157, 168, 145, 179, 91, 169, 196, 81, 187, 174, 90, 107, 27, 71, 58, 164, 7, 95, 39, 165, 119, 40, 185, 8, 138, 32, 49, 102, 155, 144, 61, 62, 9, 33, 37, 148, 167, 111, 124, 94, 130, 12, 176, 66, 141, 51, 109, 72, 59, 118, 60, 46, 68, 93, 140, 36, 163, 67, 108, 69, 18]","{'distance': {'initial': 20458, 'final': 20458}, 'objective': {'initial': 0, 'final': 7713}}",20458,20458,0,7713,28171,28171,20458,28171,0,20458,28171,200,TSPA
lab4,msls,85,1142192430,34835.648563,True,,"[48, 0, 164, 105, 108, 109, 171, 142, 10, 149, 139, 58, 90, 80, 18, 50, 196, 192, 124, 141, 39, 44, 30, 107, 128, 180, 159, 27, 152, 11, 125, 199, 83, 184, 61, 31, 34, 119, 36, 59, 189, 179, 116, 98, 53, 153, 38, 167, 148, 132, 173, 145, 100, 123, 197, 130, 131, 6, 22, 2, 76, 28, 91, 84, 195, 29, 4, 78, 129, 176, 137, 63, 17, 158, 127, 185, 3, 169, 133, 187, 42, 55, 86, 96, 115, 43, 175, 52, 69, 74, 177, 102, 166, 183, 14, 99, 46, 65, 170, 85, 48]","[48, 30, 54, 147, 104, 177, 10, 190, 4, 84, 11, 184, 28, 166, 77, 105, 116, 65, 59, 72, 118, 60, 141, 109, 51, 66, 176, 80, 63, 173, 6, 154, 180, 158, 53, 136, 182, 121, 99, 189, 19, 94, 130, 12, 124, 111, 167, 74, 152, 97, 26, 100, 101, 150, 1, 87, 2, 82, 120, 44, 25, 16, 88, 171, 113, 56, 13, 31, 85, 188, 157, 168, 78, 145, 179, 91, 196, 169, 174, 81, 187, 90, 107, 27, 71, 58, 164, 7, 95, 39, 165, 8, 119, 40, 185, 106, 178, 3, 32, 138, 14, 155, 144, 49, 102, 62, 9, 61, 15, 64, 114, 83, 23, 76, 89, 183, 153, 0, 46, 68, 93, 140, 36, 163, 67, 108, 69, 18, 199, 159, 193, 41, 96, 5, 42, 192, 160, 48]","{'distance': {'initial': 21530, 'final': 21530}, 'objective': {'initial': 0, 'final': 7537}}",21530,21530,0,7537,29067,29067,21530,29067,0,21530,29067,200,TSPA
lab4,msls,85,1817737901,35034.668624,True,,"[28, 75, 76, 115, 41, 87, 150, 97, 29, 58, 146, 25, 147, 180, 195, 49, 35, 174, 176, 193, 70, 98, 5, 24, 105, 168, 137, 119, 54, 134, 113, 51, 189, 121, 139, 185, 43, 66, 179, 80, 39, 117, 136, 100, 199, 102, 95, 83, 77, 26, 60, 161, 108, 69, 106, 127, 91, 104, 118, 13, 128, 169, 0, 37, 16, 145, 160, 170, 159, 101, 142, 131, 57, 192, 42, 130, 166, 17, 141, 173, 6, 156, 177, 167, 45, 123, 31, 183, 67, 44, 71, 107, 181, 103, 143, 78, 36, 184, 86, 154, 28]","[28, 184, 104, 147, 54, 30, 48, 160, 192, 181, 103, 146, 195, 159, 199, 18, 69, 108, 67, 163, 36, 140, 93, 117, 170, 0, 46, 68, 110, 139, 191, 193, 41, 96, 5, 116, 65, 47, 105, 77, 131, 149, 24, 161, 162, 72, 59, 118, 60, 109, 51, 141, 66, 176, 137, 23, 83, 114, 64, 15, 61, 9, 62, 102, 49, 144, 155, 14, 138, 32, 3, 178, 106, 185, 40, 119, 8, 165, 39, 95, 7, 164, 58, 71, 27, 107, 90, 174, 187, 81, 98, 188, 56, 13, 31, 157, 17, 196, 169, 91, 179, 145, 168, 78, 25, 44, 120, 82, 2, 87, 125, 74, 152, 167, 111, 124, 12, 130, 94, 189, 19, 97, 1, 150, 101, 26, 100, 99, 121, 182, 136, 53, 158, 180, 173, 6, 70, 127, 29, 156, 126, 112, 4, 84, 11, 166, 28]","{'distance': {'initial': 22936, 'final': 22936}, 'objective': {'initial': 0, 'final': 7534}}",22936,22936,0,7534,30470,30470,22936,30470,0,22936,30470,200,TSPA
lab4,msls,85,764256717,35287.633563,True,,"[137, 49, 103, 40, 36, 157, 122, 194, 15, 31, 179, 165, 74, 78, 33, 164, 97, 81, 111, 189, 51, 139, 73, 14, 114, 67, 163, 45, 175, 169, 107, 178, 187, 188, 0, 23, 92, 131, 47, 161, 44, 57, 59, 171, 20, 56, 151, 166, 197, 126, 177, 54, 192, 53, 91, 136, 35, 158, 80, 135, 88, 41, 106, 26, 70, 27, 8, 32, 68, 167, 66, 105, 18, 84, 5, 127, 160, 176, 141, 85, 186, 10, 142, 102, 95, 25, 152, 184, 16, 89, 120, 99, 4, 147, 150, 154, 159, 19, 11, 156, 137]","[137, 76, 89, 183, 153, 0, 170, 117, 93, 140, 36, 67, 108, 69, 163, 110, 139, 191, 142, 159, 193, 41, 96, 5, 42, 192, 160, 48, 30, 54, 147, 104, 184, 28, 166, 11, 84, 4, 112, 126, 156, 29, 24, 149, 131, 77, 105, 47, 65, 116, 59, 118, 60, 141, 66, 51, 109, 72, 162, 161, 194, 6, 173, 180, 158, 53, 136, 182, 121, 99, 189, 19, 100, 26, 97, 101, 150, 1, 152, 74, 125, 87, 2, 82, 120, 44, 25, 16, 88, 171, 13, 56, 188, 85, 31, 157, 168, 78, 145, 179, 91, 196, 169, 174, 81, 187, 90, 107, 27, 71, 58, 164, 7, 95, 39, 165, 8, 119, 40, 185, 106, 178, 3, 32, 138, 14, 155, 144, 102, 49, 128, 167, 111, 148, 37, 33, 9, 62, 61, 15, 64, 114, 186, 23, 137]","{'distance': {'initial': 21393, 'final': 21393}, 'objective': {'initial': 0, 'final': 7688}}",21393,21393,0,7688,29081,29081,21393,29081,0,21393,29081,200,TSPA
lab4,msls,85,1964499638,35121.125511,True,,"[3, 26, 70, 48, 75, 170, 120, 187, 88, 37, 167, 84, 191, 83, 87, 54, 62, 68, 36, 174, 173, 20, 146, 165, 114, 47, 14, 91, 157, 80, 23, 27, 176, 109, 72, 45, 33, 53, 132, 136, 198, 177, 158, 50, 110, 29, 104, 82, 15, 196, 28, 142, 194, 140, 92, 67, 143, 90, 65, 123, 113, 195, 130, 21, 58, 18, 103, 162, 185, 178, 197, 32, 144, 124, 71, 13, 163, 118, 43, 169, 172, 192, 148, 46, 193, 39, 7, 100, 52, 160, 1, 139, 153, 35, 9, 166, 95, 190, 181, 81, 3]","[3, 178, 106, 185, 40, 119, 8, 165, 39, 95, 7, 164, 58, 71, 27, 107, 90, 174, 187, 81, 196, 169, 91, 179, 145, 78, 168, 157, 188, 85, 31, 13, 56, 113, 171, 88, 16, 25, 44, 120, 82, 2, 87, 125, 74, 152, 97, 1, 150, 101, 26, 100, 19, 189, 99, 121, 182, 136, 53, 158, 180, 173, 6, 194, 161, 24, 149, 131, 47, 65, 116, 105, 77, 166, 11, 28, 184, 104, 147, 54, 30, 48, 160, 192, 181, 103, 146, 195, 159, 193, 41, 191, 139, 110, 163, 69, 108, 67, 36, 140, 93, 68, 46, 198, 115, 60, 118, 59, 72, 109, 51, 141, 66, 176, 12, 130, 94, 124, 111, 167, 128, 49, 102, 62, 9, 33, 37, 148, 15, 114, 64, 61, 144, 155, 14, 138, 32, 3]","{'distance': {'initial': 21024, 'final': 21024}, 'objective': {'initial': 0, 'final': 7835}}",21024,21024,0,7835,28859,28859,21024,28859,0,21024,28859,200,TSPA
lab4,msls,85,1946045837,37254.634621,True,,"[35, 23, 135, 91, 128, 54, 69, 136, 187, 77, 117, 94, 185, 51, 133, 155, 125, 161, 64, 111, 164, 143, 10, 53, 41, 86, 177, 145, 19, 17, 30, 48, 181, 169, 184, 191, 81, 32, 134, 83, 21, 97, 105, 76, 68, 2, 85, 123, 89, 57, 45, 0, 44, 8, 25, 36, 84, 5, 61, 172, 197, 118, 147, 20, 33, 14, 46, 199, 140, 27, 37, 121, 160, 31, 42, 178, 52, 66, 130, 179, 40, 122, 90, 50, 192, 141, 148, 198, 47, 13, 65, 183, 154, 74, 95, 114, 152, 116, 113, 150, 35]","[35, 11, 184, 28, 166, 77, 105, 116, 65, 59, 118, 60, 141, 66, 51, 109, 72, 162, 161, 194, 6, 173, 180, 158, 53, 136, 182, 121, 99, 189, 19, 100, 26, 101, 150, 1, 97, 152, 74, 125, 87, 2, 120, 44, 82, 92, 179, 91, 145, 78, 168, 31, 13, 56, 188, 157, 17, 196, 81, 187, 174, 169, 40, 119, 185, 8, 165, 39, 90, 107, 27, 71, 58, 164, 7, 21, 132, 144, 155, 14, 138, 32, 3, 178, 49, 128, 167, 111, 124, 94, 130, 12, 148, 37, 33, 9, 62, 61, 15, 64, 114, 83, 23, 76, 89, 183, 143, 170, 0, 46, 68, 93, 140, 36, 163, 67, 108, 69, 18, 199, 159, 193, 41, 191, 110, 139, 198, 115, 96, 5, 42, 192, 160, 48, 30, 54, 147, 104, 177, 10, 190, 4, 84, 35]","{'distance': {'initial': 22382, 'final': 22382}, 'objective': {'initial': 0, 'final': 7560}}",22382,22382,0,7560,29942,29942,22382,29942,0,22382,29942,200,TSPA
lab4,msls,85,1537573762,35379.191397,True,,"[148, 92, 143, 114, 102, 26, 197, 88, 3, 109, 75, 128, 22, 108, 188, 194, 77, 30, 111, 52, 93, 147, 120, 36, 181, 176, 5, 104, 81, 54, 46, 130, 39, 16, 60, 172, 66, 187, 21, 136, 97, 154, 107, 146, 168, 198, 171, 90, 155, 51, 61, 140, 121, 179, 150, 178, 116, 137, 142, 184, 87, 177, 166, 11, 173, 158, 58, 85, 134, 118, 37, 105, 34, 153, 99, 162, 189, 135, 157, 25, 84, 145, 18, 10, 95, 182, 133, 101, 183, 29, 50, 190, 67, 27, 19, 56, 78, 185, 71, 53, 148]","[148, 111, 167, 152, 74, 125, 87, 2, 120, 44, 82, 92, 179, 91, 145, 168, 78, 16, 88, 171, 13, 31, 56, 188, 157, 17, 196, 169, 174, 81, 187, 90, 107, 27, 71, 58, 164, 7, 95, 39, 165, 8, 119, 40, 185, 106, 178, 3, 32, 138, 49, 102, 155, 144, 61, 62, 9, 15, 64, 114, 186, 23, 137, 176, 66, 141, 51, 109, 72, 59, 118, 60, 46, 68, 93, 140, 36, 67, 108, 69, 163, 159, 193, 41, 96, 5, 116, 65, 47, 105, 77, 166, 11, 184, 28, 192, 160, 48, 30, 54, 147, 104, 177, 10, 190, 4, 112, 126, 156, 29, 127, 194, 6, 173, 180, 158, 53, 136, 182, 121, 99, 100, 26, 101, 150, 1, 97, 19, 189, 94, 130, 12, 124, 148]","{'distance': {'initial': 21287, 'final': 21287}, 'objective': {'initial': 0, 'final': 7653}}",21287,21287,0,7653,28940,28940,21287,28940,0,21287,28940,200,TSPA
lab4,msls,85,997618963,35260.531557,True,,"[69, 21, 85, 90, 7, 176, 183, 143, 89, 108, 4, 129, 72, 11, 57, 78, 104, 31, 159, 91, 3, 64, 12, 68, 186, 55, 18, 98, 10, 177, 19, 13, 123, 167, 37, 137, 168, 112, 81, 160, 14, 190, 44, 1, 94, 154, 121, 15, 188, 119, 145, 124, 22, 60, 166, 169, 56, 66, 16, 34, 196, 9, 181, 99, 147, 195, 164, 27, 29, 151, 127, 38, 86, 103, 115, 65, 191, 83, 170, 28, 142, 174, 25, 45, 35, 146, 17, 23, 149, 88, 135, 87, 155, 100, 153, 39, 105, 114, 36, 41, 69]","[69, 18, 199, 159, 193, 41, 195, 146, 103, 181, 192, 160, 48, 30, 54, 147, 104, 177, 10, 190, 4, 112, 126, 156, 29, 24, 149, 131, 11, 184, 28, 166, 77, 105, 47, 65, 116, 5, 96, 115, 198, 46, 60, 141, 66, 51, 109, 118, 59, 72, 162, 161, 194, 6, 173, 180, 158, 53, 136, 182, 121, 99, 100, 26, 19, 189, 94, 130, 12, 124, 111, 167, 87, 125, 74, 152, 97, 1, 101, 150, 120, 44, 82, 78, 31, 16, 88, 171, 13, 56, 188, 157, 168, 145, 179, 91, 196, 169, 174, 81, 187, 90, 107, 27, 71, 58, 164, 7, 95, 39, 165, 119, 40, 185, 8, 106, 178, 3, 32, 138, 14, 155, 144, 62, 9, 61, 15, 64, 114, 83, 23, 76, 89, 183, 153, 0, 170, 117, 93, 140, 36, 163, 67, 108, 69]","{'distance': {'initial': 23221, 'final': 23221}, 'objective': {'initial': 0, 'final': 7649}}",23221,23221,0,7649,30870,30870,23221,30870,0,23221,30870,200,TSPA
lab4,msls,85,2056187347,34989.868648,True,,"[110, 67, 162, 37, 134, 50, 173, 62, 127, 163, 198, 90, 9, 120, 119, 22, 94, 117, 194, 95, 23, 121, 189, 100, 115, 151, 196, 97, 197, 135, 49, 10, 178, 74, 179, 153, 60, 65, 195, 19, 81, 32, 96, 188, 126, 149, 7, 118, 86, 136, 193, 99, 190, 36, 103, 112, 160, 142, 73, 150, 137, 143, 48, 154, 93, 187, 140, 176, 84, 46, 17, 109, 183, 13, 25, 8, 87, 158, 79, 0, 169, 174, 165, 4, 55, 124, 26, 182, 139, 199, 164, 147, 53, 80, 78, 66, 111, 27, 161, 172, 110]","[110, 163, 69, 108, 67, 36, 140, 93, 117, 170, 0, 153, 183, 89, 76, 23, 186, 114, 64, 15, 61, 62, 9, 33, 37, 148, 111, 167, 128, 49, 32, 138, 8, 185, 40, 119, 165, 39, 95, 7, 164, 58, 71, 27, 107, 90, 187, 81, 174, 169, 196, 17, 157, 188, 56, 13, 31, 168, 145, 78, 25, 44, 120, 82, 2, 87, 125, 74, 152, 97, 1, 150, 101, 26, 100, 19, 124, 12, 130, 94, 189, 99, 121, 182, 136, 53, 158, 180, 173, 6, 194, 161, 162, 72, 59, 118, 109, 51, 66, 141, 60, 46, 198, 115, 96, 5, 116, 65, 47, 105, 77, 166, 28, 184, 11, 84, 4, 190, 10, 177, 104, 147, 54, 30, 48, 160, 192, 181, 103, 146, 195, 159, 193, 41, 191, 139, 110]","{'distance': {'initial': 20811, 'final': 20811}, 'objective': {'initial': 0, 'final': 7820}}",20811,20811,0,7820,28631,28631,20811,28631,0,20811,28631,200,TSPA
lab4,msls,85,7147683,35097.457326,True,,"[23, 169, 153, 117, 121, 184, 29, 124, 16, 149, 52, 116, 112, 74, 158, 6, 134, 180, 81, 103, 195, 46, 97, 75, 198, 126, 104, 64, 133, 186, 147, 73, 171, 61, 90, 173, 41, 76, 189, 108, 139, 152, 69, 37, 83, 123, 66, 194, 17, 50, 40, 95, 162, 67, 57, 141, 11, 114, 199, 148, 100, 113, 107, 163, 120, 21, 125, 39, 26, 89, 22, 164, 7, 8, 84, 24, 86, 196, 28, 181, 130, 182, 91, 4, 68, 105, 45, 190, 82, 188, 62, 48, 36, 1, 115, 142, 131, 111, 96, 0, 23]","[23, 76, 89, 183, 153, 0, 170, 117, 93, 140, 36, 67, 108, 69, 163, 142, 41, 193, 159, 195, 146, 103, 181, 192, 160, 48, 30, 54, 147, 104, 184, 28, 166, 11, 84, 4, 112, 126, 156, 29, 24, 149, 131, 77, 47, 65, 116, 105, 5, 96, 115, 198, 46, 60, 141, 66, 51, 109, 118, 59, 72, 162, 161, 194, 6, 173, 180, 158, 53, 136, 182, 121, 99, 189, 19, 100, 26, 97, 101, 150, 1, 152, 74, 125, 87, 2, 82, 120, 44, 25, 16, 88, 171, 113, 56, 13, 31, 168, 157, 17, 196, 169, 81, 187, 174, 90, 107, 27, 71, 58, 164, 7, 95, 39, 165, 8, 119, 40, 185, 106, 178, 3, 32, 138, 14, 155, 144, 102, 49, 128, 167, 111, 124, 94, 130, 12, 148, 37, 33, 9, 62, 61, 15, 64, 114, 186, 23]","{'distance': {'initial': 21962, 'final': 21962}, 'objective': {'initial': 0, 'final': 7933}}",21962,21962,0,7933,29895,29895,21962,29895,0,21962,29895,200,TSPA
lab4,msls,46,283351225,40232.486315,True,,"[89, 137, 92, 93, 80, 26, 172, 88, 145, 171, 85, 191, 62, 165, 118, 20, 136, 72, 22, 180, 117, 74, 168, 2, 75, 141, 138, 159, 45, 101, 134, 108, 153, 53, 181, 175, 189, 122, 124, 176, 183, 198, 97, 197, 120, 24, 112, 150, 57, 39, 104, 105, 190, 187, 40, 152, 174, 16, 133, 139, 195, 9, 162, 143, 154, 194, 115, 179, 86, 95, 77, 114, 116, 23, 123, 184, 41, 55, 102, 99, 78, 149, 28, 29, 119, 163, 177, 127, 44, 76, 5, 193, 30, 169, 147, 64, 66, 21, 71, 17, 89]","[89, 127, 165, 163, 186, 153, 81, 77, 58, 82, 87, 91, 79, 61, 7, 177, 123, 25, 171, 157, 104, 56, 8, 68, 111, 41, 37, 35, 109, 0, 12, 29, 39, 160, 33, 49, 11, 138, 182, 139, 2, 85, 74, 118, 98, 51, 120, 67, 71, 191, 90, 125, 131, 121, 112, 19, 151, 54, 31, 164, 73, 136, 45, 142, 78, 175, 162, 46, 80, 190, 105, 193, 117, 198, 30, 42, 156, 24, 1, 197, 16, 27, 38, 102, 63, 100, 17, 44, 133, 10, 178, 115, 147, 192, 150, 6, 188, 65, 169, 132, 126, 13, 145, 15, 161, 70, 3, 189, 167, 155, 184, 53, 152, 170, 34, 55, 174, 183, 9, 199, 140, 4, 149, 101, 28, 59, 20, 23, 60, 148, 47, 154, 94, 66, 57, 172, 52, 179, 22, 185, 95, 86, 110, 128, 62, 124, 106, 143, 159, 119, 129, 180, 176, 88, 194, 166, 48, 76, 75, 137, 114, 26, 103, 89]","{'distance': {'initial': 25020, 'final': 25020}, 'objective': {'initial': 0, 'final': 19605}}",25020,25020,0,19605,44625,44625,25020,44625,0,25020,44625,200,TSPB
lab4,msls,46,1172159315,40265.838377,True,,"[78, 40, 173, 61, 193, 86, 76, 134, 186, 103, 179, 89, 60, 20, 26, 44, 85, 141, 181, 166, 109, 182, 5, 123, 187, 137, 112, 2, 88, 189, 21, 183, 29, 45, 97, 197, 99, 12, 162, 124, 64, 119, 51, 8, 27, 63, 198, 48, 70, 108, 11, 171, 157, 13, 100, 98, 140, 52, 58, 82, 9, 66, 195, 169, 190, 79, 130, 113, 81, 75, 10, 32, 160, 39, 152, 43, 174, 106, 18, 53, 77, 28, 142, 7, 163, 120, 151, 37, 150, 57, 145, 71, 177, 33, 194, 55, 127, 138, 62, 23, 78]","[78, 7, 61, 79, 91, 141, 97, 77, 58, 87, 82, 68, 8, 104, 56, 144, 160, 39, 29, 12, 0, 109, 35, 37, 111, 41, 143, 159, 119, 153, 186, 163, 165, 127, 89, 103, 26, 180, 176, 88, 194, 166, 86, 110, 128, 124, 62, 18, 55, 174, 95, 130, 22, 179, 52, 172, 57, 66, 94, 154, 47, 148, 60, 23, 20, 59, 28, 101, 149, 4, 199, 140, 53, 184, 155, 167, 189, 3, 70, 161, 15, 145, 13, 126, 132, 169, 65, 188, 6, 150, 192, 147, 115, 178, 10, 133, 44, 17, 100, 63, 102, 38, 27, 16, 197, 1, 24, 156, 42, 30, 198, 117, 151, 19, 112, 121, 131, 125, 90, 191, 71, 67, 120, 51, 98, 85, 2, 139, 11, 49, 33, 138, 182, 157, 171, 177, 123, 5, 136, 73, 164, 31, 54, 193, 105, 190, 80, 46, 162, 45, 142, 175, 78]","{'distance': {'initial': 23342, 'final': 23342}, 'objective': {'initial': 0, 'final': 19338}}",23342,23342,0,19338,42680,42680,23342,42680,0,23342,42680,200,TSPB
lab4,msls,46,1475038901,42293.326866,True,,"[189, 107, 155, 158, 172, 66, 128, 23, 138, 115, 96, 54, 48, 169, 67, 153, 139, 30, 186, 106, 111, 63, 85, 17, 151, 147, 65, 84, 6, 11, 95, 165, 93, 101, 198, 25, 74, 42, 109, 137, 157, 117, 108, 116, 178, 90, 142, 31, 15, 195, 57, 7, 191, 154, 194, 44, 60, 174, 175, 49, 113, 68, 173, 170, 185, 39, 190, 92, 14, 79, 1, 61, 192, 177, 187, 167, 82, 148, 0, 183, 35, 27, 41, 100, 145, 24, 78, 104, 45, 114, 112, 88, 55, 21, 58, 2, 103, 130, 47, 34, 189]","[189, 69, 109, 35, 0, 12, 39, 29, 49, 33, 160, 144, 56, 104, 8, 68, 111, 41, 14, 81, 119, 159, 143, 106, 124, 128, 110, 62, 18, 55, 174, 183, 9, 199, 140, 4, 149, 101, 28, 59, 20, 23, 60, 148, 47, 154, 94, 66, 57, 172, 52, 179, 22, 185, 95, 86, 166, 194, 88, 176, 180, 26, 103, 89, 127, 165, 163, 186, 153, 97, 77, 58, 82, 87, 91, 79, 61, 7, 177, 171, 157, 138, 182, 11, 139, 2, 85, 74, 118, 98, 116, 121, 112, 19, 158, 25, 123, 5, 45, 142, 78, 175, 162, 46, 80, 190, 105, 136, 73, 164, 193, 31, 54, 151, 117, 198, 30, 42, 156, 24, 1, 197, 16, 27, 38, 102, 63, 100, 17, 44, 133, 10, 178, 191, 90, 125, 51, 120, 67, 71, 147, 192, 150, 6, 188, 65, 169, 132, 126, 13, 145, 15, 3, 161, 70, 84, 155, 184, 167, 189]","{'distance': {'initial': 23736, 'final': 23736}, 'objective': {'initial': 0, 'final': 19728}}",23736,23736,0,19728,43464,43464,23736,43464,0,23736,43464,200,TSPB
lab4,msls,46,1823955155,41385.186863,True,,"[38, 189, 92, 5, 109, 55, 10, 48, 101, 149, 59, 182, 161, 0, 28, 117, 12, 26, 128, 158, 159, 57, 188, 152, 66, 76, 180, 32, 30, 71, 11, 64, 130, 58, 37, 47, 112, 21, 196, 194, 98, 19, 165, 44, 177, 193, 41, 25, 198, 40, 89, 6, 60, 170, 131, 146, 70, 137, 83, 72, 82, 42, 123, 13, 14, 84, 77, 171, 52, 141, 74, 138, 155, 195, 45, 17, 8, 173, 124, 23, 175, 136, 160, 120, 106, 108, 3, 178, 190, 94, 169, 100, 126, 1, 150, 127, 111, 181, 122, 186, 38]","[38, 102, 63, 100, 17, 44, 133, 10, 178, 115, 147, 192, 150, 6, 188, 65, 169, 132, 126, 13, 145, 15, 161, 70, 3, 189, 167, 155, 184, 53, 4, 149, 101, 28, 59, 20, 23, 60, 148, 47, 154, 94, 66, 57, 172, 52, 179, 22, 185, 95, 9, 199, 140, 183, 174, 55, 18, 62, 124, 128, 110, 86, 166, 194, 88, 176, 180, 26, 103, 89, 127, 165, 163, 186, 153, 119, 159, 143, 41, 14, 50, 58, 77, 97, 141, 91, 79, 61, 21, 87, 82, 8, 104, 56, 144, 68, 111, 37, 35, 109, 0, 12, 29, 39, 160, 33, 49, 11, 138, 182, 139, 2, 85, 74, 118, 98, 51, 120, 67, 71, 191, 90, 125, 131, 121, 112, 19, 158, 25, 171, 123, 177, 7, 5, 78, 175, 142, 45, 162, 46, 80, 190, 105, 136, 73, 164, 31, 54, 151, 193, 117, 198, 30, 42, 156, 24, 1, 197, 16, 27, 38]","{'distance': {'initial': 24260, 'final': 24260}, 'objective': {'initial': 0, 'final': 19618}}",24260,24260,0,19618,43878,43878,24260,43878,0,24260,43878,200,TSPB
lab4,msls,46,803530986,40332.686486,True,,"[116, 163, 191, 67, 4, 114, 2, 162, 55, 90, 86, 27, 135, 33, 3, 123, 136, 94, 118, 199, 134, 124, 165, 112, 155, 102, 129, 29, 119, 51, 87, 149, 131, 56, 18, 101, 54, 168, 197, 32, 173, 49, 10, 171, 144, 46, 25, 88, 60, 140, 24, 143, 185, 157, 17, 57, 80, 9, 100, 139, 175, 122, 37, 154, 40, 85, 47, 16, 138, 145, 98, 6, 106, 151, 132, 177, 19, 78, 64, 68, 182, 82, 22, 50, 104, 130, 120, 5, 92, 35, 160, 42, 166, 14, 137, 91, 115, 77, 71, 23, 116]","[116, 98, 85, 2, 134, 192, 150, 6, 188, 65, 169, 132, 126, 13, 145, 15, 3, 161, 70, 84, 155, 184, 167, 189, 69, 109, 35, 0, 12, 39, 29, 49, 11, 139, 182, 138, 33, 160, 144, 56, 104, 157, 171, 8, 68, 111, 41, 119, 159, 143, 106, 124, 128, 62, 18, 55, 174, 183, 140, 4, 149, 101, 28, 59, 199, 9, 148, 47, 154, 94, 66, 57, 172, 52, 179, 22, 185, 95, 110, 86, 166, 194, 88, 176, 180, 26, 103, 114, 137, 127, 165, 89, 163, 186, 153, 81, 14, 50, 82, 87, 58, 77, 97, 141, 91, 79, 61, 7, 177, 123, 5, 45, 142, 78, 175, 162, 46, 80, 190, 105, 136, 73, 164, 31, 54, 193, 117, 198, 30, 42, 156, 24, 1, 197, 16, 27, 38, 102, 63, 100, 17, 44, 133, 10, 178, 90, 191, 71, 67, 120, 51, 125, 131, 151, 19, 112, 121, 116]","{'distance': {'initial': 24173, 'final': 24173}, 'objective': {'initial': 0, 'final': 19364}}",24173,24173,0,19364,43537,43537,24173,43537,0,24173,43537,200,TSPB
lab4,msls,46,1553997964,40626.421124,True,,"[46, 53, 156, 83, 88, 158, 58, 157, 178, 37, 52, 98, 159, 41, 11, 60, 102, 82, 165, 96, 118, 59, 20, 23, 101, 180, 127, 4, 48, 133, 176, 89, 155, 161, 62, 139, 51, 160, 123, 63, 181, 7, 195, 87, 136, 21, 168, 40, 93, 70, 166, 111, 106, 173, 174, 67, 121, 85, 163, 124, 148, 146, 68, 197, 47, 17, 32, 84, 25, 66, 179, 144, 113, 130, 167, 142, 172, 54, 2, 141, 154, 126, 76, 186, 190, 171, 9, 73, 129, 79, 188, 182, 140, 105, 6, 97, 16, 35, 187, 5, 46]","[46, 162, 45, 142, 175, 78, 5, 7, 177, 123, 25, 171, 157, 104, 56, 144, 160, 33, 138, 182, 139, 11, 49, 29, 39, 12, 0, 109, 35, 37, 41, 111, 68, 8, 87, 21, 61, 79, 91, 82, 58, 77, 97, 153, 186, 163, 89, 165, 127, 103, 26, 180, 176, 88, 194, 166, 86, 110, 128, 124, 62, 18, 55, 174, 183, 140, 199, 9, 95, 185, 22, 179, 52, 172, 57, 66, 94, 154, 47, 148, 60, 23, 20, 59, 28, 101, 149, 4, 53, 184, 167, 189, 155, 84, 70, 161, 3, 15, 145, 13, 126, 132, 169, 65, 188, 6, 150, 192, 85, 2, 74, 118, 98, 51, 120, 67, 71, 191, 90, 125, 116, 121, 131, 122, 133, 44, 17, 100, 63, 102, 38, 27, 16, 197, 1, 24, 156, 42, 30, 198, 117, 193, 151, 54, 31, 164, 73, 136, 105, 190, 80, 46]","{'distance': {'initial': 23053, 'final': 23053}, 'objective': {'initial': 0, 'final': 19201}}",23053,23053,0,19201,42254,42254,23053,42254,0,23053,42254,200,TSPB
lab4,msls,46,1607424188,41204.931417,True,,"[111, 136, 91, 115, 104, 34, 89, 76, 197, 183, 194, 148, 180, 117, 57, 62, 4, 107, 112, 178, 61, 167, 53, 190, 71, 131, 109, 173, 3, 28, 191, 0, 137, 70, 126, 64, 12, 6, 135, 163, 179, 120, 9, 18, 59, 168, 16, 139, 44, 86, 108, 83, 39, 155, 177, 51, 116, 48, 19, 124, 119, 146, 55, 165, 21, 60, 121, 142, 88, 199, 196, 94, 32, 24, 103, 29, 35, 157, 33, 80, 153, 43, 125, 72, 159, 84, 96, 81, 97, 132, 49, 100, 158, 99, 20, 92, 172, 192, 67, 66, 111]","[111, 68, 8, 56, 104, 171, 157, 182, 138, 33, 160, 49, 11, 139, 2, 43, 126, 13, 145, 15, 3, 70, 161, 132, 169, 65, 188, 6, 150, 192, 147, 71, 67, 120, 51, 98, 116, 121, 112, 19, 131, 125, 90, 191, 178, 10, 133, 44, 17, 100, 63, 96, 32, 102, 38, 27, 16, 197, 1, 24, 156, 42, 30, 198, 117, 151, 54, 31, 193, 164, 73, 136, 105, 190, 80, 46, 162, 45, 142, 175, 78, 5, 123, 177, 7, 61, 79, 91, 87, 82, 58, 77, 97, 153, 186, 163, 165, 127, 89, 103, 26, 180, 176, 88, 194, 166, 86, 110, 128, 124, 62, 18, 55, 174, 183, 140, 199, 9, 95, 185, 22, 179, 52, 172, 57, 66, 94, 154, 47, 148, 60, 23, 20, 59, 28, 101, 149, 4, 53, 184, 155, 167, 189, 69, 29, 39, 12, 0, 109, 35, 37, 41, 111]","{'distance': {'initial': 22893, 'final': 22893}, 'objective': {'initial': 0, 'final': 19560}}",22893,22893,0,19560,42453,42453,22893,42453,0,22893,42453,200,TSPB
lab4,msls,46,1118930418,40694.276811,True,,"[19, 142, 135, 108, 72, 51, 112, 60, 190, 193, 34, 116, 160, 83, 158, 89, 17, 13, 78, 154, 143, 148, 40, 133, 62, 105, 92, 120, 21, 168, 115, 65, 106, 41, 159, 176, 61, 76, 104, 27, 93, 179, 163, 49, 82, 29, 191, 140, 175, 63, 164, 23, 169, 182, 59, 94, 153, 170, 20, 113, 100, 167, 123, 101, 53, 46, 194, 99, 57, 145, 80, 109, 26, 174, 122, 47, 173, 22, 45, 74, 67, 138, 88, 119, 131, 71, 172, 118, 117, 55, 103, 3, 134, 8, 130, 1, 192, 5, 84, 189, 19]","[19, 112, 121, 116, 98, 51, 120, 67, 71, 147, 192, 150, 6, 188, 65, 169, 132, 161, 70, 3, 15, 145, 13, 126, 43, 2, 139, 182, 138, 11, 49, 33, 160, 39, 29, 12, 0, 35, 109, 69, 189, 167, 155, 184, 53, 174, 183, 140, 199, 4, 149, 101, 28, 59, 20, 23, 60, 148, 47, 154, 94, 66, 57, 172, 52, 179, 22, 130, 95, 181, 55, 18, 62, 124, 128, 110, 86, 166, 194, 88, 176, 180, 26, 103, 89, 127, 165, 163, 186, 153, 119, 159, 143, 41, 111, 68, 82, 58, 87, 8, 56, 104, 157, 171, 25, 123, 177, 7, 5, 45, 142, 78, 175, 162, 46, 80, 190, 105, 136, 73, 164, 193, 31, 54, 151, 117, 198, 30, 42, 156, 24, 1, 197, 16, 27, 38, 102, 63, 100, 17, 44, 133, 10, 178, 191, 90, 125, 131, 19]","{'distance': {'initial': 22317, 'final': 22317}, 'objective': {'initial': 0, 'final': 19378}}",22317,22317,0,19378,41695,41695,22317,41695,0,22317,41695,200,TSPB
lab4,msls,46,661499493,40586.354311,True,,"[4, 195, 88, 85, 48, 20, 47, 178, 97, 13, 87, 49, 66, 122, 168, 170, 199, 57, 182, 60, 99, 159, 148, 80, 73, 19, 68, 114, 184, 53, 188, 197, 162, 31, 164, 44, 95, 37, 101, 6, 58, 142, 126, 7, 128, 0, 21, 46, 83, 166, 38, 177, 137, 17, 156, 116, 10, 144, 93, 107, 2, 193, 23, 90, 34, 40, 160, 84, 189, 65, 36, 120, 100, 138, 140, 77, 129, 145, 111, 14, 110, 3, 132, 191, 187, 105, 106, 32, 151, 136, 28, 26, 35, 149, 71, 15, 61, 9, 56, 29, 4]","[4, 149, 101, 28, 59, 20, 23, 60, 148, 47, 154, 94, 66, 57, 172, 52, 179, 22, 185, 95, 174, 55, 18, 62, 124, 128, 110, 86, 166, 194, 88, 176, 180, 26, 103, 114, 137, 127, 165, 89, 163, 186, 153, 81, 14, 41, 111, 68, 8, 87, 82, 58, 77, 97, 141, 91, 79, 61, 7, 78, 175, 142, 45, 5, 123, 177, 171, 157, 104, 56, 144, 39, 12, 35, 109, 0, 29, 160, 33, 49, 11, 138, 182, 25, 158, 116, 121, 112, 19, 151, 54, 31, 164, 73, 136, 162, 46, 80, 190, 105, 193, 117, 198, 30, 42, 156, 24, 1, 197, 16, 27, 38, 102, 63, 100, 17, 44, 133, 10, 178, 191, 90, 125, 51, 98, 120, 67, 71, 147, 192, 150, 6, 188, 65, 169, 132, 126, 13, 145, 15, 3, 161, 70, 84, 155, 189, 167, 184, 53, 140, 199, 4]","{'distance': {'initial': 23143, 'final': 23143}, 'objective': {'initial': 0, 'final': 19336}}",23143,23143,0,19336,42479,42479,23143,42479,0,23143,42479,200,TSPB
lab4,msls,46,1313765164,39903.54139,True,,"[60, 70, 165, 185, 114, 6, 151, 25, 110, 143, 31, 50, 82, 157, 142, 195, 191, 179, 181, 131, 102, 81, 84, 7, 35, 127, 162, 138, 98, 194, 105, 94, 174, 119, 16, 89, 5, 154, 148, 107, 177, 146, 184, 132, 112, 22, 141, 97, 111, 58, 28, 80, 3, 125, 178, 51, 14, 26, 0, 155, 47, 49, 186, 86, 53, 196, 72, 24, 29, 95, 10, 120, 92, 17, 1, 173, 91, 33, 199, 59, 190, 123, 108, 129, 83, 139, 128, 164, 99, 122, 41, 147, 115, 117, 187, 90, 23, 79, 65, 4, 60]","[60, 148, 47, 154, 94, 66, 57, 172, 52, 179, 22, 185, 95, 110, 86, 166, 194, 88, 176, 180, 26, 103, 89, 127, 165, 163, 186, 153, 81, 77, 97, 141, 91, 79, 61, 7, 177, 123, 171, 25, 158, 116, 121, 112, 19, 151, 198, 30, 117, 54, 31, 73, 164, 193, 105, 136, 45, 142, 78, 175, 162, 46, 80, 190, 196, 42, 156, 24, 1, 197, 16, 27, 38, 102, 63, 100, 17, 44, 133, 10, 178, 90, 125, 191, 71, 67, 120, 51, 98, 118, 74, 2, 85, 192, 150, 6, 188, 65, 169, 132, 126, 13, 145, 15, 3, 161, 70, 84, 155, 184, 167, 189, 69, 109, 35, 0, 12, 29, 39, 160, 33, 49, 11, 139, 182, 138, 157, 104, 56, 144, 111, 68, 8, 87, 82, 58, 50, 14, 41, 119, 159, 143, 106, 124, 128, 62, 18, 55, 174, 183, 140, 199, 4, 149, 101, 28, 59, 20, 23, 60]","{'distance': {'initial': 24097, 'final': 24097}, 'objective': {'initial': 0, 'final': 19453}}",24097,24097,0,19453,43550,43550,24097,43550,0,24097,43550,200,TSPB
lab4,msls,46,2096555770,40183.487841,True,,"[120, 43, 79, 13, 5, 132, 178, 102, 127, 51, 135, 87, 68, 156, 151, 86, 27, 93, 108, 167, 35, 69, 134, 172, 37, 128, 150, 143, 84, 70, 188, 153, 24, 18, 92, 157, 49, 21, 133, 72, 47, 99, 4, 142, 7, 91, 60, 136, 63, 139, 174, 33, 71, 53, 75, 123, 62, 170, 32, 94, 182, 198, 131, 190, 155, 77, 180, 31, 118, 100, 36, 41, 171, 59, 12, 107, 199, 187, 44, 95, 117, 34, 177, 89, 122, 176, 154, 175, 46, 164, 166, 67, 40, 179, 61, 186, 145, 103, 115, 82, 120]","[120, 85, 2, 134, 192, 150, 6, 188, 65, 169, 132, 126, 13, 145, 15, 161, 70, 3, 84, 155, 184, 167, 189, 69, 109, 35, 0, 12, 29, 39, 160, 33, 49, 11, 139, 182, 138, 157, 171, 104, 56, 8, 68, 111, 41, 119, 159, 143, 106, 124, 128, 62, 18, 55, 174, 183, 140, 199, 4, 149, 101, 28, 59, 20, 23, 60, 148, 47, 154, 94, 66, 57, 172, 52, 179, 22, 185, 95, 110, 86, 166, 194, 88, 176, 180, 26, 103, 127, 165, 89, 163, 186, 153, 81, 77, 58, 82, 87, 91, 79, 61, 7, 177, 123, 25, 158, 116, 98, 51, 125, 131, 121, 112, 19, 151, 54, 31, 164, 73, 136, 45, 142, 78, 175, 162, 46, 80, 190, 105, 193, 117, 198, 30, 42, 156, 24, 1, 197, 16, 27, 38, 102, 63, 100, 17, 44, 133, 10, 178, 90, 191, 71, 67, 120]","{'distance': {'initial': 23334, 'final': 23334}, 'objective': {'initial': 0, 'final': 19536}}",23334,23334,0,19536,42870,42870,23334,42870,0,23334,42870,200,TSPB
lab4,msls,46,88374594,40734.8484,True,,"[60, 99, 66, 56, 154, 138, 3, 142, 49, 86, 62, 145, 14, 146, 83, 88, 149, 198, 163, 165, 175, 39, 179, 97, 192, 147, 15, 38, 55, 70, 65, 67, 129, 180, 148, 177, 170, 34, 61, 127, 167, 95, 52, 130, 89, 124, 105, 156, 186, 183, 1, 74, 33, 119, 101, 197, 118, 182, 136, 20, 114, 41, 108, 58, 29, 121, 191, 174, 36, 172, 181, 158, 153, 155, 135, 18, 173, 42, 120, 81, 22, 115, 111, 35, 48, 96, 188, 32, 106, 78, 193, 157, 189, 109, 26, 184, 23, 139, 164, 69, 60]","[60, 148, 47, 154, 94, 66, 57, 172, 52, 179, 22, 130, 95, 86, 166, 194, 88, 176, 180, 26, 103, 89, 114, 137, 127, 165, 163, 186, 153, 81, 77, 58, 82, 87, 91, 79, 61, 7, 5, 45, 142, 78, 175, 162, 46, 80, 190, 105, 136, 73, 164, 31, 54, 151, 193, 117, 198, 30, 42, 156, 24, 1, 197, 16, 27, 38, 102, 32, 96, 63, 100, 17, 44, 133, 10, 178, 115, 147, 192, 150, 71, 67, 120, 191, 90, 125, 51, 98, 116, 121, 112, 19, 158, 25, 123, 177, 171, 157, 104, 56, 8, 68, 111, 41, 37, 35, 109, 0, 12, 29, 39, 160, 33, 49, 11, 138, 182, 139, 2, 85, 6, 188, 65, 169, 132, 126, 13, 145, 15, 161, 70, 3, 189, 167, 155, 184, 53, 152, 170, 34, 55, 18, 62, 124, 128, 110, 181, 174, 183, 140, 199, 4, 149, 101, 28, 59, 20, 23, 60]","{'distance': {'initial': 23872, 'final': 23872}, 'objective': {'initial': 0, 'final': 19214}}",23872,23872,0,19214,43086,43086,23872,43086,0,23872,43086,200,TSPB
lab4,msls,46,938432605,40306.066461,True,,"[55, 164, 150, 141, 123, 3, 97, 0, 56, 77, 188, 19, 192, 27, 51, 179, 174, 127, 135, 59, 176, 180, 162, 121, 53, 194, 122, 109, 68, 112, 95, 103, 132, 184, 195, 147, 44, 158, 62, 145, 142, 37, 6, 69, 157, 24, 159, 131, 58, 93, 23, 116, 90, 146, 139, 94, 88, 100, 48, 165, 96, 175, 156, 119, 172, 41, 54, 153, 82, 190, 5, 76, 42, 30, 143, 10, 86, 110, 35, 191, 128, 198, 160, 74, 152, 46, 36, 9, 67, 104, 32, 50, 171, 28, 11, 183, 61, 84, 134, 197, 55]","[55, 34, 170, 152, 53, 174, 183, 9, 199, 140, 4, 149, 101, 28, 59, 20, 23, 60, 148, 47, 154, 94, 66, 57, 172, 52, 179, 22, 185, 95, 110, 86, 166, 194, 88, 176, 180, 26, 103, 89, 127, 165, 163, 186, 153, 119, 41, 111, 68, 8, 87, 82, 58, 77, 97, 141, 91, 79, 61, 7, 142, 78, 175, 46, 162, 45, 5, 123, 177, 171, 157, 104, 56, 144, 160, 33, 49, 11, 138, 182, 139, 2, 85, 74, 118, 98, 51, 120, 67, 71, 191, 90, 125, 131, 121, 112, 19, 151, 54, 73, 164, 31, 193, 117, 198, 30, 42, 156, 24, 1, 197, 16, 27, 38, 102, 32, 96, 63, 100, 17, 44, 133, 10, 178, 115, 147, 192, 150, 6, 188, 65, 169, 132, 126, 13, 145, 15, 161, 70, 3, 189, 167, 69, 109, 35, 0, 29, 39, 12, 37, 143, 159, 106, 124, 128, 62, 18, 55]","{'distance': {'initial': 23606, 'final': 23606}, 'objective': {'initial': 0, 'final': 19185}}",23606,23606,0,19185,42791,42791,23606,42791,0,23606,42791,200,TSPB
lab4,msls,46,20218822,40599.096571,True,,"[104, 160, 111, 153, 134, 60, 102, 29, 187, 166, 101, 27, 32, 98, 105, 2, 21, 155, 106, 176, 41, 126, 189, 33, 50, 54, 93, 62, 181, 37, 143, 137, 82, 117, 191, 127, 167, 77, 30, 58, 131, 59, 61, 108, 17, 193, 100, 180, 197, 4, 139, 136, 57, 1, 151, 177, 75, 12, 72, 121, 18, 28, 154, 51, 63, 45, 85, 135, 173, 56, 145, 38, 146, 20, 49, 170, 78, 91, 113, 150, 53, 83, 162, 52, 9, 22, 148, 163, 156, 86, 164, 172, 7, 84, 97, 112, 68, 81, 23, 94, 104]","[104, 8, 87, 21, 61, 79, 91, 141, 97, 77, 58, 82, 68, 111, 41, 37, 35, 0, 12, 39, 29, 109, 69, 189, 167, 34, 55, 18, 62, 128, 124, 106, 143, 159, 119, 153, 186, 163, 165, 127, 89, 103, 26, 180, 176, 88, 194, 166, 86, 110, 95, 185, 22, 179, 52, 172, 57, 66, 94, 154, 47, 148, 60, 23, 20, 59, 28, 101, 149, 4, 199, 140, 183, 174, 53, 184, 155, 84, 70, 161, 3, 15, 145, 13, 126, 132, 169, 65, 188, 6, 150, 192, 147, 71, 67, 120, 125, 90, 191, 178, 10, 133, 44, 17, 100, 63, 102, 38, 27, 16, 197, 1, 24, 156, 42, 30, 198, 117, 193, 31, 164, 105, 190, 80, 46, 162, 175, 78, 142, 7, 177, 171, 25, 123, 5, 45, 136, 73, 54, 151, 19, 112, 121, 116, 51, 98, 85, 2, 139, 182, 138, 11, 49, 33, 160, 144, 56, 104]","{'distance': {'initial': 24331, 'final': 24331}, 'objective': {'initial': 0, 'final': 19292}}",24331,24331,0,19292,43623,43623,24331,43623,0,24331,43623,200,TSPB
lab4,msls,46,1525404135,40234.137822,True,,"[56, 155, 127, 74, 41, 153, 123, 23, 184, 79, 188, 92, 148, 183, 15, 187, 134, 50, 101, 69, 42, 93, 38, 115, 80, 46, 26, 68, 67, 57, 174, 84, 17, 29, 114, 143, 9, 73, 60, 135, 154, 168, 91, 149, 106, 98, 132, 141, 52, 198, 171, 158, 63, 136, 40, 119, 6, 140, 11, 10, 146, 37, 179, 147, 164, 199, 51, 61, 66, 172, 144, 178, 195, 70, 94, 116, 165, 124, 55, 110, 13, 16, 75, 0, 25, 77, 76, 176, 53, 194, 181, 95, 156, 100, 4, 142, 177, 82, 39, 185, 56]","[56, 104, 171, 157, 182, 138, 33, 160, 49, 11, 139, 2, 85, 98, 51, 120, 67, 71, 191, 90, 125, 131, 121, 116, 158, 25, 123, 177, 7, 5, 45, 142, 78, 175, 162, 46, 80, 190, 105, 136, 73, 164, 193, 31, 54, 151, 117, 198, 30, 42, 156, 24, 1, 197, 16, 27, 38, 102, 63, 100, 17, 44, 133, 10, 178, 115, 147, 192, 150, 6, 188, 65, 169, 132, 126, 13, 145, 15, 3, 161, 70, 84, 155, 184, 167, 189, 69, 109, 35, 0, 29, 39, 12, 37, 143, 159, 119, 106, 124, 128, 62, 18, 55, 174, 183, 140, 199, 4, 149, 101, 28, 59, 20, 23, 60, 148, 47, 154, 94, 66, 57, 172, 52, 179, 22, 185, 95, 110, 86, 166, 194, 88, 176, 180, 26, 103, 114, 137, 127, 165, 89, 163, 186, 153, 81, 14, 41, 111, 50, 58, 77, 97, 141, 91, 79, 61, 21, 87, 82, 8, 68, 144, 56]","{'distance': {'initial': 24695, 'final': 24695}, 'objective': {'initial': 0, 'final': 19586}}",24695,24695,0,19586,44281,44281,24695,44281,0,24695,44281,200,TSPB
lab4,msls,46,323300637,40304.655977,True,,"[164, 136, 151, 157, 188, 132, 84, 117, 185, 120, 50, 95, 98, 89, 49, 26, 43, 176, 100, 180, 102, 191, 34, 48, 166, 158, 30, 112, 85, 65, 86, 73, 137, 42, 1, 94, 7, 169, 25, 57, 127, 106, 72, 142, 123, 22, 182, 75, 71, 40, 6, 79, 92, 144, 45, 190, 103, 3, 165, 23, 33, 115, 0, 170, 74, 147, 59, 104, 16, 38, 159, 111, 60, 46, 160, 18, 162, 118, 62, 139, 93, 8, 189, 64, 195, 193, 135, 68, 181, 32, 130, 105, 39, 28, 109, 4, 82, 161, 81, 63, 164]","[164, 73, 136, 105, 190, 80, 46, 162, 45, 142, 175, 78, 5, 123, 177, 7, 61, 79, 91, 87, 82, 58, 77, 81, 153, 186, 163, 165, 127, 89, 103, 26, 180, 176, 88, 194, 166, 86, 110, 95, 130, 22, 179, 52, 172, 57, 66, 94, 154, 47, 148, 60, 23, 20, 59, 28, 101, 149, 4, 199, 140, 183, 174, 53, 152, 170, 34, 55, 18, 62, 128, 124, 106, 143, 159, 119, 41, 111, 68, 8, 104, 56, 144, 33, 49, 160, 39, 29, 12, 0, 35, 109, 69, 167, 189, 3, 70, 161, 15, 145, 195, 126, 13, 132, 169, 65, 188, 6, 150, 192, 147, 115, 178, 10, 133, 44, 17, 100, 63, 102, 38, 27, 16, 42, 156, 24, 197, 1, 131, 125, 90, 191, 71, 67, 120, 51, 98, 118, 74, 85, 2, 139, 11, 182, 138, 157, 171, 25, 158, 116, 121, 112, 19, 151, 198, 30, 117, 193, 54, 31, 164]","{'distance': {'initial': 23946, 'final': 23946}, 'objective': {'initial': 0, 'final': 19631}}",23946,23946,0,19631,43577,43577,23946,43577,0,23946,43577,200,TSPB
lab4,msls,46,488251362,40318.615542,True,,"[1, 103, 23, 117, 184, 79, 157, 151, 155, 104, 9, 51, 15, 162, 47, 169, 55, 42, 32, 24, 69, 132, 120, 21, 197, 7, 178, 90, 16, 46, 176, 18, 116, 37, 107, 199, 52, 159, 44, 17, 101, 140, 198, 39, 115, 134, 138, 72, 0, 53, 12, 127, 100, 146, 76, 182, 91, 128, 154, 179, 119, 166, 35, 95, 70, 78, 156, 114, 4, 133, 152, 150, 26, 28, 84, 170, 41, 121, 145, 175, 54, 174, 131, 92, 153, 161, 147, 45, 136, 158, 189, 81, 22, 143, 11, 111, 10, 97, 96, 77, 1]","[1, 24, 156, 42, 30, 198, 117, 151, 54, 31, 193, 164, 73, 136, 105, 190, 80, 46, 162, 45, 142, 175, 78, 5, 123, 177, 7, 61, 79, 91, 87, 8, 104, 56, 144, 68, 82, 58, 77, 81, 153, 186, 163, 165, 127, 89, 103, 26, 180, 176, 88, 194, 166, 86, 110, 95, 185, 22, 179, 52, 172, 57, 66, 94, 154, 47, 148, 60, 23, 20, 59, 28, 101, 149, 4, 140, 199, 9, 183, 174, 55, 18, 62, 128, 124, 106, 143, 159, 119, 41, 111, 37, 35, 109, 0, 12, 39, 29, 69, 189, 167, 184, 155, 84, 70, 161, 3, 15, 145, 13, 126, 132, 169, 65, 188, 6, 150, 192, 85, 2, 139, 11, 49, 160, 33, 138, 182, 157, 171, 25, 158, 19, 112, 121, 116, 98, 51, 125, 90, 191, 178, 10, 133, 44, 17, 100, 63, 102, 38, 27, 16, 197, 1]","{'distance': {'initial': 23282, 'final': 23282}, 'objective': {'initial': 0, 'final': 19475}}",23282,23282,0,19475,42757,42757,23282,42757,0,23282,42757,200,TSPB
lab4,msls,46,584426219,39711.746312,True,,"[119, 72, 137, 176, 32, 41, 128, 101, 118, 4, 111, 110, 143, 165, 105, 190, 9, 151, 129, 116, 43, 158, 135, 109, 198, 34, 82, 125, 53, 191, 147, 107, 186, 78, 17, 21, 76, 27, 66, 172, 169, 36, 106, 65, 11, 56, 77, 148, 114, 140, 2, 59, 85, 136, 160, 47, 89, 7, 134, 174, 33, 88, 146, 23, 166, 40, 61, 24, 14, 194, 96, 133, 6, 80, 69, 45, 10, 189, 90, 64, 126, 100, 150, 141, 91, 127, 97, 145, 131, 30, 0, 170, 58, 25, 5, 63, 142, 83, 74, 92, 119]","[119, 159, 143, 106, 124, 128, 62, 18, 55, 34, 69, 29, 39, 12, 0, 109, 35, 37, 41, 111, 144, 160, 33, 49, 11, 139, 182, 138, 157, 104, 56, 8, 68, 82, 58, 77, 97, 141, 91, 79, 61, 21, 87, 171, 25, 123, 177, 7, 5, 78, 175, 142, 45, 162, 46, 80, 190, 105, 136, 73, 164, 193, 31, 54, 151, 19, 112, 121, 131, 117, 198, 30, 42, 156, 24, 1, 197, 16, 27, 38, 102, 32, 96, 63, 100, 17, 44, 133, 10, 178, 191, 90, 125, 51, 98, 118, 74, 2, 85, 192, 150, 6, 188, 65, 169, 132, 126, 13, 145, 15, 161, 70, 3, 189, 167, 155, 184, 53, 174, 183, 140, 199, 4, 149, 101, 28, 59, 20, 23, 60, 148, 47, 154, 94, 66, 57, 172, 52, 179, 22, 185, 95, 110, 86, 166, 194, 88, 176, 180, 26, 103, 89, 127, 165, 163, 186, 153, 119]","{'distance': {'initial': 24232, 'final': 24232}, 'objective': {'initial': 0, 'final': 19336}}",24232,24232,0,19336,43568,43568,24232,43568,0,24232,43568,200,TSPB
lab4,msls,46,444380405,40235.567423,True,,"[160, 35, 10, 169, 193, 194, 71, 141, 18, 20, 172, 26, 50, 192, 111, 57, 87, 197, 115, 183, 85, 75, 167, 33, 112, 130, 49, 14, 102, 124, 83, 45, 0, 76, 163, 156, 187, 153, 181, 40, 189, 176, 103, 2, 28, 144, 171, 51, 66, 69, 39, 138, 70, 179, 110, 104, 150, 117, 177, 86, 175, 121, 82, 119, 155, 151, 164, 44, 113, 98, 147, 54, 60, 62, 88, 91, 3, 188, 184, 100, 80, 9, 47, 191, 73, 65, 168, 154, 25, 36, 43, 48, 152, 77, 107, 38, 128, 140, 16, 6, 160]","[160, 33, 49, 11, 138, 182, 139, 2, 85, 98, 51, 191, 90, 125, 131, 121, 112, 19, 158, 25, 123, 177, 7, 5, 78, 175, 142, 45, 162, 46, 80, 190, 105, 136, 73, 164, 193, 31, 54, 151, 117, 198, 30, 42, 156, 24, 1, 197, 16, 27, 38, 102, 63, 100, 17, 44, 133, 10, 178, 71, 67, 147, 192, 150, 6, 188, 65, 169, 132, 126, 13, 161, 70, 3, 15, 145, 189, 167, 155, 184, 53, 140, 199, 4, 149, 101, 28, 59, 20, 23, 60, 148, 47, 154, 94, 66, 57, 172, 52, 179, 22, 185, 95, 174, 55, 18, 62, 124, 128, 110, 86, 166, 194, 88, 176, 180, 26, 103, 89, 127, 165, 163, 186, 153, 119, 159, 143, 41, 37, 35, 109, 0, 12, 29, 39, 111, 68, 8, 82, 58, 77, 97, 141, 91, 79, 61, 21, 87, 171, 157, 104, 56, 144, 160]","{'distance': {'initial': 23776, 'final': 23776}, 'objective': {'initial': 0, 'final': 19445}}",23776,23776,0,19445,43221,43221,23776,43221,0,23776,43221,200,TSPB
lab4,msls,46,357662241,41975.93112,True,,"[20, 81, 4, 6, 103, 185, 53, 95, 59, 17, 50, 33, 94, 79, 118, 171, 165, 3, 88, 16, 163, 136, 115, 49, 129, 51, 143, 10, 192, 119, 84, 188, 61, 124, 57, 130, 181, 87, 69, 156, 151, 52, 31, 102, 39, 154, 90, 30, 146, 78, 198, 112, 62, 19, 111, 74, 22, 175, 27, 125, 189, 147, 77, 167, 99, 149, 107, 153, 101, 46, 58, 141, 105, 166, 123, 1, 172, 7, 133, 76, 197, 18, 65, 25, 144, 98, 173, 121, 32, 71, 174, 164, 24, 126, 40, 21, 14, 80, 92, 187, 20]","[20, 59, 28, 101, 149, 4, 199, 140, 53, 184, 155, 167, 189, 3, 70, 161, 15, 145, 13, 126, 132, 169, 65, 188, 6, 150, 192, 147, 71, 67, 120, 98, 51, 125, 90, 191, 178, 10, 133, 44, 17, 100, 63, 102, 38, 27, 16, 197, 1, 24, 156, 42, 30, 198, 117, 193, 164, 31, 54, 151, 131, 121, 112, 19, 73, 136, 105, 190, 80, 46, 162, 175, 78, 142, 45, 5, 123, 177, 7, 61, 79, 91, 141, 97, 77, 58, 82, 87, 8, 68, 144, 56, 104, 157, 171, 25, 182, 138, 11, 49, 33, 160, 39, 29, 12, 0, 109, 35, 37, 111, 41, 143, 159, 119, 153, 186, 163, 165, 127, 89, 103, 26, 180, 176, 88, 194, 166, 86, 110, 128, 124, 62, 18, 55, 174, 95, 130, 22, 179, 52, 172, 57, 66, 94, 154, 47, 148, 20]","{'distance': {'initial': 22635, 'final': 22635}, 'objective': {'initial': 0, 'final': 19332}}",22635,22635,0,19332,41967,41967,22635,41967,0,22635,41967,200,TSPB
lab4,ils,85,668058399,37932.016209,True,,"[85, 13, 31, 157, 168, 78, 145, 179, 91, 169, 196, 81, 187, 174, 40, 119, 185, 8, 165, 39, 90, 107, 27, 71, 58, 164, 7, 21, 132, 144, 155, 49, 102, 62, 9, 61, 15, 64, 114, 186, 23, 76, 89, 183, 143, 170, 0, 117, 93, 140, 36, 163, 67, 108, 69, 18, 199, 22, 146, 103, 195, 159, 193, 41, 191, 110, 139, 198, 46, 60, 118, 109, 51, 72, 59, 65, 116, 105, 77, 166, 28, 192, 160, 48, 30, 54, 147, 104, 177, 10, 190, 184, 11, 84, 4, 112, 126, 156, 29, 24, 161, 194, 6, 173, 180, 158, 53, 136, 182, 121, 99, 100, 26, 101, 150, 1, 97, 19, 189, 94, 130, 12, 124, 111, 167, 152, 74, 125, 87, 2, 82, 120, 44, 25, 16, 88, 171, 113, 56, 188, 85]","[85, 188, 157, 168, 78, 145, 179, 91, 169, 196, 81, 187, 174, 90, 107, 27, 71, 58, 164, 7, 95, 39, 165, 8, 119, 40, 185, 106, 178, 3, 32, 138, 49, 102, 155, 144, 61, 62, 9, 15, 64, 114, 186, 23, 76, 89, 183, 153, 0, 170, 117, 93, 140, 36, 163, 67, 108, 69, 18, 20, 22, 146, 103, 195, 159, 193, 41, 191, 110, 139, 198, 46, 60, 141, 66, 51, 109, 72, 118, 59, 65, 116, 105, 77, 166, 11, 184, 28, 192, 160, 48, 30, 54, 147, 104, 177, 10, 190, 4, 112, 126, 156, 29, 24, 161, 194, 6, 173, 180, 158, 53, 136, 182, 121, 99, 100, 26, 101, 150, 1, 97, 19, 189, 94, 130, 12, 124, 111, 167, 152, 74, 125, 87, 2, 82, 120, 44, 25, 16, 88, 171, 113, 56, 13, 31, 85]","{'distance': {'initial': 22250, 'final': 22498}, 'objective': {'initial': 0, 'final': 8268}}",22250,22498,0,8268,29695,30766,22250,29695,0,22498,30766,2974,TSPA
lab4,lns,85,668058399,37932.338271,True,,"[85, 13, 31, 157, 168, 78, 145, 179, 91, 169, 196, 81, 187, 174, 40, 119, 185, 8, 165, 39, 90, 107, 27, 71, 58, 164, 7, 21, 132, 144, 155, 49, 102, 62, 9, 61, 15, 64, 114, 186, 23, 76, 89, 183, 143, 170, 0, 117, 93, 140, 36, 163, 67, 108, 69, 18, 199, 22, 146, 103, 195, 159, 193, 41, 191, 110, 139, 198, 46, 60, 118, 109, 51, 72, 59, 65, 116, 105, 77, 166, 28, 192, 160, 48, 30, 54, 147, 104, 177, 10, 190, 184, 11, 84, 4, 112, 126, 156, 29, 24, 161, 194, 6, 173, 180, 158, 53, 136, 182, 121, 99, 100, 26, 101, 150, 1, 97, 19, 189, 94, 130, 12, 124, 111, 167, 152, 74, 125, 87, 2, 82, 120, 44, 25, 16, 88, 171, 113, 56, 188, 85]","[85, 13, 31, 157, 168, 78, 145, 179, 91, 169, 196, 81, 187, 174, 90, 107, 27, 71, 58, 164, 7, 95, 39, 165, 8, 119, 40, 185, 106, 178, 3, 32, 138, 14, 155, 144, 102, 49, 128, 167, 111, 124, 94, 130, 12, 148, 37, 33, 9, 62, 61, 15, 64, 114, 186, 23, 76, 89, 183, 153, 0, 170, 117, 93, 140, 36, 67, 108, 69, 163, 110, 191, 139, 198, 46, 115, 96, 41, 193, 159, 22, 146, 103, 181, 192, 160, 48, 30, 54, 147, 104, 177, 10, 190, 184, 28, 166, 11, 84, 4, 112, 126, 156, 29, 24, 149, 131, 77, 105, 116, 65, 59, 118, 60, 141, 66, 51, 109, 72, 162, 161, 194, 6, 173, 180, 158, 53, 136, 182, 121, 99, 189, 19, 100, 26, 101, 150, 1, 97, 152, 74, 125, 87, 2, 82, 120, 44, 25, 16, 88, 171, 113, 56, 188, 85]","{'distance': {'initial': 22250, 'final': 23226}, 'objective': {'initial': 0, 'final': 8485}}",22250,23226,0,8485,29695,31711,22250,29695,0,23226,31711,8009,TSPA
lab4,ils,85,1130317502,37931.535806,True,,"[85, 56, 13, 31, 168, 78, 145, 91, 179, 92, 82, 44, 120, 2, 87, 125, 74, 152, 97, 1, 150, 101, 26, 100, 19, 189, 99, 121, 182, 136, 53, 158, 180, 173, 6, 194, 161, 24, 29, 156, 126, 112, 4, 84, 11, 166, 28, 184, 104, 147, 54, 30, 48, 160, 192, 181, 103, 146, 195, 159, 193, 41, 142, 163, 69, 108, 67, 36, 140, 93, 68, 110, 191, 139, 198, 46, 60, 118, 59, 72, 109, 51, 141, 66, 176, 137, 23, 186, 114, 64, 15, 148, 37, 33, 9, 62, 61, 144, 155, 102, 49, 178, 3, 32, 138, 8, 165, 39, 27, 107, 90, 187, 81, 174, 40, 119, 185, 169, 196, 17, 157, 188, 85]","[85, 56, 13, 31, 168, 78, 145, 91, 179, 92, 82, 44, 120, 2, 87, 125, 74, 152, 97, 1, 150, 101, 26, 100, 19, 189, 99, 121, 182, 136, 53, 158, 180, 173, 6, 194, 161, 162, 47, 65, 116, 105, 77, 131, 149, 24, 29, 156, 126, 112, 4, 84, 11, 166, 28, 184, 104, 147, 54, 30, 48, 160, 192, 181, 103, 146, 195, 159, 193, 41, 142, 163, 69, 108, 67, 36, 140, 93, 68, 110, 191, 139, 198, 46, 60, 118, 59, 72, 109, 51, 141, 66, 176, 137, 23, 186, 114, 64, 15, 9, 62, 61, 144, 155, 102, 49, 138, 32, 3, 178, 106, 185, 40, 119, 8, 165, 39, 27, 107, 90, 174, 187, 81, 169, 196, 17, 157, 188, 85]","{'distance': {'initial': 18943, 'final': 19397}, 'objective': {'initial': 0, 'final': 7542}}",18943,19397,0,7542,25929,26939,18943,25929,0,19397,26939,3439,TSPA
lab4,lns,85,1130317502,37929.996795,True,,"[85, 56, 13, 31, 168, 78, 145, 91, 179, 92, 82, 44, 120, 2, 87, 125, 74, 152, 97, 1, 150, 101, 26, 100, 19, 189, 99, 121, 182, 136, 53, 158, 180, 173, 6, 194, 161, 24, 29, 156, 126, 112, 4, 84, 11, 166, 28, 184, 104, 147, 54, 30, 48, 160, 192, 181, 103, 146, 195, 159, 193, 41, 142, 163, 69, 108, 67, 36, 140, 93, 68, 110, 191, 139, 198, 46, 60, 118, 59, 72, 109, 51, 141, 66, 176, 137, 23, 186, 114, 64, 15, 148, 37, 33, 9, 62, 61, 144, 155, 102, 49, 178, 3, 32, 138, 8, 165, 39, 27, 107, 90, 187, 81, 174, 40, 119, 185, 169, 196, 17, 157, 188, 85]","[85, 56, 13, 31, 168, 91, 179, 145, 78, 25, 44, 120, 82, 2, 87, 125, 74, 152, 97, 1, 150, 101, 26, 100, 19, 189, 99, 121, 182, 136, 53, 158, 180, 173, 6, 194, 161, 24, 29, 156, 126, 112, 4, 84, 11, 166, 28, 184, 104, 147, 54, 30, 48, 160, 192, 181, 103, 146, 195, 159, 193, 41, 191, 139, 110, 163, 69, 108, 67, 36, 140, 93, 68, 46, 60, 118, 59, 72, 109, 51, 141, 66, 176, 137, 23, 186, 114, 64, 15, 148, 37, 33, 9, 62, 61, 144, 155, 102, 49, 138, 32, 3, 178, 106, 185, 40, 119, 8, 165, 39, 27, 107, 90, 174, 187, 81, 169, 196, 17, 157, 188, 85]","{'distance': {'initial': 18943, 'final': 18460}, 'objective': {'initial': 0, 'final': 7285}}",18943,18460,0,7285,25929,25745,18943,25929,0,18460,25745,14037,TSPA
lab4,ils,85,1612545282,37939.827747,True,,"[85, 188, 157, 17, 196, 169, 81, 187, 174, 90, 107, 27, 39, 165, 119, 40, 185, 8, 138, 32, 3, 178, 49, 102, 155, 144, 62, 9, 61, 64, 114, 15, 148, 37, 33, 167, 111, 124, 94, 130, 12, 176, 66, 141, 60, 109, 51, 72, 118, 59, 149, 131, 166, 11, 184, 28, 77, 105, 47, 65, 116, 5, 96, 115, 198, 46, 0, 170, 117, 93, 140, 68, 110, 139, 191, 41, 193, 159, 195, 146, 103, 181, 192, 160, 48, 30, 54, 147, 104, 177, 10, 190, 4, 112, 126, 156, 29, 127, 70, 6, 194, 161, 162, 133, 173, 180, 158, 53, 136, 182, 121, 99, 189, 19, 100, 26, 101, 150, 1, 97, 152, 74, 125, 87, 2, 120, 44, 82, 92, 179, 91, 145, 78, 168, 31, 13, 56, 85]","[85, 188, 157, 17, 196, 169, 81, 187, 174, 90, 107, 27, 71, 58, 164, 7, 95, 39, 165, 8, 119, 40, 185, 106, 178, 3, 32, 138, 49, 102, 155, 144, 61, 62, 9, 33, 37, 148, 167, 111, 124, 94, 130, 12, 176, 66, 141, 51, 109, 60, 118, 59, 72, 162, 161, 24, 149, 131, 47, 65, 116, 105, 77, 166, 11, 184, 28, 42, 5, 96, 115, 198, 46, 68, 93, 140, 36, 67, 108, 69, 163, 110, 139, 191, 41, 193, 159, 195, 146, 103, 181, 192, 160, 48, 30, 54, 147, 104, 177, 10, 190, 4, 112, 126, 156, 29, 127, 194, 6, 173, 180, 158, 53, 136, 182, 121, 99, 189, 19, 100, 26, 101, 150, 1, 97, 152, 74, 125, 87, 2, 82, 120, 44, 25, 78, 145, 179, 91, 168, 31, 13, 56, 85]","{'distance': {'initial': 21883, 'final': 21294}, 'objective': {'initial': 0, 'final': 8223}}",21883,21294,0,8223,28779,29517,21883,28779,0,21294,29517,3028,TSPA
lab4,lns,85,1612545282,37930.461892,True,,"[85, 188, 157, 17, 196, 169, 81, 187, 174, 90, 107, 27, 39, 165, 119, 40, 185, 8, 138, 32, 3, 178, 49, 102, 155, 144, 62, 9, 61, 64, 114, 15, 148, 37, 33, 167, 111, 124, 94, 130, 12, 176, 66, 141, 60, 109, 51, 72, 118, 59, 149, 131, 166, 11, 184, 28, 77, 105, 47, 65, 116, 5, 96, 115, 198, 46, 0, 170, 117, 93, 140, 68, 110, 139, 191, 41, 193, 159, 195, 146, 103, 181, 192, 160, 48, 30, 54, 147, 104, 177, 10, 190, 4, 112, 126, 156, 29, 127, 70, 6, 194, 161, 162, 133, 173, 180, 158, 53, 136, 182, 121, 99, 189, 19, 100, 26, 101, 150, 1, 97, 152, 74, 125, 87, 2, 120, 44, 82, 92, 179, 91, 145, 78, 168, 31, 13, 56, 85]","[85, 188, 157, 17, 196, 169, 81, 187, 174, 90, 107, 27, 39, 165, 8, 119, 40, 185, 106, 178, 3, 32, 138, 14, 155, 144, 102, 49, 128, 167, 111, 124, 94, 130, 12, 148, 37, 33, 9, 62, 61, 15, 64, 114, 186, 23, 76, 89, 183, 153, 0, 170, 117, 93, 140, 36, 67, 108, 69, 163, 110, 191, 139, 68, 46, 198, 115, 96, 41, 193, 159, 22, 146, 103, 181, 192, 160, 48, 30, 54, 147, 104, 177, 10, 190, 4, 112, 126, 156, 29, 24, 149, 131, 11, 184, 28, 166, 77, 105, 116, 65, 59, 118, 60, 141, 66, 51, 109, 72, 162, 161, 194, 6, 173, 180, 158, 53, 136, 182, 121, 99, 189, 19, 100, 26, 101, 150, 1, 97, 152, 74, 125, 87, 2, 82, 120, 44, 25, 78, 145, 179, 91, 168, 31, 13, 56, 85]","{'distance': {'initial': 21883, 'final': 22179}, 'objective': {'initial': 0, 'final': 8227}}",21883,22179,0,8227,28779,30406,21883,28779,0,22179,30406,9807,TSPA
lab4,ils,85,1183913513,37936.874717,True,,"[85, 188, 56, 13, 171, 88, 16, 25, 44, 120, 82, 2, 87, 125, 74, 152, 97, 1, 150, 101, 26, 100, 53, 158, 180, 173, 6, 70, 127, 123, 24, 35, 11, 166, 28, 184, 84, 4, 190, 10, 177, 104, 147, 54, 30, 48, 160, 192, 181, 159, 199, 18, 69, 108, 67, 163, 36, 140, 93, 68, 46, 198, 139, 110, 191, 193, 41, 96, 5, 42, 43, 77, 105, 116, 65, 59, 118, 60, 141, 66, 51, 109, 72, 162, 161, 133, 63, 136, 182, 121, 99, 189, 19, 94, 130, 12, 124, 111, 167, 128, 178, 3, 32, 49, 102, 62, 9, 61, 15, 186, 23, 83, 114, 64, 144, 155, 14, 138, 8, 165, 119, 40, 174, 187, 81, 169, 196, 17, 157, 168, 31, 85]","[85, 188, 157, 168, 78, 145, 179, 91, 169, 196, 81, 187, 174, 90, 107, 27, 39, 165, 8, 119, 40, 185, 106, 178, 3, 32, 138, 49, 102, 155, 144, 61, 62, 9, 33, 37, 148, 167, 111, 124, 12, 130, 94, 19, 189, 99, 121, 182, 136, 180, 173, 194, 161, 162, 72, 109, 51, 66, 141, 60, 118, 59, 65, 116, 105, 77, 43, 42, 5, 96, 41, 193, 191, 110, 139, 198, 46, 68, 93, 140, 36, 163, 67, 108, 69, 18, 199, 159, 195, 146, 103, 181, 192, 160, 48, 30, 54, 147, 104, 177, 10, 190, 184, 28, 166, 11, 84, 4, 112, 126, 156, 29, 127, 70, 6, 154, 158, 53, 100, 26, 101, 150, 1, 97, 152, 74, 125, 87, 2, 82, 120, 44, 25, 16, 88, 171, 113, 56, 13, 31, 85]","{'distance': {'initial': 20848, 'final': 20886}, 'objective': {'initial': 0, 'final': 7830}}",20848,20886,0,7830,26815,28716,20848,26815,0,20886,28716,3121,TSPA
lab4,lns,85,1183913513,37931.054555,True,,"[85, 188, 56, 13, 171, 88, 16, 25, 44, 120, 82, 2, 87, 125, 74, 152, 97, 1, 150, 101, 26, 100, 53, 158, 180, 173, 6, 70, 127, 123, 24, 35, 11, 166, 28, 184, 84, 4, 190, 10, 177, 104, 147, 54, 30, 48, 160, 192, 181, 159, 199, 18, 69, 108, 67, 163, 36, 140, 93, 68, 46, 198, 139, 110, 191, 193, 41, 96, 5, 42, 43, 77, 105, 116, 65, 59, 118, 60, 141, 66, 51, 109, 72, 162, 161, 133, 63, 136, 182, 121, 99, 189, 19, 94, 130, 12, 124, 111, 167, 128, 178, 3, 32, 49, 102, 62, 9, 61, 15, 186, 23, 83, 114, 64, 144, 155, 14, 138, 8, 165, 119, 40, 174, 187, 81, 169, 196, 17, 157, 168, 31, 85]","[85, 188, 56, 113, 171, 88, 16, 25, 44, 120, 82, 2, 87, 125, 74, 152, 97, 1, 150, 101, 26, 100, 19, 189, 99, 121, 182, 136, 53, 158, 180, 173, 6, 194, 161, 24, 149, 131, 47, 65, 116, 105, 77, 166, 28, 184, 11, 84, 4, 190, 10, 177, 104, 147, 54, 30, 48, 160, 192, 42, 5, 96, 41, 193, 159, 199, 18, 69, 108, 67, 163, 36, 140, 93, 68, 110, 191, 139, 198, 46, 60, 118, 59, 72, 109, 51, 141, 66, 176, 137, 23, 186, 114, 64, 15, 61, 62, 9, 33, 37, 148, 12, 130, 94, 124, 111, 167, 128, 49, 102, 144, 155, 14, 138, 32, 3, 178, 106, 185, 40, 119, 8, 165, 39, 27, 107, 90, 174, 187, 81, 169, 196, 17, 157, 168, 31, 13, 85]","{'distance': {'initial': 20848, 'final': 20397}, 'objective': {'initial': 0, 'final': 7761}}",20848,20397,0,7761,26815,28158,20848,26815,0,20397,28158,12420,TSPA
lab4,ils,85,1242644980,37936.859715,True,,"[85, 188, 157, 17, 196, 169, 81, 187, 174, 90, 107, 27, 39, 165, 8, 119, 40, 185, 106, 178, 3, 32, 138, 14, 155, 144, 102, 49, 128, 167, 111, 148, 37, 33, 9, 62, 61, 15, 64, 114, 186, 23, 89, 183, 76, 137, 176, 66, 141, 51, 109, 60, 118, 72, 59, 115, 46, 198, 139, 191, 110, 68, 93, 140, 36, 67, 108, 69, 163, 142, 41, 193, 159, 195, 146, 103, 34, 30, 54, 147, 48, 160, 192, 42, 5, 96, 116, 65, 47, 105, 77, 166, 28, 184, 11, 84, 4, 112, 126, 156, 29, 127, 194, 6, 173, 180, 158, 53, 136, 182, 121, 99, 189, 19, 100, 26, 101, 150, 1, 97, 152, 74, 125, 87, 2, 120, 44, 82, 92, 179, 91, 145, 78, 168, 31, 13, 56, 85]","[85, 188, 157, 17, 196, 169, 81, 187, 174, 90, 107, 27, 71, 58, 164, 7, 95, 39, 165, 8, 119, 40, 185, 106, 178, 3, 32, 138, 14, 155, 144, 102, 49, 128, 167, 111, 148, 37, 33, 9, 62, 61, 15, 64, 114, 186, 23, 137, 176, 66, 141, 51, 109, 72, 59, 118, 60, 46, 68, 93, 140, 36, 67, 108, 69, 163, 110, 191, 139, 198, 115, 96, 41, 193, 159, 195, 146, 103, 181, 192, 160, 48, 30, 54, 147, 104, 177, 10, 190, 4, 112, 156, 29, 126, 35, 11, 184, 28, 166, 77, 105, 116, 65, 47, 131, 149, 24, 161, 194, 6, 173, 180, 158, 53, 136, 182, 63, 130, 12, 124, 94, 19, 189, 99, 121, 100, 26, 101, 150, 1, 97, 152, 74, 125, 87, 2, 120, 44, 82, 92, 179, 91, 145, 78, 168, 31, 13, 56, 85]","{'distance': {'initial': 21212, 'final': 22416}, 'objective': {'initial': 0, 'final': 8374}}",21212,22416,0,8374,28244,30790,21212,28244,0,22416,30790,3058,TSPA
lab4,lns,85,1242644980,37929.585606,True,,"[85, 188, 157, 17, 196, 169, 81, 187, 174, 90, 107, 27, 39, 165, 8, 119, 40, 185, 106, 178, 3, 32, 138, 14, 155, 144, 102, 49, 128, 167, 111, 148, 37, 33, 9, 62, 61, 15, 64, 114, 186, 23, 89, 183, 76, 137, 176, 66, 141, 51, 109, 60, 118, 72, 59, 115, 46, 198, 139, 191, 110, 68, 93, 140, 36, 67, 108, 69, 163, 142, 41, 193, 159, 195, 146, 103, 34, 30, 54, 147, 48, 160, 192, 42, 5, 96, 116, 65, 47, 105, 77, 166, 28, 184, 11, 84, 4, 112, 126, 156, 29, 127, 194, 6, 173, 180, 158, 53, 136, 182, 121, 99, 189, 19, 100, 26, 101, 150, 1, 97, 152, 74, 125, 87, 2, 120, 44, 82, 92, 179, 91, 145, 78, 168, 31, 13, 56, 85]","[85, 188, 157, 17, 196, 169, 81, 187, 174, 90, 107, 27, 39, 165, 8, 119, 40, 185, 106, 178, 3, 32, 138, 14, 155, 144, 102, 49, 128, 167, 111, 124, 94, 130, 12, 148, 37, 33, 9, 62, 61, 15, 64, 114, 83, 23, 76, 89, 183, 153, 0, 170, 117, 93, 140, 36, 67, 108, 69, 163, 110, 191, 139, 68, 46, 198, 115, 96, 41, 193, 159, 22, 146, 103, 181, 192, 160, 48, 30, 54, 147, 104, 177, 10, 190, 4, 112, 126, 156, 29, 24, 149, 131, 11, 184, 28, 166, 77, 105, 116, 65, 59, 118, 60, 141, 66, 51, 109, 72, 162, 161, 194, 6, 173, 180, 158, 53, 136, 182, 121, 99, 189, 19, 100, 26, 101, 150, 1, 97, 152, 74, 125, 87, 2, 82, 120, 44, 25, 78, 145, 179, 91, 168, 31, 13, 56, 85]","{'distance': {'initial': 21212, 'final': 22250}, 'objective': {'initial': 0, 'final': 8204}}",21212,22250,0,8204,28244,30454,21212,28244,0,22250,30454,10083,TSPA
lab4,ils,85,375679063,37938.348137,True,,"[85, 31, 13, 56, 113, 171, 88, 16, 25, 44, 120, 82, 78, 168, 145, 179, 91, 185, 8, 138, 32, 3, 178, 128, 167, 87, 125, 74, 152, 19, 189, 97, 1, 150, 101, 26, 100, 99, 121, 182, 136, 53, 158, 180, 173, 6, 194, 127, 29, 156, 126, 112, 4, 84, 11, 166, 28, 184, 104, 147, 54, 30, 48, 160, 192, 181, 103, 146, 22, 199, 18, 69, 108, 67, 163, 36, 140, 93, 68, 110, 139, 191, 142, 159, 193, 41, 96, 5, 42, 43, 77, 105, 116, 65, 59, 118, 60, 141, 66, 51, 109, 72, 162, 161, 133, 63, 94, 130, 12, 124, 111, 148, 37, 33, 9, 62, 61, 102, 49, 155, 144, 132, 21, 7, 164, 58, 71, 27, 107, 90, 39, 165, 119, 40, 174, 187, 81, 169, 196, 17, 157, 188, 85]","[85, 31, 13, 56, 113, 171, 88, 16, 25, 44, 120, 82, 78, 168, 145, 179, 91, 185, 8, 138, 32, 3, 178, 128, 167, 111, 124, 12, 130, 94, 189, 19, 152, 74, 125, 87, 150, 101, 1, 97, 26, 100, 99, 121, 182, 136, 53, 158, 180, 173, 6, 194, 161, 24, 29, 156, 126, 112, 4, 84, 11, 166, 28, 184, 104, 147, 54, 30, 48, 160, 192, 181, 103, 146, 195, 159, 199, 18, 69, 108, 67, 163, 36, 140, 93, 68, 46, 198, 139, 110, 191, 193, 41, 96, 5, 42, 43, 77, 105, 116, 65, 59, 118, 72, 109, 51, 66, 141, 60, 0, 170, 143, 183, 89, 76, 23, 186, 114, 64, 15, 61, 9, 62, 102, 49, 155, 144, 132, 21, 7, 164, 58, 71, 27, 107, 90, 39, 165, 119, 40, 174, 187, 81, 169, 196, 17, 157, 188, 85]","{'distance': {'initial': 22346, 'final': 23403}, 'objective': {'initial': 0, 'final': 7487}}",22346,23403,0,7487,28987,30890,22346,28987,0,23403,30890,2922,TSPA
lab4,lns,85,375679063,37932.135602,True,,"[85, 31, 13, 56, 113, 171, 88, 16, 25, 44, 120, 82, 78, 168, 145, 179, 91, 185, 8, 138, 32, 3, 178, 128, 167, 87, 125, 74, 152, 19, 189, 97, 1, 150, 101, 26, 100, 99, 121, 182, 136, 53, 158, 180, 173, 6, 194, 127, 29, 156, 126, 112, 4, 84, 11, 166, 28, 184, 104, 147, 54, 30, 48, 160, 192, 181, 103, 146, 22, 199, 18, 69, 108, 67, 163, 36, 140, 93, 68, 110, 139, 191, 142, 159, 193, 41, 96, 5, 42, 43, 77, 105, 116, 65, 59, 118, 60, 141, 66, 51, 109, 72, 162, 161, 133, 63, 94, 130, 12, 124, 111, 148, 37, 33, 9, 62, 61, 102, 49, 155, 144, 132, 21, 7, 164, 58, 71, 27, 107, 90, 39, 165, 119, 40, 174, 187, 81, 169, 196, 17, 157, 188, 85]","[85, 31, 13, 56, 113, 171, 88, 16, 25, 44, 120, 82, 2, 87, 125, 74, 152, 97, 1, 150, 101, 26, 100, 19, 189, 99, 121, 182, 136, 53, 158, 180, 173, 6, 194, 161, 24, 149, 131, 47, 65, 116, 105, 77, 166, 28, 184, 11, 35, 126, 29, 156, 112, 4, 190, 10, 177, 104, 147, 54, 30, 48, 160, 192, 181, 103, 146, 22, 159, 193, 41, 191, 139, 110, 163, 69, 108, 67, 36, 140, 93, 68, 46, 60, 118, 59, 72, 109, 51, 141, 66, 176, 12, 130, 94, 124, 111, 167, 148, 37, 33, 9, 62, 61, 144, 155, 102, 49, 178, 3, 32, 138, 8, 185, 40, 119, 165, 39, 95, 7, 164, 58, 71, 27, 107, 90, 174, 187, 81, 196, 169, 91, 179, 145, 78, 168, 157, 188, 85]","{'distance': {'initial': 22346, 'final': 20607}, 'objective': {'initial': 0, 'final': 8496}}",22346,20607,0,8496,28987,29103,22346,28987,0,20607,29103,9720,TSPA
lab4,ils,85,63918073,37938.313718,True,,"[85, 31, 157, 168, 78, 145, 179, 91, 169, 196, 81, 187, 174, 40, 119, 185, 8, 165, 39, 95, 58, 164, 7, 21, 155, 144, 61, 9, 62, 102, 49, 128, 167, 111, 124, 12, 130, 94, 19, 189, 99, 121, 182, 136, 180, 173, 161, 162, 45, 151, 176, 66, 141, 51, 109, 72, 59, 118, 60, 115, 198, 46, 68, 0, 153, 76, 23, 186, 114, 64, 83, 89, 183, 143, 170, 117, 93, 140, 36, 67, 108, 69, 163, 110, 139, 191, 142, 159, 193, 41, 96, 5, 116, 65, 47, 105, 77, 166, 11, 184, 28, 192, 160, 48, 30, 54, 147, 104, 177, 10, 190, 4, 112, 126, 156, 29, 127, 194, 6, 154, 158, 53, 100, 26, 101, 150, 1, 97, 152, 74, 125, 87, 2, 82, 120, 44, 25, 16, 88, 171, 13, 56, 188, 85]","[85, 31, 13, 56, 113, 171, 88, 16, 25, 44, 120, 82, 2, 87, 125, 74, 152, 97, 1, 150, 101, 26, 100, 53, 158, 154, 6, 70, 127, 29, 156, 126, 112, 4, 190, 10, 177, 104, 147, 54, 30, 48, 160, 192, 28, 184, 11, 166, 77, 105, 47, 65, 116, 5, 96, 41, 193, 159, 142, 110, 191, 139, 198, 46, 68, 163, 69, 108, 67, 36, 140, 93, 117, 170, 0, 153, 183, 89, 83, 64, 114, 186, 23, 137, 176, 66, 141, 51, 109, 60, 118, 59, 72, 162, 161, 194, 173, 180, 136, 182, 121, 99, 189, 19, 94, 130, 12, 124, 111, 167, 148, 37, 33, 9, 62, 61, 144, 155, 102, 49, 178, 3, 32, 138, 21, 7, 164, 58, 71, 27, 107, 90, 39, 165, 8, 185, 40, 119, 174, 187, 81, 196, 169, 91, 179, 145, 78, 168, 157, 188, 85]","{'distance': {'initial': 23242, 'final': 23400}, 'objective': {'initial': 0, 'final': 7678}}",23242,23400,0,7678,29420,31078,23242,29420,0,23400,31078,2898,TSPA
lab4,lns,85,63918073,37929.570091,True,,"[85, 31, 157, 168, 78, 145, 179, 91, 169, 196, 81, 187, 174, 40, 119, 185, 8, 165, 39, 95, 58, 164, 7, 21, 155, 144, 61, 9, 62, 102, 49, 128, 167, 111, 124, 12, 130, 94, 19, 189, 99, 121, 182, 136, 180, 173, 161, 162, 45, 151, 176, 66, 141, 51, 109, 72, 59, 118, 60, 115, 198, 46, 68, 0, 153, 76, 23, 186, 114, 64, 83, 89, 183, 143, 170, 117, 93, 140, 36, 67, 108, 69, 163, 110, 139, 191, 142, 159, 193, 41, 96, 5, 116, 65, 47, 105, 77, 166, 11, 184, 28, 192, 160, 48, 30, 54, 147, 104, 177, 10, 190, 4, 112, 126, 156, 29, 127, 194, 6, 154, 158, 53, 100, 26, 101, 150, 1, 97, 152, 74, 125, 87, 2, 82, 120, 44, 25, 16, 88, 171, 13, 56, 188, 85]","[85, 188, 56, 113, 171, 88, 16, 25, 44, 120, 82, 2, 87, 125, 74, 152, 97, 1, 150, 101, 26, 100, 19, 189, 99, 121, 182, 136, 53, 158, 180, 173, 6, 194, 161, 162, 72, 109, 51, 66, 141, 60, 118, 59, 65, 116, 105, 77, 149, 131, 166, 28, 184, 11, 35, 126, 29, 156, 112, 4, 190, 10, 177, 104, 147, 54, 30, 48, 160, 192, 42, 5, 96, 115, 198, 46, 68, 110, 139, 191, 41, 193, 159, 199, 18, 69, 108, 67, 163, 36, 140, 93, 117, 170, 0, 153, 183, 89, 76, 23, 186, 114, 64, 15, 61, 62, 9, 33, 37, 148, 12, 130, 94, 124, 111, 167, 128, 49, 102, 144, 155, 14, 138, 32, 3, 178, 106, 185, 40, 119, 8, 165, 39, 95, 7, 164, 58, 71, 27, 107, 90, 174, 187, 81, 196, 169, 91, 179, 145, 78, 168, 157, 31, 13, 85]","{'distance': {'initial': 23242, 'final': 23048}, 'objective': {'initial': 0, 'final': 8249}}",23242,23048,0,8249,29420,31297,23242,29420,0,23048,31297,8749,TSPA
lab4,ils,85,942791168,37933.841402,True,,"[85, 56, 13, 31, 157, 17, 196, 169, 174, 81, 187, 90, 107, 27, 71, 58, 164, 7, 95, 39, 165, 8, 119, 40, 185, 106, 178, 3, 32, 138, 14, 155, 144, 102, 49, 128, 167, 111, 148, 37, 33, 9, 62, 61, 15, 64, 114, 186, 23, 137, 66, 141, 51, 109, 60, 118, 59, 116, 5, 96, 41, 193, 191, 110, 139, 198, 46, 68, 93, 140, 36, 163, 67, 108, 69, 18, 199, 159, 195, 146, 103, 181, 192, 160, 28, 184, 11, 166, 77, 105, 47, 65, 72, 176, 12, 130, 124, 94, 19, 189, 99, 121, 182, 136, 180, 158, 53, 100, 26, 101, 150, 1, 97, 152, 74, 125, 87, 2, 120, 44, 82, 92, 179, 91, 145, 168, 78, 16, 88, 171, 113, 50, 188, 85]","[85, 31, 13, 56, 113, 171, 88, 16, 78, 168, 145, 91, 179, 92, 82, 44, 120, 2, 87, 125, 74, 152, 97, 1, 150, 101, 26, 100, 121, 99, 189, 19, 94, 124, 12, 130, 63, 182, 136, 53, 158, 180, 173, 6, 194, 161, 162, 72, 118, 59, 65, 116, 105, 77, 166, 28, 184, 11, 35, 126, 29, 156, 112, 4, 190, 10, 177, 104, 147, 54, 30, 48, 160, 192, 181, 103, 146, 195, 159, 199, 18, 69, 108, 67, 163, 36, 140, 93, 68, 110, 139, 191, 193, 41, 96, 115, 198, 46, 60, 109, 51, 141, 66, 176, 137, 23, 186, 114, 64, 15, 61, 62, 9, 33, 37, 148, 111, 167, 128, 49, 102, 144, 155, 14, 138, 32, 3, 178, 106, 185, 40, 119, 8, 165, 39, 95, 7, 164, 58, 71, 27, 107, 90, 174, 187, 81, 169, 196, 17, 157, 188, 85]","{'distance': {'initial': 21049, 'final': 23187}, 'objective': {'initial': 0, 'final': 7968}}",21049,23187,0,7968,27366,31155,21049,27366,0,23187,31155,2944,TSPA
lab4,lns,85,942791168,37929.283319,True,,"[85, 56, 13, 31, 157, 17, 196, 169, 174, 81, 187, 90, 107, 27, 71, 58, 164, 7, 95, 39, 165, 8, 119, 40, 185, 106, 178, 3, 32, 138, 14, 155, 144, 102, 49, 128, 167, 111, 148, 37, 33, 9, 62, 61, 15, 64, 114, 186, 23, 137, 66, 141, 51, 109, 60, 118, 59, 116, 5, 96, 41, 193, 191, 110, 139, 198, 46, 68, 93, 140, 36, 163, 67, 108, 69, 18, 199, 159, 195, 146, 103, 181, 192, 160, 28, 184, 11, 166, 77, 105, 47, 65, 72, 176, 12, 130, 124, 94, 19, 189, 99, 121, 182, 136, 180, 158, 53, 100, 26, 101, 150, 1, 97, 152, 74, 125, 87, 2, 120, 44, 82, 92, 179, 91, 145, 168, 78, 16, 88, 171, 113, 50, 188, 85]","[85, 188, 157, 168, 78, 145, 179, 91, 169, 196, 81, 187, 174, 90, 107, 27, 71, 58, 164, 7, 95, 39, 165, 8, 119, 40, 185, 106, 178, 3, 32, 138, 14, 155, 144, 102, 49, 128, 167, 111, 124, 94, 130, 12, 148, 37, 33, 9, 62, 61, 15, 64, 114, 186, 23, 137, 176, 66, 141, 51, 109, 72, 59, 118, 60, 46, 68, 93, 140, 36, 67, 108, 69, 163, 110, 139, 191, 41, 193, 159, 195, 146, 103, 181, 192, 160, 48, 30, 54, 147, 104, 184, 28, 11, 166, 77, 105, 116, 65, 47, 131, 149, 24, 161, 194, 6, 173, 180, 158, 53, 136, 182, 121, 99, 189, 19, 100, 26, 101, 150, 1, 97, 152, 74, 125, 87, 2, 82, 120, 44, 25, 16, 88, 171, 113, 56, 13, 31, 85]","{'distance': {'initial': 21049, 'final': 20814}, 'objective': {'initial': 0, 'final': 8113}}",21049,20814,0,8113,27366,28927,21049,27366,0,20814,28927,10260,TSPA
lab4,ils,85,647651470,37936.454745,True,,"[85, 188, 157, 17, 81, 187, 174, 90, 107, 27, 71, 58, 164, 7, 21, 138, 32, 49, 102, 155, 144, 61, 62, 9, 33, 37, 148, 15, 64, 114, 186, 23, 137, 176, 66, 141, 51, 109, 72, 59, 118, 60, 46, 198, 115, 96, 41, 193, 191, 139, 110, 68, 0, 170, 117, 93, 140, 36, 163, 67, 108, 69, 18, 199, 159, 195, 146, 103, 181, 192, 160, 28, 77, 105, 116, 65, 47, 149, 131, 166, 11, 184, 48, 30, 54, 147, 104, 177, 10, 190, 4, 112, 126, 156, 29, 24, 161, 194, 6, 173, 180, 158, 53, 136, 182, 121, 99, 100, 26, 97, 1, 101, 150, 120, 44, 82, 2, 87, 125, 74, 152, 19, 189, 94, 130, 12, 124, 111, 167, 128, 55, 52, 185, 8, 165, 119, 40, 169, 196, 91, 179, 145, 78, 168, 31, 13, 56, 85]","[85, 188, 157, 17, 196, 81, 187, 174, 90, 107, 27, 71, 58, 164, 7, 95, 39, 165, 8, 138, 32, 49, 102, 155, 144, 61, 62, 9, 15, 64, 114, 186, 23, 137, 176, 66, 141, 51, 109, 72, 59, 118, 60, 46, 198, 115, 96, 41, 193, 191, 139, 110, 68, 93, 140, 36, 163, 67, 108, 69, 18, 199, 159, 195, 146, 103, 181, 192, 160, 48, 30, 54, 147, 104, 177, 10, 190, 4, 112, 156, 29, 126, 35, 11, 184, 28, 166, 77, 105, 116, 65, 47, 131, 149, 24, 161, 194, 6, 173, 180, 158, 53, 136, 182, 121, 99, 100, 26, 97, 1, 101, 150, 87, 125, 74, 152, 19, 189, 94, 130, 12, 124, 111, 167, 128, 3, 178, 106, 185, 119, 40, 169, 91, 179, 145, 78, 168, 31, 13, 56, 85]","{'distance': {'initial': 24222, 'final': 21694}, 'objective': {'initial': 0, 'final': 7845}}",24222,21694,0,7845,30901,29539,24222,30901,0,21694,29539,3029,TSPA
lab4,lns,85,647651470,37931.878666,True,,"[85, 188, 157, 17, 81, 187, 174, 90, 107, 27, 71, 58, 164, 7, 21, 138, 32, 49, 102, 155, 144, 61, 62, 9, 33, 37, 148, 15, 64, 114, 186, 23, 137, 176, 66, 141, 51, 109, 72, 59, 118, 60, 46, 198, 115, 96, 41, 193, 191, 139, 110, 68, 0, 170, 117, 93, 140, 36, 163, 67, 108, 69, 18, 199, 159, 195, 146, 103, 181, 192, 160, 28, 77, 105, 116, 65, 47, 149, 131, 166, 11, 184, 48, 30, 54, 147, 104, 177, 10, 190, 4, 112, 126, 156, 29, 24, 161, 194, 6, 173, 180, 158, 53, 136, 182, 121, 99, 100, 26, 97, 1, 101, 150, 120, 44, 82, 2, 87, 125, 74, 152, 19, 189, 94, 130, 12, 124, 111, 167, 128, 55, 52, 185, 8, 165, 119, 40, 169, 196, 91, 179, 145, 78, 168, 31, 13, 56, 85]","[85, 188, 157, 17, 196, 169, 81, 187, 174, 90, 107, 27, 71, 58, 164, 7, 95, 39, 165, 8, 119, 40, 185, 106, 178, 3, 32, 138, 14, 155, 144, 102, 49, 128, 167, 111, 124, 94, 130, 12, 148, 37, 33, 9, 62, 61, 15, 64, 114, 186, 23, 76, 89, 183, 153, 0, 170, 117, 93, 140, 36, 67, 108, 69, 163, 110, 191, 139, 68, 46, 198, 115, 96, 41, 193, 159, 22, 146, 103, 181, 192, 160, 48, 30, 54, 147, 104, 177, 10, 190, 4, 112, 126, 156, 29, 24, 149, 131, 11, 184, 28, 166, 77, 105, 116, 65, 59, 118, 60, 141, 66, 51, 109, 72, 162, 161, 194, 6, 173, 180, 158, 53, 136, 182, 121, 99, 189, 19, 100, 26, 101, 150, 1, 97, 152, 74, 125, 87, 2, 82, 120, 44, 25, 78, 145, 179, 91, 168, 31, 13, 56, 85]","{'distance': {'initial': 24222, 'final': 22976}, 'objective': {'initial': 0, 'final': 8426}}",24222,22976,0,8426,30901,31402,24222,30901,0,22976,31402,9427,TSPA
lab4,ils,85,691680367,37937.563258,True,,"[85, 188, 157, 17, 196, 169, 81, 187, 174, 40, 119, 165, 8, 185, 91, 179, 55, 52, 106, 178, 3, 32, 138, 14, 155, 144, 102, 49, 33, 37, 9, 62, 61, 15, 64, 114, 186, 23, 76, 89, 183, 143, 170, 0, 117, 93, 140, 68, 110, 191, 139, 198, 46, 115, 96, 41, 193, 159, 22, 146, 103, 181, 192, 160, 48, 30, 54, 147, 104, 177, 10, 190, 4, 112, 126, 156, 29, 24, 149, 131, 166, 11, 184, 28, 77, 105, 116, 65, 59, 118, 72, 51, 109, 60, 141, 66, 176, 80, 133, 162, 161, 194, 6, 173, 180, 158, 53, 136, 182, 121, 99, 100, 26, 101, 150, 1, 97, 19, 189, 94, 130, 12, 124, 111, 167, 172, 129, 82, 120, 44, 25, 78, 145, 168, 31, 13, 56, 85]","[85, 188, 157, 17, 196, 169, 81, 187, 174, 40, 119, 185, 8, 165, 39, 138, 32, 3, 178, 49, 102, 155, 144, 61, 62, 9, 15, 64, 114, 186, 23, 76, 89, 183, 153, 0, 170, 117, 93, 140, 36, 67, 108, 69, 163, 110, 191, 139, 68, 46, 198, 115, 96, 41, 193, 159, 195, 146, 103, 181, 192, 160, 48, 30, 54, 147, 104, 177, 10, 190, 4, 112, 156, 29, 126, 35, 11, 184, 28, 166, 77, 105, 116, 65, 59, 118, 60, 141, 66, 51, 109, 72, 162, 161, 194, 6, 173, 180, 158, 53, 136, 182, 121, 99, 100, 26, 101, 150, 1, 97, 19, 189, 94, 130, 12, 124, 111, 167, 152, 74, 125, 87, 2, 82, 120, 44, 25, 78, 145, 179, 91, 168, 31, 13, 56, 85]","{'distance': {'initial': 21315, 'final': 20658}, 'objective': {'initial': 0, 'final': 7986}}",21315,20658,0,7986,28219,28644,21315,28219,0,20658,28644,3099,TSPA
lab4,lns,85,691680367,37929.632545,True,,"[85, 188, 157, 17, 196, 169, 81, 187, 174, 40, 119, 165, 8, 185, 91, 179, 55, 52, 106, 178, 3, 32, 138, 14, 155, 144, 102, 49, 33, 37, 9, 62, 61, 15, 64, 114, 186, 23, 76, 89, 183, 143, 170, 0, 117, 93, 140, 68, 110, 191, 139, 198, 46, 115, 96, 41, 193, 159, 22, 146, 103, 181, 192, 160, 48, 30, 54, 147, 104, 177, 10, 190, 4, 112, 126, 156, 29, 24, 149, 131, 166, 11, 184, 28, 77, 105, 116, 65, 59, 118, 72, 51, 109, 60, 141, 66, 176, 80, 133, 162, 161, 194, 6, 173, 180, 158, 53, 136, 182, 121, 99, 100, 26, 101, 150, 1, 97, 19, 189, 94, 130, 12, 124, 111, 167, 172, 129, 82, 120, 44, 25, 78, 145, 168, 31, 13, 56, 85]","[85, 188, 157, 17, 196, 169, 81, 187, 174, 90, 107, 27, 39, 165, 8, 119, 40, 185, 106, 178, 3, 32, 138, 14, 155, 144, 102, 49, 128, 167, 111, 124, 94, 130, 12, 148, 37, 33, 9, 62, 61, 15, 64, 114, 186, 23, 76, 89, 183, 153, 0, 170, 117, 93, 140, 36, 67, 108, 69, 163, 110, 191, 139, 68, 46, 198, 115, 96, 41, 193, 159, 22, 146, 103, 181, 192, 160, 48, 30, 54, 147, 104, 177, 10, 190, 4, 112, 126, 156, 29, 24, 149, 131, 11, 184, 28, 166, 77, 105, 116, 65, 59, 118, 60, 141, 66, 51, 109, 72, 162, 161, 194, 6, 173, 180, 158, 53, 136, 182, 121, 99, 189, 19, 100, 26, 101, 150, 1, 97, 152, 74, 125, 87, 2, 82, 120, 44, 25, 78, 145, 179, 91, 168, 31, 13, 56, 85]","{'distance': {'initial': 21315, 'final': 22179}, 'objective': {'initial': 0, 'final': 8227}}",21315,22179,0,8227,28219,30406,21315,28219,0,22179,30406,9701,TSPA
lab4,ils,85,657099353,37930.15425,True,,"[85, 56, 13, 31, 168, 145, 78, 25, 44, 120, 82, 2, 87, 125, 74, 152, 97, 1, 150, 101, 26, 100, 19, 189, 99, 121, 53, 158, 180, 136, 182, 63, 133, 162, 161, 194, 6, 70, 127, 29, 156, 126, 112, 4, 24, 149, 131, 77, 166, 11, 28, 184, 104, 147, 54, 30, 48, 160, 192, 43, 105, 116, 65, 59, 72, 51, 109, 118, 60, 46, 198, 139, 110, 191, 41, 193, 159, 199, 18, 69, 108, 67, 163, 36, 140, 93, 117, 0, 170, 143, 183, 89, 76, 23, 83, 114, 64, 15, 148, 12, 130, 94, 124, 111, 167, 33, 37, 9, 62, 61, 144, 155, 102, 49, 138, 32, 3, 178, 106, 185, 40, 119, 8, 165, 39, 27, 107, 90, 174, 187, 81, 169, 196, 17, 157, 188, 85]","[85, 56, 13, 31, 168, 145, 78, 25, 44, 120, 82, 2, 87, 125, 74, 152, 97, 1, 150, 101, 26, 100, 19, 189, 99, 121, 182, 136, 53, 158, 180, 173, 6, 194, 161, 24, 29, 156, 126, 112, 4, 84, 11, 184, 104, 147, 54, 30, 48, 160, 192, 28, 166, 77, 105, 116, 65, 59, 118, 72, 109, 51, 66, 141, 60, 46, 198, 139, 110, 191, 41, 193, 159, 199, 18, 69, 108, 67, 163, 36, 140, 93, 117, 170, 0, 153, 183, 89, 76, 23, 186, 114, 64, 15, 61, 62, 9, 33, 37, 148, 12, 130, 94, 124, 111, 167, 128, 49, 102, 144, 155, 14, 138, 32, 3, 178, 106, 185, 40, 119, 8, 165, 39, 95, 7, 164, 58, 71, 27, 107, 90, 174, 187, 81, 169, 196, 17, 157, 188, 85]","{'distance': {'initial': 21690, 'final': 20949}, 'objective': {'initial': 0, 'final': 7764}}",21690,20949,0,7764,27990,28713,21690,27990,0,20949,28713,3141,TSPA
lab4,lns,85,657099353,37929.15066,True,,"[85, 56, 13, 31, 168, 145, 78, 25, 44, 120, 82, 2, 87, 125, 74, 152, 97, 1, 150, 101, 26, 100, 19, 189, 99, 121, 53, 158, 180, 136, 182, 63, 133, 162, 161, 194, 6, 70, 127, 29, 156, 126, 112, 4, 24, 149, 131, 77, 166, 11, 28, 184, 104, 147, 54, 30, 48, 160, 192, 43, 105, 116, 65, 59, 72, 51, 109, 118, 60, 46, 198, 139, 110, 191, 41, 193, 159, 199, 18, 69, 108, 67, 163, 36, 140, 93, 117, 0, 170, 143, 183, 89, 76, 23, 83, 114, 64, 15, 148, 12, 130, 94, 124, 111, 167, 33, 37, 9, 62, 61, 144, 155, 102, 49, 138, 32, 3, 178, 106, 185, 40, 119, 8, 165, 39, 27, 107, 90, 174, 187, 81, 169, 196, 17, 157, 188, 85]","[85, 56, 13, 31, 168, 145, 78, 25, 44, 120, 82, 2, 87, 125, 74, 152, 97, 1, 150, 101, 26, 100, 19, 189, 99, 121, 182, 136, 53, 158, 180, 173, 6, 194, 161, 162, 72, 109, 51, 66, 141, 60, 118, 59, 65, 116, 105, 77, 166, 28, 184, 11, 131, 149, 24, 29, 156, 126, 112, 4, 190, 10, 177, 104, 147, 54, 30, 48, 160, 192, 42, 5, 96, 41, 193, 159, 199, 18, 69, 108, 67, 163, 110, 191, 139, 198, 46, 68, 140, 93, 117, 170, 0, 153, 183, 89, 76, 23, 186, 114, 64, 15, 61, 62, 9, 33, 37, 148, 12, 130, 94, 124, 111, 167, 128, 49, 102, 144, 155, 14, 138, 32, 3, 178, 106, 185, 40, 119, 8, 165, 39, 27, 107, 90, 174, 187, 81, 169, 196, 17, 157, 188, 85]","{'distance': {'initial': 21690, 'final': 21188}, 'objective': {'initial': 0, 'final': 7963}}",21690,21188,0,7963,27990,29151,21690,27990,0,21188,29151,10580,TSPA
lab4,ils,85,1142192430,37930.400808,True,,"[85, 188, 157, 17, 196, 169, 81, 187, 174, 40, 119, 185, 8, 106, 178, 3, 32, 138, 165, 39, 90, 107, 27, 71, 58, 164, 7, 21, 132, 144, 155, 49, 102, 62, 9, 61, 15, 64, 114, 186, 23, 76, 89, 183, 153, 0, 170, 117, 93, 140, 36, 67, 108, 69, 163, 110, 191, 139, 198, 46, 60, 118, 59, 109, 51, 72, 162, 161, 24, 149, 131, 77, 105, 47, 65, 116, 5, 96, 41, 193, 159, 195, 146, 103, 181, 192, 160, 48, 30, 54, 147, 104, 177, 10, 190, 184, 28, 166, 11, 84, 4, 112, 126, 156, 29, 127, 70, 6, 154, 180, 173, 63, 130, 12, 124, 94, 19, 189, 99, 121, 182, 136, 158, 53, 100, 26, 101, 150, 1, 97, 152, 74, 125, 87, 2, 82, 120, 44, 25, 78, 145, 168, 31, 13, 16, 88, 171, 113, 56, 85]","[85, 188, 157, 17, 196, 169, 81, 187, 174, 40, 119, 185, 8, 165, 39, 90, 107, 27, 71, 58, 164, 7, 21, 138, 32, 3, 178, 49, 102, 155, 144, 61, 62, 9, 15, 64, 114, 186, 23, 76, 89, 183, 153, 0, 170, 117, 93, 140, 36, 67, 108, 69, 163, 110, 191, 139, 198, 46, 60, 141, 66, 51, 109, 118, 59, 72, 162, 161, 24, 149, 131, 77, 105, 47, 65, 116, 5, 96, 41, 193, 159, 195, 146, 103, 181, 192, 160, 48, 30, 54, 147, 104, 184, 28, 166, 11, 84, 4, 112, 126, 156, 29, 127, 194, 6, 173, 180, 158, 53, 136, 182, 63, 130, 12, 124, 94, 19, 189, 99, 121, 100, 26, 101, 150, 1, 97, 152, 74, 125, 87, 2, 82, 120, 44, 25, 78, 145, 179, 91, 168, 31, 13, 56, 85]","{'distance': {'initial': 23225, 'final': 21836}, 'objective': {'initial': 0, 'final': 7966}}",23225,21836,0,7966,30274,29802,23225,30274,0,21836,29802,2976,TSPA
lab4,lns,85,1142192430,37931.840999,True,,"[85, 188, 157, 17, 196, 169, 81, 187, 174, 40, 119, 185, 8, 106, 178, 3, 32, 138, 165, 39, 90, 107, 27, 71, 58, 164, 7, 21, 132, 144, 155, 49, 102, 62, 9, 61, 15, 64, 114, 186, 23, 76, 89, 183, 153, 0, 170, 117, 93, 140, 36, 67, 108, 69, 163, 110, 191, 139, 198, 46, 60, 118, 59, 109, 51, 72, 162, 161, 24, 149, 131, 77, 105, 47, 65, 116, 5, 96, 41, 193, 159, 195, 146, 103, 181, 192, 160, 48, 30, 54, 147, 104, 177, 10, 190, 184, 28, 166, 11, 84, 4, 112, 126, 156, 29, 127, 70, 6, 154, 180, 173, 63, 130, 12, 124, 94, 19, 189, 99, 121, 182, 136, 158, 53, 100, 26, 101, 150, 1, 97, 152, 74, 125, 87, 2, 82, 120, 44, 25, 78, 145, 168, 31, 13, 16, 88, 171, 113, 56, 85]","[85, 13, 31, 157, 168, 78, 145, 179, 91, 169, 196, 81, 187, 174, 90, 107, 27, 71, 58, 164, 7, 95, 39, 165, 8, 119, 40, 185, 106, 178, 3, 32, 138, 14, 155, 144, 102, 49, 128, 167, 111, 124, 94, 130, 12, 148, 37, 33, 9, 62, 61, 15, 64, 114, 186, 23, 76, 89, 183, 153, 0, 170, 117, 93, 140, 36, 67, 108, 69, 163, 110, 191, 139, 68, 46, 198, 115, 96, 41, 193, 159, 22, 146, 103, 181, 192, 160, 48, 30, 54, 147, 104, 177, 10, 190, 4, 112, 156, 29, 126, 35, 11, 184, 28, 166, 131, 149, 77, 105, 116, 65, 59, 118, 60, 141, 66, 51, 109, 72, 162, 161, 194, 6, 173, 180, 158, 53, 136, 182, 121, 99, 189, 19, 100, 26, 101, 150, 1, 97, 152, 74, 125, 87, 2, 82, 120, 44, 25, 16, 88, 171, 113, 56, 188, 85]","{'distance': {'initial': 23225, 'final': 23263}, 'objective': {'initial': 0, 'final': 8461}}",23225,23263,0,8461,30274,31724,23225,30274,0,23263,31724,7963,TSPA
lab4,ils,85,1817737901,37934.960813,True,,"[85, 188, 157, 17, 196, 169, 174, 81, 187, 90, 107, 27, 39, 165, 119, 40, 185, 8, 138, 32, 49, 102, 155, 144, 61, 62, 9, 33, 37, 148, 15, 64, 114, 186, 23, 76, 89, 183, 143, 170, 0, 117, 93, 140, 68, 110, 139, 191, 41, 193, 159, 195, 146, 103, 181, 192, 160, 48, 30, 54, 147, 104, 184, 28, 166, 11, 35, 24, 149, 131, 77, 47, 65, 116, 105, 5, 96, 115, 198, 46, 60, 118, 59, 72, 109, 51, 141, 66, 176, 80, 133, 173, 6, 154, 180, 158, 53, 136, 182, 63, 130, 12, 124, 94, 19, 189, 99, 121, 100, 26, 101, 150, 1, 97, 152, 74, 125, 87, 2, 120, 44, 82, 92, 179, 91, 145, 168, 78, 16, 88, 171, 113, 56, 13, 31, 85]","[85, 188, 157, 17, 196, 169, 81, 187, 174, 90, 107, 27, 71, 58, 164, 7, 95, 39, 165, 8, 119, 40, 185, 106, 178, 3, 32, 138, 49, 102, 155, 144, 61, 62, 9, 15, 64, 114, 186, 23, 76, 89, 183, 153, 0, 170, 117, 93, 140, 36, 67, 108, 69, 163, 68, 46, 198, 115, 96, 41, 193, 159, 195, 146, 103, 181, 192, 160, 48, 30, 54, 147, 104, 184, 28, 166, 11, 84, 4, 112, 126, 156, 29, 24, 149, 131, 77, 105, 116, 65, 59, 118, 72, 51, 109, 60, 141, 66, 176, 80, 133, 173, 6, 154, 180, 158, 53, 136, 182, 63, 130, 12, 124, 94, 19, 189, 99, 121, 100, 26, 101, 150, 1, 97, 152, 74, 125, 87, 2, 120, 44, 82, 92, 179, 91, 145, 168, 78, 16, 88, 171, 113, 56, 13, 31, 85]","{'distance': {'initial': 20678, 'final': 22276}, 'objective': {'initial': 0, 'final': 7971}}",20678,22276,0,7971,27613,30247,20678,27613,0,22276,30247,2976,TSPA
lab4,lns,85,1817737901,37930.169304,True,,"[85, 188, 157, 17, 196, 169, 174, 81, 187, 90, 107, 27, 39, 165, 119, 40, 185, 8, 138, 32, 49, 102, 155, 144, 61, 62, 9, 33, 37, 148, 15, 64, 114, 186, 23, 76, 89, 183, 143, 170, 0, 117, 93, 140, 68, 110, 139, 191, 41, 193, 159, 195, 146, 103, 181, 192, 160, 48, 30, 54, 147, 104, 184, 28, 166, 11, 35, 24, 149, 131, 77, 47, 65, 116, 105, 5, 96, 115, 198, 46, 60, 118, 59, 72, 109, 51, 141, 66, 176, 80, 133, 173, 6, 154, 180, 158, 53, 136, 182, 63, 130, 12, 124, 94, 19, 189, 99, 121, 100, 26, 101, 150, 1, 97, 152, 74, 125, 87, 2, 120, 44, 82, 92, 179, 91, 145, 168, 78, 16, 88, 171, 113, 56, 13, 31, 85]","[85, 188, 56, 113, 171, 88, 16, 25, 44, 120, 82, 2, 87, 125, 74, 152, 97, 1, 150, 101, 26, 100, 19, 189, 99, 121, 182, 136, 53, 158, 180, 154, 6, 173, 133, 151, 72, 109, 51, 66, 141, 60, 118, 59, 65, 116, 105, 77, 149, 131, 11, 166, 28, 184, 104, 147, 54, 30, 48, 160, 192, 181, 103, 146, 195, 159, 193, 41, 191, 110, 139, 198, 46, 68, 140, 93, 117, 0, 170, 143, 183, 89, 76, 23, 186, 114, 64, 15, 61, 62, 9, 33, 37, 148, 12, 130, 94, 124, 111, 167, 128, 49, 102, 144, 155, 14, 138, 32, 3, 178, 106, 185, 40, 119, 8, 165, 39, 27, 107, 90, 174, 187, 81, 196, 169, 91, 179, 145, 78, 168, 157, 31, 13, 85]","{'distance': {'initial': 20678, 'final': 19821}, 'objective': {'initial': 0, 'final': 7415}}",20678,19821,0,7415,27613,27236,20678,27613,0,19821,27236,11706,TSPA
lab4,ils,85,764256717,37934.792867,True,,"[85, 188, 157, 17, 196, 169, 81, 187, 174, 40, 119, 165, 8, 138, 14, 155, 144, 61, 9, 62, 102, 49, 32, 3, 178, 106, 52, 55, 91, 179, 92, 82, 2, 87, 125, 74, 152, 167, 111, 124, 94, 130, 12, 176, 66, 141, 51, 109, 60, 46, 68, 110, 139, 191, 41, 193, 159, 22, 146, 103, 181, 42, 5, 96, 116, 105, 43, 192, 160, 48, 30, 54, 147, 104, 177, 10, 190, 4, 112, 156, 29, 126, 35, 11, 184, 28, 166, 77, 47, 65, 59, 118, 72, 162, 161, 194, 6, 173, 180, 158, 53, 136, 182, 121, 99, 189, 19, 100, 26, 97, 1, 101, 150, 120, 44, 25, 78, 145, 168, 31, 13, 16, 88, 171, 113, 56, 85]","[85, 188, 157, 168, 78, 145, 179, 91, 169, 196, 81, 187, 174, 40, 119, 185, 8, 165, 39, 138, 32, 3, 178, 49, 102, 155, 144, 61, 62, 9, 33, 37, 148, 167, 111, 124, 94, 130, 12, 176, 66, 141, 51, 109, 60, 46, 198, 139, 191, 110, 68, 93, 140, 36, 163, 67, 108, 69, 18, 199, 159, 193, 41, 96, 5, 42, 192, 160, 48, 30, 54, 147, 104, 177, 10, 190, 4, 112, 156, 29, 126, 35, 11, 184, 28, 166, 77, 105, 116, 65, 59, 118, 72, 162, 161, 194, 6, 173, 180, 158, 53, 136, 182, 121, 99, 189, 19, 100, 26, 101, 150, 1, 97, 152, 74, 125, 87, 2, 82, 120, 44, 25, 16, 88, 171, 113, 56, 13, 31, 85]","{'distance': {'initial': 19512, 'final': 18929}, 'objective': {'initial': 0, 'final': 7909}}",19512,18929,0,7909,25516,26838,19512,25516,0,18929,26838,3308,TSPA
lab4,lns,85,764256717,37929.198163,True,,"[85, 188, 157, 17, 196, 169, 81, 187, 174, 40, 119, 165, 8, 138, 14, 155, 144, 61, 9, 62, 102, 49, 32, 3, 178, 106, 52, 55, 91, 179, 92, 82, 2, 87, 125, 74, 152, 167, 111, 124, 94, 130, 12, 176, 66, 141, 51, 109, 60, 46, 68, 110, 139, 191, 41, 193, 159, 22, 146, 103, 181, 42, 5, 96, 116, 105, 43, 192, 160, 48, 30, 54, 147, 104, 177, 10, 190, 4, 112, 156, 29, 126, 35, 11, 184, 28, 166, 77, 47, 65, 59, 118, 72, 162, 161, 194, 6, 173, 180, 158, 53, 136, 182, 121, 99, 189, 19, 100, 26, 97, 1, 101, 150, 120, 44, 25, 78, 145, 168, 31, 13, 16, 88, 171, 113, 56, 85]","[85, 13, 31, 157, 168, 78, 145, 179, 91, 169, 196, 81, 187, 174, 90, 107, 27, 39, 165, 119, 40, 185, 8, 138, 32, 3, 178, 49, 102, 155, 144, 61, 62, 9, 128, 167, 111, 124, 94, 130, 12, 176, 66, 141, 51, 109, 72, 59, 118, 60, 46, 68, 110, 191, 139, 198, 115, 96, 41, 193, 159, 22, 146, 103, 181, 192, 160, 48, 30, 54, 147, 104, 177, 10, 190, 4, 112, 126, 156, 29, 35, 11, 184, 28, 166, 77, 105, 116, 65, 47, 131, 149, 24, 161, 194, 6, 173, 180, 158, 53, 136, 182, 121, 99, 189, 19, 100, 26, 101, 150, 1, 97, 152, 74, 125, 87, 2, 82, 120, 44, 25, 16, 88, 171, 113, 56, 188, 85]","{'distance': {'initial': 19512, 'final': 19028}, 'objective': {'initial': 0, 'final': 8039}}",19512,19028,0,8039,25516,27067,19512,25516,0,19028,27067,13749,TSPA
lab4,ils,85,1964499638,37930.304191,True,,"[85, 13, 31, 168, 157, 17, 196, 169, 81, 187, 174, 40, 119, 185, 8, 165, 39, 138, 32, 49, 102, 155, 144, 61, 62, 9, 128, 167, 111, 124, 12, 130, 94, 63, 133, 151, 51, 109, 141, 66, 176, 137, 23, 76, 89, 183, 143, 170, 0, 117, 93, 140, 36, 163, 67, 108, 69, 18, 199, 159, 195, 146, 103, 181, 192, 160, 28, 184, 48, 30, 54, 147, 104, 177, 10, 190, 4, 84, 11, 166, 77, 47, 65, 116, 105, 5, 96, 41, 193, 191, 110, 139, 198, 46, 60, 118, 59, 72, 162, 161, 194, 6, 173, 180, 158, 53, 136, 182, 121, 99, 189, 19, 100, 26, 97, 101, 150, 1, 152, 74, 125, 87, 2, 82, 120, 44, 25, 16, 88, 171, 113, 56, 188, 85]","[85, 188, 157, 168, 78, 145, 179, 91, 169, 196, 81, 187, 174, 90, 107, 27, 39, 165, 119, 40, 185, 8, 138, 32, 3, 178, 49, 102, 155, 144, 61, 62, 9, 33, 37, 148, 167, 111, 124, 94, 130, 12, 176, 66, 51, 109, 141, 137, 23, 76, 89, 183, 153, 0, 170, 117, 93, 140, 36, 163, 67, 108, 69, 18, 199, 159, 195, 146, 103, 181, 192, 160, 48, 30, 54, 147, 104, 177, 10, 190, 4, 112, 156, 29, 126, 35, 11, 184, 28, 166, 77, 105, 47, 65, 116, 5, 96, 41, 193, 191, 110, 139, 198, 46, 60, 118, 59, 72, 162, 161, 194, 6, 173, 180, 158, 53, 136, 182, 121, 99, 189, 19, 100, 26, 101, 150, 1, 97, 152, 74, 125, 87, 2, 82, 120, 44, 25, 16, 88, 171, 113, 56, 13, 31, 85]","{'distance': {'initial': 21101, 'final': 21859}, 'objective': {'initial': 0, 'final': 7695}}",21101,21859,0,7695,27358,29554,21101,27358,0,21859,29554,3048,TSPA
lab4,lns,85,1964499638,37930.761818,True,,"[85, 13, 31, 168, 157, 17, 196, 169, 81, 187, 174, 40, 119, 185, 8, 165, 39, 138, 32, 49, 102, 155, 144, 61, 62, 9, 128, 167, 111, 124, 12, 130, 94, 63, 133, 151, 51, 109, 141, 66, 176, 137, 23, 76, 89, 183, 143, 170, 0, 117, 93, 140, 36, 163, 67, 108, 69, 18, 199, 159, 195, 146, 103, 181, 192, 160, 28, 184, 48, 30, 54, 147, 104, 177, 10, 190, 4, 84, 11, 166, 77, 47, 65, 116, 105, 5, 96, 41, 193, 191, 110, 139, 198, 46, 60, 118, 59, 72, 162, 161, 194, 6, 173, 180, 158, 53, 136, 182, 121, 99, 189, 19, 100, 26, 97, 101, 150, 1, 152, 74, 125, 87, 2, 82, 120, 44, 25, 16, 88, 171, 113, 56, 188, 85]","[85, 13, 31, 168, 157, 17, 196, 169, 81, 187, 174, 119, 40, 185, 8, 165, 39, 138, 32, 14, 155, 144, 102, 49, 128, 167, 111, 124, 94, 130, 12, 148, 37, 33, 9, 62, 61, 15, 64, 114, 83, 23, 76, 89, 183, 153, 0, 170, 117, 93, 140, 36, 67, 108, 69, 163, 110, 191, 139, 68, 46, 198, 115, 96, 41, 193, 159, 22, 146, 103, 181, 192, 160, 48, 30, 54, 147, 104, 177, 10, 190, 4, 84, 11, 184, 28, 166, 131, 149, 77, 105, 116, 65, 59, 118, 60, 141, 66, 51, 109, 72, 162, 161, 194, 6, 173, 180, 158, 53, 136, 182, 121, 99, 189, 19, 100, 26, 101, 150, 1, 97, 152, 74, 125, 87, 2, 82, 120, 44, 25, 16, 88, 171, 113, 56, 188, 85]","{'distance': {'initial': 21101, 'final': 20880}, 'objective': {'initial': 0, 'final': 7399}}",21101,20880,0,7399,27358,28279,21101,27358,0,20880,28279,12558,TSPA
lab4,ils,85,1946045837,37930.093285,True,,"[85, 56, 13, 31, 168, 145, 78, 82, 44, 120, 150, 101, 1, 97, 26, 100, 99, 121, 182, 136, 53, 158, 180, 173, 6, 194, 161, 162, 133, 80, 176, 66, 141, 51, 109, 60, 118, 59, 72, 149, 131, 77, 105, 47, 65, 116, 43, 28, 166, 11, 184, 190, 10, 177, 104, 147, 54, 30, 48, 160, 192, 181, 103, 146, 22, 199, 18, 69, 108, 67, 163, 159, 193, 41, 96, 115, 198, 46, 68, 140, 93, 117, 170, 0, 153, 183, 89, 76, 23, 186, 114, 64, 15, 61, 62, 9, 33, 37, 148, 167, 111, 124, 12, 130, 94, 189, 19, 152, 74, 125, 87, 129, 92, 179, 91, 55, 52, 106, 178, 3, 32, 138, 49, 102, 155, 144, 132, 21, 7, 164, 58, 95, 39, 165, 8, 185, 119, 40, 174, 187, 81, 169, 196, 17, 157, 188, 85]","[85, 56, 13, 31, 168, 145, 78, 25, 44, 120, 82, 92, 179, 91, 55, 52, 106, 178, 3, 32, 138, 49, 102, 62, 9, 33, 37, 148, 167, 111, 124, 12, 130, 94, 189, 19, 152, 74, 125, 87, 150, 101, 1, 97, 26, 100, 99, 121, 182, 136, 53, 158, 180, 173, 6, 194, 161, 162, 72, 109, 51, 66, 141, 60, 118, 59, 65, 116, 105, 77, 166, 28, 184, 11, 35, 126, 29, 156, 112, 4, 190, 10, 177, 104, 147, 54, 30, 48, 160, 192, 181, 103, 146, 22, 20, 18, 69, 108, 67, 163, 159, 193, 41, 96, 115, 198, 46, 68, 140, 93, 117, 170, 0, 153, 183, 89, 76, 23, 186, 114, 64, 15, 61, 155, 144, 132, 21, 7, 164, 58, 71, 27, 107, 90, 39, 165, 8, 185, 119, 40, 174, 187, 81, 169, 196, 17, 157, 188, 85]","{'distance': {'initial': 23608, 'final': 23285}, 'objective': {'initial': 0, 'final': 7851}}",23608,23285,0,7851,29981,31136,23608,29981,0,23285,31136,2930,TSPA
lab4,lns,85,1946045837,37931.560936,True,,"[85, 56, 13, 31, 168, 145, 78, 82, 44, 120, 150, 101, 1, 97, 26, 100, 99, 121, 182, 136, 53, 158, 180, 173, 6, 194, 161, 162, 133, 80, 176, 66, 141, 51, 109, 60, 118, 59, 72, 149, 131, 77, 105, 47, 65, 116, 43, 28, 166, 11, 184, 190, 10, 177, 104, 147, 54, 30, 48, 160, 192, 181, 103, 146, 22, 199, 18, 69, 108, 67, 163, 159, 193, 41, 96, 115, 198, 46, 68, 140, 93, 117, 170, 0, 153, 183, 89, 76, 23, 186, 114, 64, 15, 61, 62, 9, 33, 37, 148, 167, 111, 124, 12, 130, 94, 189, 19, 152, 74, 125, 87, 129, 92, 179, 91, 55, 52, 106, 178, 3, 32, 138, 49, 102, 155, 144, 132, 21, 7, 164, 58, 95, 39, 165, 8, 185, 119, 40, 174, 187, 81, 169, 196, 17, 157, 188, 85]","[85, 56, 13, 31, 168, 91, 179, 145, 78, 25, 44, 120, 82, 2, 87, 125, 74, 152, 97, 1, 150, 101, 26, 100, 53, 158, 154, 6, 173, 180, 136, 182, 121, 99, 189, 19, 94, 124, 130, 12, 176, 66, 141, 51, 109, 60, 118, 59, 72, 149, 131, 47, 65, 116, 105, 77, 166, 28, 184, 11, 84, 4, 190, 10, 177, 104, 147, 54, 30, 48, 160, 192, 181, 103, 146, 22, 159, 193, 41, 96, 115, 46, 198, 139, 191, 110, 163, 69, 108, 67, 36, 140, 93, 117, 170, 0, 153, 183, 89, 76, 23, 186, 114, 64, 15, 61, 62, 9, 33, 37, 148, 111, 167, 128, 49, 102, 144, 155, 14, 138, 32, 3, 178, 106, 185, 40, 119, 8, 165, 39, 95, 7, 164, 58, 71, 27, 107, 90, 174, 187, 81, 169, 196, 17, 157, 188, 85]","{'distance': {'initial': 23608, 'final': 21959}, 'objective': {'initial': 0, 'final': 8059}}",23608,21959,0,8059,29981,30018,23608,29981,0,21959,30018,10693,TSPA
lab4,ils,85,1537573762,37931.070936,True,,"[85, 188, 157, 17, 196, 169, 174, 81, 187, 90, 107, 27, 71, 58, 164, 7, 95, 39, 165, 8, 119, 40, 185, 106, 178, 3, 32, 138, 14, 155, 144, 61, 62, 9, 37, 33, 167, 111, 148, 15, 64, 114, 83, 23, 76, 89, 183, 143, 170, 0, 46, 68, 93, 140, 36, 67, 108, 69, 163, 110, 139, 191, 41, 193, 159, 195, 146, 103, 181, 192, 160, 28, 166, 11, 184, 48, 30, 54, 147, 104, 177, 10, 190, 4, 112, 126, 156, 29, 24, 149, 131, 77, 47, 65, 105, 116, 59, 118, 60, 141, 66, 51, 109, 72, 162, 161, 194, 6, 173, 180, 158, 53, 136, 182, 121, 99, 189, 19, 100, 26, 101, 150, 1, 97, 152, 74, 125, 87, 2, 82, 120, 44, 25, 78, 145, 168, 31, 13, 16, 88, 171, 113, 56, 85]","[85, 188, 157, 17, 196, 169, 81, 187, 174, 90, 107, 27, 71, 58, 164, 7, 95, 39, 165, 8, 119, 40, 185, 106, 178, 3, 32, 138, 49, 102, 155, 144, 61, 62, 9, 15, 64, 114, 186, 23, 76, 89, 183, 153, 0, 170, 117, 93, 140, 36, 67, 108, 69, 163, 68, 46, 198, 115, 96, 41, 193, 159, 195, 146, 103, 181, 192, 160, 48, 30, 54, 147, 104, 177, 10, 190, 4, 112, 156, 29, 126, 35, 11, 184, 28, 166, 77, 105, 116, 65, 59, 118, 60, 141, 66, 51, 109, 72, 162, 161, 194, 6, 173, 180, 158, 53, 136, 182, 63, 130, 12, 124, 94, 19, 189, 99, 121, 100, 26, 101, 150, 1, 97, 152, 74, 125, 87, 2, 82, 120, 44, 25, 78, 145, 179, 91, 168, 31, 13, 56, 85]","{'distance': {'initial': 21990, 'final': 21384}, 'objective': {'initial': 0, 'final': 8410}}",21990,21384,0,8410,29419,29794,21990,29419,0,21384,29794,3117,TSPA
lab4,lns,85,1537573762,37929.467831,True,,"[85, 188, 157, 17, 196, 169, 174, 81, 187, 90, 107, 27, 71, 58, 164, 7, 95, 39, 165, 8, 119, 40, 185, 106, 178, 3, 32, 138, 14, 155, 144, 61, 62, 9, 37, 33, 167, 111, 148, 15, 64, 114, 83, 23, 76, 89, 183, 143, 170, 0, 46, 68, 93, 140, 36, 67, 108, 69, 163, 110, 139, 191, 41, 193, 159, 195, 146, 103, 181, 192, 160, 28, 166, 11, 184, 48, 30, 54, 147, 104, 177, 10, 190, 4, 112, 126, 156, 29, 24, 149, 131, 77, 47, 65, 105, 116, 59, 118, 60, 141, 66, 51, 109, 72, 162, 161, 194, 6, 173, 180, 158, 53, 136, 182, 121, 99, 189, 19, 100, 26, 101, 150, 1, 97, 152, 74, 125, 87, 2, 82, 120, 44, 25, 78, 145, 168, 31, 13, 16, 88, 171, 113, 56, 85]","[85, 13, 31, 157, 168, 78, 145, 179, 91, 169, 196, 81, 187, 174, 90, 107, 27, 71, 58, 164, 7, 95, 39, 165, 8, 119, 40, 185, 106, 178, 3, 32, 138, 14, 155, 144, 102, 49, 128, 167, 111, 124, 94, 130, 12, 148, 37, 33, 9, 62, 61, 15, 64, 114, 186, 23, 76, 89, 183, 153, 0, 170, 117, 93, 140, 36, 67, 108, 69, 163, 110, 191, 139, 198, 46, 115, 96, 41, 193, 159, 195, 146, 103, 181, 192, 160, 48, 30, 54, 147, 104, 177, 10, 190, 4, 112, 156, 29, 126, 35, 11, 184, 28, 166, 131, 149, 77, 105, 116, 65, 59, 118, 60, 141, 66, 51, 109, 72, 162, 161, 194, 6, 173, 180, 158, 53, 136, 182, 121, 99, 189, 19, 100, 26, 101, 150, 1, 97, 152, 74, 125, 87, 2, 82, 120, 44, 25, 16, 88, 171, 113, 56, 188, 85]","{'distance': {'initial': 21990, 'final': 22887}, 'objective': {'initial': 0, 'final': 8425}}",21990,22887,0,8425,29419,31312,21990,29419,0,22887,31312,8076,TSPA
lab4,ils,85,997618963,37930.685499,True,,"[85, 188, 157, 17, 196, 169, 81, 187, 174, 90, 107, 27, 71, 58, 164, 7, 95, 39, 165, 119, 40, 185, 8, 138, 32, 3, 178, 49, 102, 155, 144, 61, 62, 9, 15, 64, 114, 83, 23, 76, 89, 183, 153, 0, 46, 68, 93, 140, 36, 67, 108, 69, 163, 159, 193, 41, 96, 5, 116, 65, 47, 105, 77, 43, 160, 192, 181, 146, 103, 34, 48, 30, 54, 147, 104, 177, 10, 190, 4, 84, 11, 184, 28, 166, 131, 149, 59, 118, 60, 141, 66, 51, 109, 72, 162, 161, 194, 6, 173, 180, 158, 53, 136, 182, 121, 99, 189, 19, 100, 26, 97, 101, 150, 1, 152, 74, 125, 87, 2, 120, 44, 82, 78, 145, 168, 31, 13, 56, 85]","[85, 188, 157, 168, 78, 145, 179, 91, 169, 196, 81, 187, 174, 90, 107, 27, 71, 58, 164, 7, 95, 39, 165, 8, 119, 40, 185, 106, 178, 3, 32, 138, 49, 102, 155, 144, 61, 62, 9, 15, 64, 114, 186, 23, 76, 89, 183, 153, 0, 170, 117, 93, 140, 36, 163, 67, 108, 69, 18, 199, 159, 193, 41, 96, 5, 42, 192, 160, 48, 30, 54, 147, 104, 177, 10, 190, 4, 112, 156, 29, 126, 35, 11, 184, 28, 166, 77, 105, 116, 65, 59, 118, 60, 141, 66, 51, 109, 72, 162, 161, 194, 6, 173, 180, 158, 53, 136, 182, 63, 130, 12, 124, 94, 19, 189, 99, 121, 100, 26, 101, 150, 1, 97, 152, 74, 125, 87, 2, 82, 120, 44, 25, 16, 88, 171, 113, 56, 13, 31, 85]","{'distance': {'initial': 20611, 'final': 20688}, 'objective': {'initial': 0, 'final': 8293}}",20611,20688,0,8293,27312,28981,20611,27312,0,20688,28981,3208,TSPA
lab4,lns,85,997618963,37929.671222,True,,"[85, 188, 157, 17, 196, 169, 81, 187, 174, 90, 107, 27, 71, 58, 164, 7, 95, 39, 165, 119, 40, 185, 8, 138, 32, 3, 178, 49, 102, 155, 144, 61, 62, 9, 15, 64, 114, 83, 23, 76, 89, 183, 153, 0, 46, 68, 93, 140, 36, 67, 108, 69, 163, 159, 193, 41, 96, 5, 116, 65, 47, 105, 77, 43, 160, 192, 181, 146, 103, 34, 48, 30, 54, 147, 104, 177, 10, 190, 4, 84, 11, 184, 28, 166, 131, 149, 59, 118, 60, 141, 66, 51, 109, 72, 162, 161, 194, 6, 173, 180, 158, 53, 136, 182, 121, 99, 189, 19, 100, 26, 97, 101, 150, 1, 152, 74, 125, 87, 2, 120, 44, 82, 78, 145, 168, 31, 13, 56, 85]","[85, 188, 157, 17, 196, 169, 81, 187, 174, 90, 107, 27, 71, 58, 164, 7, 95, 39, 165, 8, 119, 40, 185, 106, 178, 3, 32, 138, 49, 102, 155, 144, 61, 62, 9, 15, 64, 114, 83, 23, 76, 89, 183, 153, 0, 170, 117, 93, 140, 36, 67, 108, 69, 163, 110, 191, 139, 198, 46, 60, 141, 66, 51, 109, 72, 59, 118, 115, 96, 41, 193, 159, 195, 146, 103, 181, 192, 160, 48, 30, 54, 147, 104, 177, 10, 190, 4, 84, 11, 184, 28, 166, 77, 105, 116, 65, 47, 131, 149, 24, 161, 194, 6, 173, 180, 158, 53, 136, 182, 121, 99, 189, 19, 100, 26, 101, 150, 1, 97, 152, 74, 125, 87, 2, 82, 120, 44, 25, 78, 145, 168, 31, 13, 56, 85]","{'distance': {'initial': 20611, 'final': 20176}, 'objective': {'initial': 0, 'final': 8015}}",20611,20176,0,8015,27312,28191,20611,27312,0,20176,28191,11423,TSPA
lab4,ils,85,2056187347,37933.597787,True,,"[85, 188, 157, 17, 196, 169, 81, 187, 174, 40, 119, 185, 8, 165, 39, 90, 107, 27, 71, 58, 164, 7, 21, 155, 144, 61, 64, 114, 83, 89, 183, 153, 0, 170, 117, 93, 140, 36, 163, 67, 108, 69, 110, 191, 139, 198, 46, 115, 118, 72, 59, 65, 47, 77, 105, 116, 5, 96, 41, 193, 159, 195, 146, 103, 181, 192, 160, 48, 30, 54, 147, 104, 184, 28, 166, 11, 131, 149, 24, 161, 194, 6, 173, 180, 158, 53, 100, 26, 97, 101, 150, 1, 87, 125, 74, 152, 19, 189, 99, 121, 182, 136, 63, 80, 176, 66, 51, 109, 60, 141, 137, 23, 186, 15, 9, 62, 102, 49, 138, 32, 3, 178, 106, 52, 55, 91, 179, 92, 82, 120, 44, 25, 78, 145, 168, 31, 13, 56, 85]","[85, 188, 157, 17, 196, 169, 81, 187, 174, 40, 119, 185, 8, 165, 39, 90, 107, 27, 71, 58, 164, 7, 21, 155, 144, 61, 15, 64, 114, 186, 23, 76, 89, 183, 153, 0, 170, 117, 93, 140, 36, 67, 108, 69, 163, 110, 191, 139, 198, 46, 60, 141, 66, 51, 109, 72, 118, 59, 65, 116, 105, 77, 43, 42, 5, 96, 41, 193, 159, 195, 146, 103, 181, 192, 160, 48, 30, 54, 147, 104, 184, 28, 166, 11, 131, 149, 24, 161, 194, 6, 173, 180, 158, 53, 136, 182, 121, 99, 100, 26, 97, 1, 101, 150, 87, 125, 74, 152, 19, 189, 94, 130, 12, 124, 111, 167, 148, 37, 33, 9, 62, 102, 49, 138, 32, 3, 178, 106, 52, 55, 91, 179, 92, 82, 120, 44, 25, 78, 145, 168, 31, 13, 56, 85]","{'distance': {'initial': 22787, 'final': 21938}, 'objective': {'initial': 0, 'final': 7528}}",22787,21938,0,7528,28672,29466,22787,28672,0,21938,29466,3023,TSPA
lab4,lns,85,2056187347,37940.980226,True,,"[85, 188, 157, 17, 196, 169, 81, 187, 174, 40, 119, 185, 8, 165, 39, 90, 107, 27, 71, 58, 164, 7, 21, 155, 144, 61, 64, 114, 83, 89, 183, 153, 0, 170, 117, 93, 140, 36, 163, 67, 108, 69, 110, 191, 139, 198, 46, 115, 118, 72, 59, 65, 47, 77, 105, 116, 5, 96, 41, 193, 159, 195, 146, 103, 181, 192, 160, 48, 30, 54, 147, 104, 184, 28, 166, 11, 131, 149, 24, 161, 194, 6, 173, 180, 158, 53, 100, 26, 97, 101, 150, 1, 87, 125, 74, 152, 19, 189, 99, 121, 182, 136, 63, 80, 176, 66, 51, 109, 60, 141, 137, 23, 186, 15, 9, 62, 102, 49, 138, 32, 3, 178, 106, 52, 55, 91, 179, 92, 82, 120, 44, 25, 78, 145, 168, 31, 13, 56, 85]","[85, 188, 157, 17, 196, 169, 81, 187, 174, 90, 107, 27, 71, 58, 164, 7, 95, 39, 165, 119, 40, 185, 8, 138, 32, 3, 178, 49, 102, 155, 144, 61, 62, 9, 15, 64, 114, 186, 23, 76, 89, 183, 153, 0, 170, 117, 93, 140, 36, 67, 108, 69, 163, 110, 191, 139, 68, 46, 198, 115, 96, 41, 193, 159, 22, 146, 103, 181, 192, 160, 48, 30, 54, 147, 104, 184, 28, 166, 11, 35, 24, 149, 131, 77, 105, 116, 65, 59, 118, 60, 141, 66, 51, 109, 72, 162, 161, 194, 6, 173, 180, 158, 53, 136, 182, 121, 99, 189, 19, 100, 26, 101, 150, 1, 97, 152, 74, 125, 87, 2, 82, 120, 44, 25, 78, 145, 179, 91, 168, 31, 13, 56, 85]","{'distance': {'initial': 22787, 'final': 20219}, 'objective': {'initial': 0, 'final': 7943}}",22787,20219,0,7943,28672,28162,22787,28672,0,20219,28162,11182,TSPA
lab4,ils,85,7147683,37929.932618,True,,"[85, 56, 13, 31, 168, 145, 78, 25, 44, 120, 82, 2, 87, 125, 74, 152, 1, 150, 101, 97, 26, 100, 19, 189, 99, 121, 182, 136, 53, 158, 180, 173, 6, 70, 127, 29, 156, 126, 112, 4, 84, 11, 166, 28, 184, 104, 147, 54, 30, 48, 160, 192, 181, 103, 146, 195, 159, 199, 18, 69, 108, 67, 163, 110, 139, 191, 193, 41, 96, 5, 105, 116, 65, 47, 77, 131, 149, 24, 161, 162, 72, 59, 118, 60, 109, 51, 141, 66, 176, 12, 130, 94, 124, 111, 167, 148, 37, 33, 9, 62, 15, 186, 23, 76, 153, 0, 170, 143, 183, 89, 83, 114, 64, 61, 144, 155, 102, 49, 32, 138, 8, 165, 39, 27, 107, 90, 119, 40, 174, 187, 81, 169, 196, 17, 157, 188, 85]","[85, 56, 13, 31, 168, 91, 179, 145, 78, 25, 44, 120, 82, 2, 87, 125, 74, 152, 97, 1, 150, 101, 26, 100, 19, 189, 99, 121, 182, 136, 53, 158, 180, 173, 6, 194, 127, 29, 156, 126, 112, 4, 84, 11, 166, 28, 184, 104, 147, 54, 30, 48, 160, 192, 181, 103, 146, 195, 159, 199, 18, 69, 108, 67, 163, 36, 140, 93, 68, 46, 198, 139, 110, 191, 193, 41, 96, 5, 116, 65, 47, 105, 77, 131, 149, 24, 161, 162, 72, 59, 118, 60, 109, 51, 141, 66, 176, 12, 130, 94, 124, 111, 167, 148, 37, 33, 9, 62, 61, 144, 155, 102, 49, 138, 32, 3, 178, 106, 185, 40, 119, 8, 165, 39, 95, 7, 164, 58, 71, 27, 107, 90, 174, 187, 81, 169, 196, 17, 157, 188, 85]","{'distance': {'initial': 21484, 'final': 20885}, 'objective': {'initial': 0, 'final': 8005}}",21484,20885,0,8005,27865,28890,21484,27865,0,20885,28890,3151,TSPA
lab4,lns,85,7147683,37930.003313,True,,"[85, 56, 13, 31, 168, 145, 78, 25, 44, 120, 82, 2, 87, 125, 74, 152, 1, 150, 101, 97, 26, 100, 19, 189, 99, 121, 182, 136, 53, 158, 180, 173, 6, 70, 127, 29, 156, 126, 112, 4, 84, 11, 166, 28, 184, 104, 147, 54, 30, 48, 160, 192, 181, 103, 146, 195, 159, 199, 18, 69, 108, 67, 163, 110, 139, 191, 193, 41, 96, 5, 105, 116, 65, 47, 77, 131, 149, 24, 161, 162, 72, 59, 118, 60, 109, 51, 141, 66, 176, 12, 130, 94, 124, 111, 167, 148, 37, 33, 9, 62, 15, 186, 23, 76, 153, 0, 170, 143, 183, 89, 83, 114, 64, 61, 144, 155, 102, 49, 32, 138, 8, 165, 39, 27, 107, 90, 119, 40, 174, 187, 81, 169, 196, 17, 157, 188, 85]","[85, 56, 13, 31, 168, 145, 78, 25, 44, 120, 82, 2, 87, 125, 74, 152, 97, 1, 150, 101, 26, 100, 19, 189, 99, 121, 182, 136, 53, 158, 180, 173, 6, 194, 161, 162, 72, 109, 51, 66, 141, 60, 118, 59, 65, 116, 105, 77, 166, 28, 184, 11, 131, 149, 24, 29, 156, 126, 112, 4, 190, 10, 177, 104, 147, 54, 30, 48, 160, 192, 181, 103, 146, 195, 159, 193, 41, 96, 115, 198, 46, 68, 163, 69, 108, 67, 36, 140, 93, 117, 170, 0, 153, 183, 89, 76, 23, 186, 114, 64, 15, 61, 62, 9, 33, 37, 148, 12, 130, 94, 124, 111, 167, 128, 49, 102, 144, 155, 14, 32, 138, 8, 185, 40, 119, 165, 39, 27, 107, 90, 174, 187, 81, 169, 196, 17, 157, 188, 85]","{'distance': {'initial': 21484, 'final': 21181}, 'objective': {'initial': 0, 'final': 7960}}",21484,21181,0,7960,27865,29141,21484,27865,0,21181,29141,10497,TSPA
lab4,ils,46,283351225,37932.723475,True,,"[46, 80, 190, 105, 136, 73, 164, 31, 54, 193, 30, 42, 156, 24, 198, 117, 151, 19, 112, 121, 116, 158, 25, 123, 177, 21, 87, 8, 56, 104, 171, 157, 182, 138, 33, 160, 49, 11, 139, 2, 85, 74, 118, 98, 51, 125, 131, 1, 197, 16, 27, 38, 102, 32, 96, 63, 100, 17, 44, 133, 10, 178, 90, 191, 120, 67, 71, 147, 192, 150, 6, 188, 65, 169, 132, 126, 13, 145, 161, 70, 3, 15, 189, 167, 69, 109, 29, 39, 12, 0, 35, 34, 62, 18, 55, 174, 183, 140, 199, 4, 149, 101, 28, 59, 20, 23, 60, 148, 47, 154, 94, 66, 22, 179, 57, 172, 52, 48, 76, 75, 137, 114, 127, 165, 89, 163, 103, 26, 180, 176, 88, 194, 166, 86, 110, 128, 124, 106, 143, 159, 119, 41, 111, 68, 82, 58, 77, 97, 141, 91, 79, 61, 7, 5, 45, 142, 78, 175, 162, 46]","[46, 162, 175, 78, 142, 45, 5, 7, 61, 79, 91, 141, 97, 77, 58, 82, 87, 8, 68, 111, 39, 29, 12, 0, 109, 35, 37, 41, 14, 81, 153, 186, 119, 159, 143, 106, 124, 128, 110, 95, 130, 22, 185, 86, 166, 194, 88, 176, 180, 26, 103, 163, 89, 165, 127, 114, 137, 75, 76, 48, 52, 179, 172, 57, 66, 94, 154, 47, 148, 60, 23, 20, 59, 28, 101, 149, 4, 199, 140, 183, 174, 55, 18, 62, 34, 170, 152, 53, 184, 155, 167, 189, 145, 15, 3, 70, 161, 13, 126, 132, 169, 65, 188, 6, 150, 192, 147, 115, 178, 10, 133, 44, 17, 100, 63, 102, 38, 27, 16, 42, 156, 24, 197, 1, 131, 125, 90, 191, 71, 67, 120, 51, 98, 85, 2, 139, 182, 138, 11, 49, 33, 160, 144, 56, 104, 157, 171, 177, 123, 25, 158, 116, 121, 112, 19, 151, 198, 30, 117, 193, 54, 31, 164, 73, 136, 105, 190, 80, 46]","{'distance': {'initial': 25381, 'final': 26039}, 'objective': {'initial': 0, 'final': 19386}}",25381,26039,0,19386,43620,45425,25381,43620,0,26039,45425,2708,TSPB
lab4,lns,46,283351225,37937.325246,True,,"[46, 80, 190, 105, 136, 73, 164, 31, 54, 193, 30, 42, 156, 24, 198, 117, 151, 19, 112, 121, 116, 158, 25, 123, 177, 21, 87, 8, 56, 104, 171, 157, 182, 138, 33, 160, 49, 11, 139, 2, 85, 74, 118, 98, 51, 125, 131, 1, 197, 16, 27, 38, 102, 32, 96, 63, 100, 17, 44, 133, 10, 178, 90, 191, 120, 67, 71, 147, 192, 150, 6, 188, 65, 169, 132, 126, 13, 145, 161, 70, 3, 15, 189, 167, 69, 109, 29, 39, 12, 0, 35, 34, 62, 18, 55, 174, 183, 140, 199, 4, 149, 101, 28, 59, 20, 23, 60, 148, 47, 154, 94, 66, 22, 179, 57, 172, 52, 48, 76, 75, 137, 114, 127, 165, 89, 163, 103, 26, 180, 176, 88, 194, 166, 86, 110, 128, 124, 106, 143, 159, 119, 41, 111, 68, 82, 58, 77, 97, 141, 91, 79, 61, 7, 5, 45, 142, 78, 175, 162, 46]","[46, 162, 175, 78, 142, 45, 5, 7, 61, 79, 91, 87, 82, 58, 77, 81, 153, 186, 163, 89, 165, 127, 137, 114, 103, 26, 180, 176, 88, 194, 166, 86, 110, 95, 130, 22, 179, 52, 172, 57, 66, 94, 154, 47, 148, 60, 23, 20, 59, 28, 101, 149, 4, 199, 140, 183, 174, 55, 18, 62, 128, 124, 106, 143, 159, 119, 41, 111, 68, 8, 56, 104, 157, 171, 177, 123, 25, 182, 138, 11, 49, 33, 160, 39, 29, 12, 0, 35, 109, 69, 189, 167, 184, 155, 84, 70, 161, 3, 15, 145, 13, 126, 132, 169, 65, 188, 6, 150, 192, 147, 71, 67, 120, 51, 98, 116, 121, 112, 19, 131, 125, 90, 191, 178, 10, 133, 44, 17, 100, 63, 102, 38, 27, 16, 197, 1, 24, 156, 42, 30, 198, 117, 151, 54, 31, 193, 164, 73, 136, 105, 190, 80, 46]","{'distance': {'initial': 25381, 'final': 22791}, 'objective': {'initial': 0, 'final': 20069}}",25381,22791,0,20069,43620,42860,25381,43620,0,22791,42860,6752,TSPB
lab4,ils,46,1172159315,37937.731015,True,,"[46, 80, 190, 105, 136, 73, 164, 193, 31, 54, 151, 117, 198, 30, 42, 156, 24, 1, 197, 16, 27, 38, 102, 63, 100, 17, 44, 133, 10, 178, 191, 90, 125, 131, 121, 116, 98, 51, 120, 67, 71, 85, 2, 134, 192, 150, 6, 188, 65, 169, 132, 126, 13, 161, 70, 3, 15, 145, 189, 167, 155, 184, 53, 174, 183, 9, 199, 140, 4, 149, 101, 28, 59, 20, 23, 60, 148, 47, 154, 94, 66, 57, 172, 179, 52, 166, 194, 88, 176, 180, 26, 103, 89, 127, 165, 163, 186, 153, 119, 64, 86, 185, 22, 130, 95, 110, 128, 83, 55, 18, 62, 124, 106, 143, 159, 41, 111, 50, 58, 77, 97, 141, 91, 79, 61, 21, 87, 82, 68, 8, 171, 157, 104, 56, 144, 33, 160, 39, 12, 35, 109, 0, 29, 49, 11, 138, 182, 25, 123, 177, 7, 5, 45, 142, 78, 175, 162, 46]","[46, 80, 190, 105, 136, 73, 164, 193, 31, 54, 151, 117, 198, 30, 42, 156, 24, 1, 197, 16, 27, 38, 102, 63, 100, 17, 44, 133, 10, 178, 191, 90, 125, 131, 19, 112, 121, 116, 98, 51, 120, 67, 71, 147, 192, 150, 6, 188, 65, 169, 132, 126, 13, 161, 70, 3, 15, 145, 189, 167, 155, 184, 53, 174, 183, 140, 199, 4, 149, 101, 28, 59, 20, 23, 60, 148, 47, 154, 94, 66, 57, 172, 52, 179, 22, 185, 95, 181, 55, 18, 62, 124, 128, 110, 86, 166, 194, 88, 176, 180, 26, 103, 89, 127, 165, 163, 186, 153, 119, 159, 143, 41, 14, 50, 58, 77, 97, 141, 91, 79, 61, 21, 87, 82, 8, 68, 111, 37, 35, 109, 0, 12, 39, 29, 49, 11, 139, 182, 138, 33, 160, 144, 56, 104, 157, 171, 25, 123, 177, 7, 5, 45, 142, 78, 175, 162, 46]","{'distance': {'initial': 24708, 'final': 23385}, 'objective': {'initial': 0, 'final': 19808}}",24708,23385,0,19808,43176,43193,24708,43176,0,23385,43193,2827,TSPB
lab4,lns,46,1172159315,37930.546844,True,,"[46, 80, 190, 105, 136, 73, 164, 193, 31, 54, 151, 117, 198, 30, 42, 156, 24, 1, 197, 16, 27, 38, 102, 63, 100, 17, 44, 133, 10, 178, 191, 90, 125, 131, 121, 116, 98, 51, 120, 67, 71, 85, 2, 134, 192, 150, 6, 188, 65, 169, 132, 126, 13, 161, 70, 3, 15, 145, 189, 167, 155, 184, 53, 174, 183, 9, 199, 140, 4, 149, 101, 28, 59, 20, 23, 60, 148, 47, 154, 94, 66, 57, 172, 179, 52, 166, 194, 88, 176, 180, 26, 103, 89, 127, 165, 163, 186, 153, 119, 64, 86, 185, 22, 130, 95, 110, 128, 83, 55, 18, 62, 124, 106, 143, 159, 41, 111, 50, 58, 77, 97, 141, 91, 79, 61, 21, 87, 82, 68, 8, 171, 157, 104, 56, 144, 33, 160, 39, 12, 35, 109, 0, 29, 49, 11, 138, 182, 25, 123, 177, 7, 5, 45, 142, 78, 175, 162, 46]","[46, 80, 190, 105, 136, 73, 164, 193, 31, 54, 151, 117, 198, 30, 42, 156, 24, 1, 197, 16, 27, 38, 102, 63, 100, 17, 44, 133, 10, 178, 90, 125, 191, 71, 67, 120, 51, 98, 116, 121, 112, 19, 158, 25, 123, 177, 171, 157, 138, 182, 11, 139, 2, 85, 192, 150, 6, 188, 65, 169, 132, 126, 13, 145, 15, 161, 70, 3, 84, 155, 184, 167, 189, 69, 109, 35, 0, 12, 39, 29, 49, 33, 160, 144, 56, 104, 8, 68, 111, 41, 119, 159, 143, 106, 124, 128, 62, 18, 55, 174, 183, 140, 199, 4, 149, 101, 28, 59, 20, 23, 60, 148, 47, 154, 94, 66, 57, 172, 52, 179, 22, 130, 95, 110, 86, 166, 194, 88, 176, 180, 26, 103, 89, 127, 165, 163, 186, 153, 81, 14, 50, 77, 58, 82, 87, 91, 79, 61, 7, 5, 45, 142, 78, 175, 162, 46]","{'distance': {'initial': 24708, 'final': 22872}, 'objective': {'initial': 0, 'final': 20054}}",24708,22872,0,20054,43176,42926,24708,43176,0,22872,42926,6951,TSPB
lab4,ils,46,1475038901,37930.923653,True,,"[46, 80, 190, 105, 136, 173, 19, 112, 121, 131, 151, 54, 73, 164, 31, 193, 117, 198, 30, 42, 156, 24, 1, 197, 16, 27, 38, 102, 63, 100, 17, 44, 133, 10, 178, 191, 90, 125, 51, 98, 116, 158, 25, 171, 157, 138, 182, 2, 85, 192, 150, 6, 188, 65, 169, 132, 13, 126, 43, 139, 11, 49, 33, 160, 144, 56, 104, 8, 87, 58, 82, 68, 111, 41, 37, 35, 109, 0, 12, 39, 29, 69, 167, 189, 145, 15, 3, 161, 70, 84, 155, 184, 53, 140, 4, 149, 101, 28, 59, 199, 9, 148, 47, 154, 94, 66, 57, 172, 52, 179, 22, 185, 86, 110, 95, 174, 55, 18, 62, 128, 124, 106, 143, 159, 119, 129, 103, 26, 180, 176, 88, 194, 114, 137, 127, 165, 89, 163, 186, 153, 81, 77, 97, 141, 91, 79, 61, 7, 177, 123, 5, 78, 175, 142, 45, 162, 46]","[46, 80, 190, 105, 136, 73, 164, 193, 31, 54, 151, 117, 198, 30, 42, 156, 24, 1, 197, 16, 27, 38, 102, 63, 100, 17, 44, 133, 10, 178, 90, 125, 191, 71, 67, 120, 51, 98, 116, 121, 112, 19, 158, 25, 123, 177, 171, 157, 138, 182, 2, 85, 192, 150, 6, 188, 65, 169, 132, 13, 126, 195, 168, 139, 11, 49, 33, 160, 144, 56, 104, 8, 68, 111, 41, 37, 35, 109, 0, 12, 39, 29, 69, 167, 189, 145, 15, 3, 161, 70, 84, 155, 184, 53, 152, 170, 34, 55, 18, 62, 143, 159, 119, 106, 124, 128, 110, 86, 185, 22, 130, 95, 9, 199, 140, 4, 149, 101, 28, 59, 20, 23, 60, 148, 47, 154, 94, 66, 57, 172, 179, 52, 166, 194, 88, 176, 180, 26, 103, 89, 127, 165, 163, 186, 153, 81, 14, 50, 82, 87, 58, 77, 97, 141, 91, 79, 61, 7, 5, 45, 142, 78, 175, 162, 46]","{'distance': {'initial': 25685, 'final': 24880}, 'objective': {'initial': 0, 'final': 19249}}",25685,24880,0,19249,43775,44129,25685,43775,0,24880,44129,2780,TSPB
lab4,lns,46,1475038901,37932.854777,True,,"[46, 80, 190, 105, 136, 173, 19, 112, 121, 131, 151, 54, 73, 164, 31, 193, 117, 198, 30, 42, 156, 24, 1, 197, 16, 27, 38, 102, 63, 100, 17, 44, 133, 10, 178, 191, 90, 125, 51, 98, 116, 158, 25, 171, 157, 138, 182, 2, 85, 192, 150, 6, 188, 65, 169, 132, 13, 126, 43, 139, 11, 49, 33, 160, 144, 56, 104, 8, 87, 58, 82, 68, 111, 41, 37, 35, 109, 0, 12, 39, 29, 69, 167, 189, 145, 15, 3, 161, 70, 84, 155, 184, 53, 140, 4, 149, 101, 28, 59, 199, 9, 148, 47, 154, 94, 66, 57, 172, 52, 179, 22, 185, 86, 110, 95, 174, 55, 18, 62, 128, 124, 106, 143, 159, 119, 129, 103, 26, 180, 176, 88, 194, 114, 137, 127, 165, 89, 163, 186, 153, 81, 77, 97, 141, 91, 79, 61, 7, 177, 123, 5, 78, 175, 142, 45, 162, 46]","[46, 80, 190, 105, 136, 73, 164, 193, 31, 54, 151, 117, 198, 30, 42, 156, 24, 1, 197, 16, 27, 38, 102, 63, 100, 17, 44, 133, 10, 178, 191, 90, 125, 131, 19, 112, 121, 116, 98, 51, 120, 67, 71, 147, 192, 150, 6, 188, 65, 169, 132, 126, 13, 145, 15, 3, 161, 70, 84, 155, 184, 167, 189, 69, 109, 35, 0, 12, 29, 39, 160, 33, 49, 11, 138, 182, 25, 123, 177, 171, 157, 104, 56, 8, 68, 111, 41, 119, 159, 143, 106, 124, 128, 62, 18, 55, 174, 183, 140, 199, 4, 149, 101, 28, 59, 20, 148, 47, 154, 94, 66, 57, 172, 52, 179, 22, 130, 95, 110, 86, 166, 194, 88, 176, 180, 26, 103, 114, 137, 127, 165, 89, 163, 186, 153, 97, 77, 58, 82, 87, 91, 79, 61, 7, 5, 45, 142, 78, 175, 162, 46]","{'distance': {'initial': 25685, 'final': 22520}, 'objective': {'initial': 0, 'final': 19911}}",25685,22520,0,19911,43775,42431,25685,43775,0,22520,42431,6885,TSPB
lab4,ils,46,1823955155,37939.288952,True,,"[46, 162, 45, 142, 175, 78, 5, 7, 61, 79, 91, 177, 123, 171, 157, 104, 56, 8, 87, 82, 58, 77, 50, 68, 111, 41, 119, 153, 186, 129, 180, 176, 88, 194, 113, 26, 103, 163, 89, 165, 127, 114, 137, 75, 76, 48, 166, 52, 172, 179, 22, 57, 66, 94, 154, 47, 148, 60, 23, 20, 59, 199, 28, 101, 149, 4, 140, 183, 174, 55, 18, 62, 110, 128, 124, 106, 159, 143, 35, 109, 0, 12, 29, 39, 160, 33, 49, 195, 126, 13, 145, 15, 3, 70, 161, 132, 169, 65, 188, 6, 150, 192, 147, 67, 71, 178, 10, 133, 44, 17, 100, 122, 90, 191, 125, 51, 98, 85, 2, 139, 11, 138, 182, 25, 158, 116, 121, 112, 19, 131, 135, 32, 102, 38, 27, 16, 197, 1, 24, 156, 42, 30, 198, 117, 151, 54, 31, 193, 164, 73, 136, 105, 190, 80, 46]","[46, 162, 175, 78, 142, 45, 5, 7, 61, 79, 91, 87, 82, 58, 77, 81, 153, 186, 163, 165, 127, 89, 103, 26, 180, 176, 88, 194, 166, 86, 110, 95, 185, 22, 179, 52, 172, 57, 66, 94, 154, 47, 148, 60, 23, 20, 59, 28, 101, 149, 4, 199, 140, 183, 174, 55, 18, 62, 128, 124, 106, 143, 159, 119, 41, 111, 68, 8, 56, 104, 157, 171, 177, 123, 25, 158, 19, 112, 121, 116, 98, 85, 2, 139, 182, 138, 11, 49, 33, 160, 39, 29, 12, 0, 35, 109, 69, 167, 189, 145, 15, 3, 70, 161, 13, 126, 132, 169, 65, 188, 6, 150, 192, 147, 71, 67, 120, 51, 125, 90, 191, 178, 10, 133, 44, 17, 100, 63, 102, 38, 27, 16, 197, 1, 24, 156, 42, 30, 198, 117, 151, 54, 31, 193, 164, 73, 136, 105, 190, 80, 46]","{'distance': {'initial': 25144, 'final': 22243}, 'objective': {'initial': 0, 'final': 19963}}",25144,22243,0,19963,42518,42206,25144,42518,0,22243,42206,2830,TSPB
lab4,lns,46,1823955155,37931.286983,True,,"[46, 162, 45, 142, 175, 78, 5, 7, 61, 79, 91, 177, 123, 171, 157, 104, 56, 8, 87, 82, 58, 77, 50, 68, 111, 41, 119, 153, 186, 129, 180, 176, 88, 194, 113, 26, 103, 163, 89, 165, 127, 114, 137, 75, 76, 48, 166, 52, 172, 179, 22, 57, 66, 94, 154, 47, 148, 60, 23, 20, 59, 199, 28, 101, 149, 4, 140, 183, 174, 55, 18, 62, 110, 128, 124, 106, 159, 143, 35, 109, 0, 12, 29, 39, 160, 33, 49, 195, 126, 13, 145, 15, 3, 70, 161, 132, 169, 65, 188, 6, 150, 192, 147, 67, 71, 178, 10, 133, 44, 17, 100, 122, 90, 191, 125, 51, 98, 85, 2, 139, 11, 138, 182, 25, 158, 116, 121, 112, 19, 131, 135, 32, 102, 38, 27, 16, 197, 1, 24, 156, 42, 30, 198, 117, 151, 54, 31, 193, 164, 73, 136, 105, 190, 80, 46]","[46, 80, 190, 105, 136, 73, 164, 193, 31, 54, 151, 117, 198, 30, 42, 156, 24, 1, 197, 16, 27, 38, 102, 63, 100, 17, 44, 133, 10, 178, 191, 90, 125, 131, 19, 112, 121, 116, 98, 51, 120, 67, 71, 147, 192, 150, 6, 188, 65, 169, 132, 126, 13, 145, 15, 3, 161, 70, 84, 155, 184, 167, 189, 69, 109, 35, 0, 12, 29, 39, 160, 33, 49, 11, 138, 182, 25, 123, 177, 171, 157, 104, 56, 8, 68, 111, 41, 119, 159, 143, 106, 124, 128, 62, 18, 55, 174, 183, 140, 199, 4, 149, 101, 28, 59, 20, 23, 60, 148, 47, 154, 94, 66, 57, 172, 52, 179, 22, 130, 95, 110, 86, 166, 194, 88, 176, 180, 26, 103, 114, 137, 127, 165, 89, 163, 186, 153, 97, 77, 58, 82, 87, 91, 79, 61, 7, 5, 45, 142, 78, 175, 162, 46]","{'distance': {'initial': 25144, 'final': 22810}, 'objective': {'initial': 0, 'final': 20057}}",25144,22810,0,20057,42518,42867,25144,42518,0,22810,42867,7038,TSPB
lab4,ils,46,803530986,37939.907963,True,,"[46, 175, 78, 142, 7, 177, 123, 25, 171, 61, 79, 91, 87, 82, 8, 104, 56, 144, 68, 111, 50, 58, 77, 97, 153, 186, 163, 180, 176, 88, 194, 113, 26, 103, 89, 165, 127, 114, 137, 75, 76, 48, 166, 52, 172, 57, 179, 22, 66, 94, 154, 47, 148, 20, 59, 199, 28, 101, 149, 4, 140, 183, 174, 95, 86, 110, 128, 83, 55, 18, 62, 124, 106, 143, 159, 119, 81, 14, 41, 37, 35, 0, 12, 39, 29, 109, 69, 170, 152, 53, 184, 155, 167, 189, 145, 15, 3, 70, 161, 65, 188, 169, 132, 13, 126, 195, 168, 139, 11, 49, 160, 33, 138, 182, 2, 85, 6, 150, 192, 147, 71, 67, 120, 51, 98, 116, 121, 131, 125, 90, 191, 178, 10, 133, 44, 17, 100, 63, 102, 38, 27, 16, 197, 1, 24, 156, 42, 30, 198, 117, 193, 105, 190, 80, 136, 73, 164, 31, 54, 151, 19, 112, 173, 5, 45, 162, 46]","[46, 80, 190, 105, 193, 117, 198, 30, 42, 156, 24, 1, 197, 16, 27, 38, 102, 63, 100, 17, 44, 133, 10, 178, 90, 125, 191, 71, 67, 120, 51, 98, 118, 74, 2, 85, 192, 150, 6, 188, 65, 169, 132, 13, 126, 195, 145, 15, 3, 161, 70, 84, 155, 184, 167, 189, 69, 29, 39, 12, 0, 109, 35, 37, 111, 41, 119, 159, 143, 106, 124, 128, 62, 18, 55, 174, 183, 140, 199, 4, 149, 101, 28, 59, 20, 23, 60, 148, 47, 154, 94, 66, 57, 172, 52, 179, 22, 185, 95, 110, 86, 166, 194, 88, 176, 180, 26, 103, 89, 127, 165, 163, 186, 153, 81, 77, 58, 82, 68, 8, 104, 56, 144, 160, 33, 49, 11, 139, 182, 138, 157, 171, 87, 91, 79, 61, 7, 177, 123, 25, 158, 116, 121, 112, 19, 151, 54, 31, 164, 73, 136, 45, 142, 78, 175, 162, 46]","{'distance': {'initial': 27909, 'final': 23132}, 'objective': {'initial': 0, 'final': 19823}}",27909,23132,0,19823,44619,42955,27909,44619,0,23132,42955,2798,TSPB
lab4,lns,46,803530986,37933.49249,True,,"[46, 175, 78, 142, 7, 177, 123, 25, 171, 61, 79, 91, 87, 82, 8, 104, 56, 144, 68, 111, 50, 58, 77, 97, 153, 186, 163, 180, 176, 88, 194, 113, 26, 103, 89, 165, 127, 114, 137, 75, 76, 48, 166, 52, 172, 57, 179, 22, 66, 94, 154, 47, 148, 20, 59, 199, 28, 101, 149, 4, 140, 183, 174, 95, 86, 110, 128, 83, 55, 18, 62, 124, 106, 143, 159, 119, 81, 14, 41, 37, 35, 0, 12, 39, 29, 109, 69, 170, 152, 53, 184, 155, 167, 189, 145, 15, 3, 70, 161, 65, 188, 169, 132, 13, 126, 195, 168, 139, 11, 49, 160, 33, 138, 182, 2, 85, 6, 150, 192, 147, 71, 67, 120, 51, 98, 116, 121, 131, 125, 90, 191, 178, 10, 133, 44, 17, 100, 63, 102, 38, 27, 16, 197, 1, 24, 156, 42, 30, 198, 117, 193, 105, 190, 80, 136, 73, 164, 31, 54, 151, 19, 112, 173, 5, 45, 162, 46]","[46, 80, 190, 105, 136, 73, 164, 193, 31, 54, 151, 117, 198, 30, 42, 156, 24, 1, 197, 16, 27, 38, 102, 63, 100, 17, 44, 133, 10, 178, 90, 125, 191, 71, 67, 120, 51, 98, 116, 121, 112, 19, 158, 25, 123, 177, 171, 157, 138, 182, 11, 139, 2, 85, 192, 150, 6, 188, 65, 169, 132, 126, 13, 145, 15, 3, 161, 70, 84, 155, 184, 167, 189, 69, 109, 35, 0, 12, 39, 29, 49, 33, 160, 144, 56, 104, 8, 68, 111, 41, 119, 159, 143, 106, 124, 128, 62, 18, 55, 174, 183, 140, 199, 4, 149, 101, 28, 59, 20, 148, 47, 154, 94, 66, 57, 172, 52, 179, 22, 185, 95, 110, 86, 166, 194, 88, 176, 180, 26, 103, 114, 137, 127, 165, 89, 163, 186, 153, 81, 77, 58, 82, 87, 91, 79, 61, 7, 5, 45, 142, 78, 175, 162, 46]","{'distance': {'initial': 27909, 'final': 23000}, 'objective': {'initial': 0, 'final': 19935}}",27909,23000,0,19935,44619,42935,27909,44619,0,23000,42935,6935,TSPB
lab4,ils,46,1553997964,37929.612302,True,,"[46, 80, 190, 105, 136, 73, 164, 193, 31, 54, 151, 117, 198, 30, 42, 156, 24, 1, 197, 16, 27, 38, 102, 32, 135, 131, 19, 112, 121, 116, 158, 25, 118, 98, 51, 120, 67, 71, 191, 125, 90, 178, 133, 44, 10, 115, 147, 192, 150, 6, 85, 2, 139, 182, 138, 11, 49, 33, 160, 39, 29, 12, 37, 41, 111, 68, 144, 56, 104, 8, 87, 82, 58, 77, 81, 119, 159, 143, 106, 124, 35, 0, 109, 69, 145, 195, 126, 169, 188, 65, 132, 13, 15, 3, 161, 70, 84, 155, 189, 167, 184, 53, 4, 149, 101, 28, 59, 20, 23, 60, 148, 47, 154, 94, 66, 57, 172, 52, 179, 22, 185, 95, 9, 199, 140, 183, 174, 55, 18, 62, 128, 110, 86, 166, 176, 180, 88, 194, 76, 75, 137, 114, 26, 103, 89, 127, 165, 163, 186, 153, 97, 141, 91, 79, 61, 7, 177, 171, 123, 5, 78, 175, 142, 45, 162, 46]","[46, 80, 190, 105, 136, 73, 164, 193, 31, 54, 151, 117, 198, 30, 42, 156, 24, 1, 197, 16, 27, 38, 102, 63, 96, 32, 135, 131, 19, 112, 121, 116, 98, 51, 120, 67, 71, 191, 90, 125, 122, 100, 17, 44, 133, 10, 178, 115, 147, 192, 150, 6, 85, 2, 139, 11, 182, 138, 157, 104, 56, 144, 160, 33, 49, 29, 39, 12, 0, 35, 109, 69, 167, 189, 15, 145, 195, 126, 13, 132, 169, 188, 65, 161, 70, 3, 84, 155, 184, 53, 4, 149, 101, 28, 59, 20, 23, 60, 148, 47, 154, 94, 66, 57, 172, 52, 179, 22, 185, 95, 9, 199, 140, 183, 174, 55, 18, 62, 124, 128, 110, 86, 166, 194, 88, 176, 180, 26, 103, 89, 127, 165, 163, 186, 153, 119, 159, 143, 41, 111, 68, 8, 87, 82, 58, 77, 97, 141, 91, 79, 61, 7, 177, 171, 25, 123, 5, 45, 142, 78, 175, 162, 46]","{'distance': {'initial': 27491, 'final': 25287}, 'objective': {'initial': 0, 'final': 19275}}",27491,25287,0,19275,44744,44562,27491,44744,0,25287,44562,2757,TSPB
lab4,lns,46,1553997964,37931.948491,True,,"[46, 80, 190, 105, 136, 73, 164, 193, 31, 54, 151, 117, 198, 30, 42, 156, 24, 1, 197, 16, 27, 38, 102, 32, 135, 131, 19, 112, 121, 116, 158, 25, 118, 98, 51, 120, 67, 71, 191, 125, 90, 178, 133, 44, 10, 115, 147, 192, 150, 6, 85, 2, 139, 182, 138, 11, 49, 33, 160, 39, 29, 12, 37, 41, 111, 68, 144, 56, 104, 8, 87, 82, 58, 77, 81, 119, 159, 143, 106, 124, 35, 0, 109, 69, 145, 195, 126, 169, 188, 65, 132, 13, 15, 3, 161, 70, 84, 155, 189, 167, 184, 53, 4, 149, 101, 28, 59, 20, 23, 60, 148, 47, 154, 94, 66, 57, 172, 52, 179, 22, 185, 95, 9, 199, 140, 183, 174, 55, 18, 62, 128, 110, 86, 166, 176, 180, 88, 194, 76, 75, 137, 114, 26, 103, 89, 127, 165, 163, 186, 153, 97, 141, 91, 79, 61, 7, 177, 171, 123, 5, 78, 175, 142, 45, 162, 46]","[46, 80, 190, 105, 136, 73, 164, 193, 31, 54, 151, 117, 198, 30, 42, 156, 24, 1, 197, 16, 27, 38, 102, 63, 100, 17, 44, 133, 10, 178, 191, 90, 125, 131, 19, 112, 121, 116, 98, 51, 120, 67, 71, 147, 192, 150, 6, 188, 65, 169, 132, 126, 13, 145, 15, 3, 161, 70, 84, 155, 184, 167, 189, 69, 109, 35, 0, 12, 29, 39, 160, 33, 49, 11, 138, 182, 25, 123, 177, 171, 157, 104, 56, 8, 68, 111, 41, 119, 159, 143, 106, 124, 128, 62, 18, 55, 174, 183, 140, 199, 4, 149, 101, 28, 59, 20, 23, 60, 148, 47, 154, 94, 66, 57, 172, 52, 179, 22, 130, 95, 110, 86, 166, 194, 88, 176, 180, 26, 103, 114, 137, 127, 165, 89, 163, 186, 153, 97, 77, 58, 82, 87, 91, 79, 61, 7, 5, 45, 142, 78, 175, 162, 46]","{'distance': {'initial': 27491, 'final': 22810}, 'objective': {'initial': 0, 'final': 20057}}",27491,22810,0,20057,44744,42867,27491,44744,0,22810,42867,6732,TSPB
lab4,ils,46,1607424188,37939.411136,True,,"[46, 162, 175, 78, 142, 45, 136, 73, 164, 31, 54, 151, 19, 112, 121, 131, 135, 32, 122, 125, 90, 191, 71, 67, 120, 51, 98, 116, 158, 25, 123, 177, 171, 157, 138, 182, 139, 11, 49, 33, 160, 144, 56, 104, 8, 68, 82, 87, 21, 61, 79, 91, 58, 77, 81, 153, 186, 163, 165, 127, 89, 103, 26, 180, 176, 88, 194, 166, 86, 110, 128, 124, 62, 18, 83, 181, 95, 185, 22, 179, 52, 172, 57, 66, 94, 154, 47, 148, 20, 59, 199, 28, 101, 149, 4, 140, 183, 174, 55, 34, 170, 152, 53, 184, 155, 167, 189, 69, 109, 35, 0, 12, 39, 29, 195, 13, 145, 15, 3, 70, 161, 65, 188, 169, 132, 126, 43, 2, 85, 6, 150, 192, 147, 115, 178, 10, 133, 44, 17, 100, 63, 102, 38, 27, 16, 197, 1, 24, 156, 42, 30, 198, 117, 193, 105, 190, 80, 46]","[46, 162, 175, 78, 142, 45, 5, 7, 177, 123, 25, 158, 19, 112, 121, 131, 125, 90, 191, 71, 67, 120, 51, 98, 85, 2, 139, 182, 138, 11, 49, 33, 160, 144, 56, 104, 157, 171, 87, 21, 61, 79, 91, 141, 97, 77, 58, 82, 8, 68, 111, 41, 143, 159, 119, 153, 186, 163, 165, 127, 89, 103, 26, 180, 176, 88, 194, 166, 86, 110, 128, 124, 62, 18, 55, 181, 95, 185, 22, 179, 52, 172, 57, 66, 94, 154, 47, 148, 60, 23, 20, 59, 28, 101, 149, 4, 199, 140, 183, 174, 53, 184, 155, 167, 189, 69, 109, 35, 0, 12, 39, 29, 145, 15, 3, 70, 161, 13, 126, 132, 169, 65, 188, 6, 150, 192, 147, 115, 178, 10, 133, 44, 17, 100, 63, 102, 38, 27, 16, 197, 1, 24, 156, 42, 30, 198, 117, 151, 54, 31, 193, 164, 73, 136, 105, 190, 80, 46]","{'distance': {'initial': 24025, 'final': 23925}, 'objective': {'initial': 0, 'final': 19785}}",24025,23925,0,19785,42207,43710,24025,42207,0,23925,43710,2772,TSPB
lab4,lns,46,1607424188,37942.067216,True,,"[46, 162, 175, 78, 142, 45, 136, 73, 164, 31, 54, 151, 19, 112, 121, 131, 135, 32, 122, 125, 90, 191, 71, 67, 120, 51, 98, 116, 158, 25, 123, 177, 171, 157, 138, 182, 139, 11, 49, 33, 160, 144, 56, 104, 8, 68, 82, 87, 21, 61, 79, 91, 58, 77, 81, 153, 186, 163, 165, 127, 89, 103, 26, 180, 176, 88, 194, 166, 86, 110, 128, 124, 62, 18, 83, 181, 95, 185, 22, 179, 52, 172, 57, 66, 94, 154, 47, 148, 20, 59, 199, 28, 101, 149, 4, 140, 183, 174, 55, 34, 170, 152, 53, 184, 155, 167, 189, 69, 109, 35, 0, 12, 39, 29, 195, 13, 145, 15, 3, 70, 161, 65, 188, 169, 132, 126, 43, 2, 85, 6, 150, 192, 147, 115, 178, 10, 133, 44, 17, 100, 63, 102, 38, 27, 16, 197, 1, 24, 156, 42, 30, 198, 117, 193, 105, 190, 80, 46]","[46, 80, 190, 105, 136, 73, 164, 193, 31, 54, 151, 117, 198, 30, 42, 156, 24, 1, 197, 16, 27, 38, 102, 63, 100, 17, 44, 133, 10, 178, 191, 90, 125, 71, 67, 120, 51, 98, 116, 121, 112, 19, 158, 25, 123, 177, 171, 157, 138, 182, 11, 139, 2, 85, 192, 150, 6, 188, 65, 169, 132, 126, 13, 145, 15, 3, 161, 70, 84, 155, 184, 167, 189, 69, 109, 35, 0, 12, 39, 29, 49, 33, 160, 144, 56, 104, 8, 68, 111, 41, 119, 159, 143, 106, 124, 128, 62, 18, 55, 174, 183, 140, 199, 4, 149, 101, 28, 59, 20, 148, 47, 154, 94, 66, 57, 172, 52, 179, 22, 130, 95, 110, 86, 166, 194, 88, 176, 180, 26, 103, 89, 127, 165, 163, 186, 153, 97, 77, 58, 82, 87, 91, 79, 61, 7, 5, 45, 142, 78, 175, 162, 46]","{'distance': {'initial': 24025, 'final': 22379}, 'objective': {'initial': 0, 'final': 19916}}",24025,22379,0,19916,42207,42295,24025,42207,0,22379,42295,6982,TSPB
lab4,ils,46,1118930418,37929.12809,True,,"[46, 80, 190, 105, 136, 193, 54, 31, 164, 73, 19, 112, 121, 131, 151, 117, 198, 30, 42, 156, 24, 1, 197, 16, 27, 38, 102, 63, 100, 17, 44, 133, 10, 178, 90, 125, 191, 71, 67, 120, 51, 98, 118, 74, 2, 85, 192, 150, 6, 188, 65, 169, 132, 13, 126, 195, 145, 15, 161, 70, 3, 189, 167, 155, 184, 53, 152, 170, 34, 55, 18, 62, 124, 128, 110, 86, 95, 9, 199, 140, 4, 149, 101, 28, 59, 20, 23, 60, 148, 47, 154, 94, 66, 22, 179, 57, 172, 52, 166, 194, 88, 176, 180, 26, 103, 127, 165, 89, 163, 186, 153, 97, 77, 58, 91, 79, 61, 21, 87, 82, 68, 8, 104, 56, 144, 12, 0, 35, 109, 29, 39, 160, 33, 49, 11, 139, 182, 138, 157, 171, 25, 123, 177, 7, 5, 78, 175, 142, 45, 162, 46]","[46, 80, 190, 105, 136, 73, 164, 193, 31, 54, 151, 19, 112, 121, 131, 117, 198, 30, 42, 156, 24, 1, 197, 16, 27, 38, 102, 63, 100, 17, 44, 133, 10, 178, 90, 125, 191, 71, 67, 120, 51, 98, 118, 74, 2, 85, 192, 150, 6, 188, 65, 169, 132, 126, 13, 161, 70, 3, 15, 145, 189, 167, 155, 184, 53, 152, 170, 34, 55, 18, 62, 124, 128, 110, 95, 174, 183, 140, 199, 4, 149, 101, 28, 59, 20, 23, 60, 148, 47, 154, 94, 66, 57, 172, 52, 179, 22, 185, 86, 166, 194, 88, 176, 180, 26, 103, 89, 127, 165, 163, 186, 153, 81, 14, 50, 58, 77, 97, 141, 91, 79, 61, 21, 87, 82, 8, 68, 111, 41, 37, 35, 109, 0, 12, 39, 29, 49, 11, 139, 182, 138, 33, 160, 144, 56, 104, 157, 171, 25, 123, 177, 7, 5, 45, 142, 78, 175, 162, 46]","{'distance': {'initial': 22877, 'final': 23564}, 'objective': {'initial': 0, 'final': 19612}}",22877,23564,0,19612,41662,43176,22877,41662,0,23564,43176,2752,TSPB
lab4,lns,46,1118930418,37930.789938,True,,"[46, 80, 190, 105, 136, 193, 54, 31, 164, 73, 19, 112, 121, 131, 151, 117, 198, 30, 42, 156, 24, 1, 197, 16, 27, 38, 102, 63, 100, 17, 44, 133, 10, 178, 90, 125, 191, 71, 67, 120, 51, 98, 118, 74, 2, 85, 192, 150, 6, 188, 65, 169, 132, 13, 126, 195, 145, 15, 161, 70, 3, 189, 167, 155, 184, 53, 152, 170, 34, 55, 18, 62, 124, 128, 110, 86, 95, 9, 199, 140, 4, 149, 101, 28, 59, 20, 23, 60, 148, 47, 154, 94, 66, 22, 179, 57, 172, 52, 166, 194, 88, 176, 180, 26, 103, 127, 165, 89, 163, 186, 153, 97, 77, 58, 91, 79, 61, 21, 87, 82, 68, 8, 104, 56, 144, 12, 0, 35, 109, 29, 39, 160, 33, 49, 11, 139, 182, 138, 157, 171, 25, 123, 177, 7, 5, 78, 175, 142, 45, 162, 46]","[46, 80, 190, 105, 136, 73, 164, 193, 31, 54, 151, 117, 198, 30, 42, 156, 24, 1, 197, 16, 27, 38, 102, 63, 100, 17, 44, 133, 10, 178, 191, 90, 125, 131, 19, 112, 121, 116, 98, 51, 120, 67, 71, 147, 192, 150, 6, 188, 65, 169, 132, 126, 13, 145, 15, 3, 161, 70, 84, 155, 184, 167, 189, 69, 109, 35, 0, 12, 29, 39, 160, 33, 49, 11, 138, 182, 25, 123, 177, 171, 157, 104, 56, 8, 68, 111, 41, 119, 159, 143, 106, 124, 128, 62, 18, 55, 174, 183, 140, 199, 4, 149, 101, 28, 59, 20, 23, 60, 148, 47, 154, 94, 66, 57, 172, 52, 179, 22, 130, 95, 110, 86, 166, 194, 88, 176, 180, 26, 103, 89, 127, 165, 163, 186, 153, 81, 77, 58, 82, 87, 91, 79, 61, 7, 5, 45, 142, 78, 175, 162, 46]","{'distance': {'initial': 22877, 'final': 22227}, 'objective': {'initial': 0, 'final': 20079}}",22877,22227,0,20079,41662,42306,22877,41662,0,22227,42306,6835,TSPB
lab4,ils,46,661499493,37931.331203,True,,"[46, 162, 45, 142, 175, 78, 5, 123, 177, 7, 61, 79, 91, 87, 171, 157, 104, 56, 144, 111, 68, 8, 82, 58, 77, 97, 153, 186, 163, 165, 127, 89, 103, 26, 180, 176, 88, 194, 166, 52, 172, 57, 179, 22, 66, 94, 154, 47, 148, 60, 23, 20, 59, 28, 101, 149, 4, 199, 140, 183, 174, 55, 18, 62, 181, 95, 86, 110, 128, 124, 106, 143, 159, 119, 41, 37, 35, 109, 0, 12, 29, 39, 160, 33, 49, 11, 138, 182, 139, 2, 43, 126, 13, 145, 15, 3, 70, 161, 132, 169, 65, 188, 6, 150, 192, 147, 71, 67, 120, 191, 90, 178, 10, 133, 44, 17, 100, 122, 131, 125, 51, 98, 116, 121, 112, 19, 151, 117, 198, 24, 1, 197, 38, 27, 16, 42, 156, 30, 193, 54, 31, 164, 73, 136, 105, 190, 80, 46]","[46, 162, 175, 78, 142, 45, 5, 7, 177, 123, 25, 171, 157, 104, 56, 144, 111, 68, 8, 82, 87, 21, 61, 79, 91, 141, 97, 77, 58, 50, 14, 81, 153, 186, 163, 165, 127, 89, 103, 26, 180, 176, 88, 194, 166, 52, 179, 172, 57, 66, 94, 154, 47, 148, 60, 23, 20, 59, 28, 101, 149, 4, 199, 140, 183, 174, 55, 18, 62, 181, 95, 130, 22, 185, 86, 110, 128, 124, 106, 143, 159, 119, 41, 37, 35, 109, 0, 12, 29, 39, 160, 33, 49, 11, 138, 182, 139, 2, 43, 126, 13, 145, 15, 3, 70, 161, 132, 169, 65, 188, 6, 150, 192, 147, 71, 67, 120, 98, 51, 125, 90, 191, 178, 10, 133, 44, 17, 100, 63, 102, 32, 135, 131, 121, 112, 19, 151, 24, 1, 197, 16, 38, 27, 42, 156, 30, 198, 117, 193, 31, 54, 164, 73, 136, 105, 190, 80, 46]","{'distance': {'initial': 22604, 'final': 23224}, 'objective': {'initial': 0, 'final': 19337}}",22604,23224,0,19337,41038,42561,22604,41038,0,23224,42561,2814,TSPB
lab4,lns,46,661499493,37932.021388,True,,"[46, 162, 45, 142, 175, 78, 5, 123, 177, 7, 61, 79, 91, 87, 171, 157, 104, 56, 144, 111, 68, 8, 82, 58, 77, 97, 153, 186, 163, 165, 127, 89, 103, 26, 180, 176, 88, 194, 166, 52, 172, 57, 179, 22, 66, 94, 154, 47, 148, 60, 23, 20, 59, 28, 101, 149, 4, 199, 140, 183, 174, 55, 18, 62, 181, 95, 86, 110, 128, 124, 106, 143, 159, 119, 41, 37, 35, 109, 0, 12, 29, 39, 160, 33, 49, 11, 138, 182, 139, 2, 43, 126, 13, 145, 15, 3, 70, 161, 132, 169, 65, 188, 6, 150, 192, 147, 71, 67, 120, 191, 90, 178, 10, 133, 44, 17, 100, 122, 131, 125, 51, 98, 116, 121, 112, 19, 151, 117, 198, 24, 1, 197, 38, 27, 16, 42, 156, 30, 193, 54, 31, 164, 73, 136, 105, 190, 80, 46]","[46, 162, 175, 78, 142, 45, 5, 7, 61, 79, 91, 87, 82, 58, 77, 97, 153, 186, 163, 165, 127, 89, 103, 26, 180, 176, 88, 194, 166, 86, 110, 95, 130, 22, 179, 52, 172, 57, 66, 94, 154, 47, 148, 60, 23, 20, 59, 28, 101, 149, 4, 199, 140, 183, 174, 55, 18, 62, 128, 124, 106, 143, 159, 119, 41, 111, 68, 8, 104, 56, 144, 160, 33, 49, 29, 39, 12, 0, 35, 109, 69, 167, 189, 145, 15, 3, 70, 161, 13, 126, 132, 169, 65, 188, 6, 150, 192, 85, 2, 139, 11, 182, 138, 157, 171, 177, 123, 25, 158, 19, 112, 121, 116, 98, 51, 120, 67, 71, 191, 125, 90, 178, 10, 133, 44, 17, 100, 63, 102, 38, 27, 16, 197, 1, 24, 156, 42, 30, 198, 117, 151, 54, 31, 193, 164, 73, 136, 105, 190, 80, 46]","{'distance': {'initial': 22604, 'final': 22200}, 'objective': {'initial': 0, 'final': 19974}}",22604,22200,0,19974,41038,42174,22604,41038,0,22200,42174,6791,TSPB
lab4,ils,46,1313765164,37931.93587,True,,"[46, 162, 136, 105, 196, 42, 156, 24, 198, 30, 117, 193, 31, 164, 73, 54, 151, 19, 112, 121, 116, 98, 51, 125, 191, 90, 131, 1, 197, 16, 27, 38, 102, 63, 100, 17, 72, 96, 32, 122, 44, 133, 10, 178, 115, 147, 192, 150, 85, 2, 134, 6, 188, 65, 169, 132, 126, 13, 145, 15, 161, 70, 3, 189, 167, 155, 184, 53, 174, 183, 140, 4, 149, 101, 28, 59, 199, 9, 22, 130, 95, 181, 55, 18, 62, 110, 128, 124, 106, 143, 159, 119, 129, 180, 176, 88, 194, 166, 52, 179, 57, 172, 48, 76, 114, 137, 127, 165, 89, 103, 26, 163, 186, 153, 81, 77, 50, 14, 41, 111, 37, 35, 109, 0, 12, 39, 29, 49, 11, 139, 182, 138, 33, 160, 144, 56, 104, 8, 68, 82, 58, 91, 79, 61, 21, 87, 171, 25, 123, 177, 7, 5, 45, 142, 78, 175, 46]","[46, 80, 190, 105, 136, 73, 164, 31, 54, 193, 117, 198, 30, 156, 42, 27, 38, 16, 197, 1, 24, 151, 19, 112, 121, 116, 98, 51, 120, 67, 71, 191, 90, 125, 131, 135, 32, 102, 63, 100, 17, 44, 133, 10, 178, 115, 147, 192, 150, 6, 188, 65, 169, 132, 126, 13, 161, 70, 3, 15, 145, 189, 167, 155, 184, 53, 152, 170, 34, 55, 174, 183, 140, 199, 4, 149, 101, 28, 59, 20, 23, 60, 148, 47, 154, 94, 66, 57, 172, 52, 179, 22, 185, 95, 86, 110, 128, 62, 124, 106, 143, 159, 119, 129, 180, 176, 88, 194, 166, 48, 76, 75, 137, 114, 26, 103, 89, 127, 165, 163, 186, 153, 81, 14, 41, 111, 37, 35, 109, 0, 12, 39, 29, 49, 11, 139, 182, 138, 33, 160, 144, 56, 104, 8, 68, 82, 87, 58, 77, 97, 141, 91, 79, 61, 7, 177, 171, 25, 123, 5, 45, 142, 78, 175, 162, 46]","{'distance': {'initial': 26102, 'final': 25421}, 'objective': {'initial': 0, 'final': 19317}}",26102,25421,0,19317,42850,44738,26102,42850,0,25421,44738,2695,TSPB
lab4,lns,46,1313765164,37935.590362,True,,"[46, 162, 136, 105, 196, 42, 156, 24, 198, 30, 117, 193, 31, 164, 73, 54, 151, 19, 112, 121, 116, 98, 51, 125, 191, 90, 131, 1, 197, 16, 27, 38, 102, 63, 100, 17, 72, 96, 32, 122, 44, 133, 10, 178, 115, 147, 192, 150, 85, 2, 134, 6, 188, 65, 169, 132, 126, 13, 145, 15, 161, 70, 3, 189, 167, 155, 184, 53, 174, 183, 140, 4, 149, 101, 28, 59, 199, 9, 22, 130, 95, 181, 55, 18, 62, 110, 128, 124, 106, 143, 159, 119, 129, 180, 176, 88, 194, 166, 52, 179, 57, 172, 48, 76, 114, 137, 127, 165, 89, 103, 26, 163, 186, 153, 81, 77, 50, 14, 41, 111, 37, 35, 109, 0, 12, 39, 29, 49, 11, 139, 182, 138, 33, 160, 144, 56, 104, 8, 68, 82, 58, 91, 79, 61, 21, 87, 171, 25, 123, 177, 7, 5, 45, 142, 78, 175, 46]","[46, 162, 175, 78, 142, 45, 5, 7, 61, 79, 91, 87, 82, 58, 77, 97, 153, 186, 163, 89, 165, 127, 137, 114, 103, 26, 180, 176, 88, 194, 166, 86, 110, 95, 130, 22, 179, 52, 172, 57, 66, 94, 154, 47, 148, 20, 59, 28, 101, 149, 4, 199, 140, 183, 174, 55, 18, 62, 128, 124, 106, 143, 159, 119, 41, 111, 68, 8, 56, 104, 157, 171, 177, 123, 25, 182, 138, 11, 49, 33, 160, 39, 29, 12, 0, 35, 109, 69, 167, 189, 145, 15, 3, 70, 161, 13, 126, 132, 169, 65, 188, 6, 150, 192, 147, 71, 67, 120, 51, 98, 116, 121, 112, 19, 131, 125, 90, 191, 178, 10, 133, 44, 17, 100, 63, 102, 38, 27, 16, 197, 1, 24, 156, 42, 30, 198, 117, 151, 54, 31, 193, 164, 73, 136, 105, 190, 80, 46]","{'distance': {'initial': 26102, 'final': 22052}, 'objective': {'initial': 0, 'final': 19822}}",26102,22052,0,19822,42850,41874,26102,42850,0,22052,41874,7051,TSPB
lab4,ils,46,2096555770,37935.763516,True,,"[46, 162, 136, 105, 193, 31, 164, 73, 54, 151, 117, 198, 30, 42, 156, 24, 1, 197, 16, 27, 38, 102, 63, 100, 17, 44, 133, 10, 178, 191, 90, 125, 71, 67, 120, 51, 98, 116, 121, 112, 19, 158, 25, 171, 123, 177, 21, 87, 58, 50, 14, 81, 119, 64, 86, 110, 128, 62, 124, 106, 143, 159, 41, 111, 68, 82, 8, 144, 160, 39, 12, 35, 109, 0, 29, 49, 33, 56, 104, 157, 138, 182, 11, 139, 2, 85, 192, 150, 6, 188, 65, 169, 132, 126, 13, 161, 70, 3, 15, 145, 189, 167, 155, 184, 53, 152, 170, 34, 55, 174, 183, 140, 199, 4, 149, 101, 28, 59, 20, 148, 47, 154, 94, 66, 22, 179, 57, 172, 52, 166, 194, 88, 176, 180, 26, 103, 89, 127, 165, 163, 186, 153, 77, 97, 141, 91, 79, 61, 7, 5, 78, 175, 142, 45, 46]","[46, 80, 190, 105, 136, 73, 164, 193, 31, 54, 151, 117, 198, 30, 42, 156, 24, 1, 197, 16, 27, 38, 102, 63, 100, 17, 44, 133, 10, 178, 90, 125, 191, 71, 67, 120, 51, 98, 116, 121, 112, 19, 158, 25, 123, 177, 171, 157, 104, 56, 144, 160, 33, 49, 11, 138, 182, 139, 2, 85, 192, 150, 6, 188, 65, 169, 132, 126, 13, 161, 70, 3, 15, 145, 189, 167, 155, 184, 53, 174, 183, 140, 199, 4, 149, 101, 28, 59, 20, 23, 60, 148, 47, 154, 94, 66, 57, 172, 52, 179, 22, 185, 95, 110, 86, 166, 194, 88, 176, 180, 26, 103, 89, 127, 165, 163, 186, 153, 119, 159, 143, 106, 124, 128, 62, 18, 55, 34, 69, 29, 39, 12, 0, 109, 35, 37, 41, 111, 68, 8, 87, 82, 58, 77, 97, 141, 91, 79, 61, 7, 5, 45, 142, 78, 175, 162, 46]","{'distance': {'initial': 24800, 'final': 23607}, 'objective': {'initial': 0, 'final': 19995}}",24800,23607,0,19995,42408,43602,24800,42408,0,23607,43602,2817,TSPB
lab4,lns,46,2096555770,37932.05504,True,,"[46, 162, 136, 105, 193, 31, 164, 73, 54, 151, 117, 198, 30, 42, 156, 24, 1, 197, 16, 27, 38, 102, 63, 100, 17, 44, 133, 10, 178, 191, 90, 125, 71, 67, 120, 51, 98, 116, 121, 112, 19, 158, 25, 171, 123, 177, 21, 87, 58, 50, 14, 81, 119, 64, 86, 110, 128, 62, 124, 106, 143, 159, 41, 111, 68, 82, 8, 144, 160, 39, 12, 35, 109, 0, 29, 49, 33, 56, 104, 157, 138, 182, 11, 139, 2, 85, 192, 150, 6, 188, 65, 169, 132, 126, 13, 161, 70, 3, 15, 145, 189, 167, 155, 184, 53, 152, 170, 34, 55, 174, 183, 140, 199, 4, 149, 101, 28, 59, 20, 148, 47, 154, 94, 66, 22, 179, 57, 172, 52, 166, 194, 88, 176, 180, 26, 103, 89, 127, 165, 163, 186, 153, 77, 97, 141, 91, 79, 61, 7, 5, 78, 175, 142, 45, 46]","[46, 162, 175, 78, 142, 45, 5, 7, 61, 79, 91, 141, 97, 77, 58, 82, 87, 8, 68, 111, 144, 56, 104, 157, 171, 177, 123, 25, 182, 138, 11, 49, 33, 160, 39, 29, 12, 0, 109, 35, 37, 41, 143, 159, 119, 153, 186, 163, 165, 127, 89, 103, 26, 180, 176, 88, 194, 166, 86, 110, 128, 124, 62, 18, 55, 181, 95, 185, 22, 179, 52, 172, 57, 66, 94, 154, 47, 148, 20, 59, 28, 101, 149, 4, 199, 140, 183, 174, 53, 184, 155, 167, 189, 145, 15, 3, 70, 161, 13, 126, 132, 169, 65, 188, 6, 150, 192, 147, 71, 67, 120, 51, 98, 116, 121, 112, 19, 131, 125, 90, 191, 178, 10, 133, 44, 17, 100, 63, 102, 38, 27, 16, 197, 1, 24, 156, 42, 30, 198, 117, 151, 54, 31, 193, 164, 73, 136, 105, 190, 80, 46]","{'distance': {'initial': 24800, 'final': 22619}, 'objective': {'initial': 0, 'final': 19789}}",24800,22619,0,19789,42408,42408,24800,42408,0,22619,42408,7069,TSPB
lab4,ils,46,88374594,37931.027628,True,,"[46, 80, 190, 105, 193, 117, 198, 30, 42, 156, 24, 1, 197, 16, 27, 38, 102, 63, 100, 17, 44, 133, 10, 178, 191, 90, 125, 120, 67, 71, 147, 192, 150, 6, 188, 134, 85, 2, 139, 11, 49, 33, 160, 39, 12, 0, 35, 109, 29, 195, 126, 132, 169, 65, 70, 161, 13, 145, 15, 3, 189, 167, 155, 184, 53, 152, 170, 34, 124, 128, 110, 62, 18, 55, 174, 183, 140, 4, 149, 101, 28, 199, 59, 20, 23, 60, 148, 47, 154, 94, 66, 22, 179, 57, 172, 52, 166, 194, 88, 176, 180, 113, 114, 137, 127, 165, 89, 103, 26, 163, 186, 153, 119, 159, 143, 41, 111, 50, 77, 58, 91, 79, 61, 21, 87, 82, 68, 8, 56, 104, 138, 182, 157, 171, 177, 123, 25, 158, 98, 51, 116, 121, 112, 19, 151, 54, 31, 164, 73, 136, 45, 142, 78, 175, 162, 46]","[46, 80, 190, 105, 193, 117, 198, 30, 42, 156, 24, 1, 197, 16, 27, 38, 102, 63, 100, 17, 44, 133, 10, 178, 191, 90, 125, 51, 98, 120, 67, 71, 147, 192, 150, 6, 188, 65, 169, 132, 13, 126, 43, 2, 139, 182, 138, 11, 49, 33, 160, 39, 29, 12, 0, 35, 109, 69, 167, 189, 145, 15, 3, 161, 70, 84, 155, 184, 53, 152, 170, 34, 55, 18, 62, 124, 128, 110, 95, 174, 183, 140, 199, 4, 149, 101, 28, 59, 20, 23, 60, 148, 47, 154, 94, 66, 57, 172, 52, 179, 22, 185, 86, 166, 194, 88, 176, 180, 26, 103, 89, 127, 165, 163, 186, 153, 119, 159, 143, 41, 14, 50, 58, 77, 97, 141, 91, 79, 61, 21, 87, 82, 8, 68, 111, 144, 56, 104, 157, 171, 177, 123, 25, 158, 116, 121, 112, 19, 151, 54, 31, 164, 73, 136, 45, 142, 78, 175, 162, 46]","{'distance': {'initial': 24928, 'final': 24069}, 'objective': {'initial': 0, 'final': 19444}}",24928,24069,0,19444,42427,43513,24928,42427,0,24069,43513,2772,TSPB
lab4,lns,46,88374594,37932.993915,True,,"[46, 80, 190, 105, 193, 117, 198, 30, 42, 156, 24, 1, 197, 16, 27, 38, 102, 63, 100, 17, 44, 133, 10, 178, 191, 90, 125, 120, 67, 71, 147, 192, 150, 6, 188, 134, 85, 2, 139, 11, 49, 33, 160, 39, 12, 0, 35, 109, 29, 195, 126, 132, 169, 65, 70, 161, 13, 145, 15, 3, 189, 167, 155, 184, 53, 152, 170, 34, 124, 128, 110, 62, 18, 55, 174, 183, 140, 4, 149, 101, 28, 199, 59, 20, 23, 60, 148, 47, 154, 94, 66, 22, 179, 57, 172, 52, 166, 194, 88, 176, 180, 113, 114, 137, 127, 165, 89, 103, 26, 163, 186, 153, 119, 159, 143, 41, 111, 50, 77, 58, 91, 79, 61, 21, 87, 82, 68, 8, 56, 104, 138, 182, 157, 171, 177, 123, 25, 158, 98, 51, 116, 121, 112, 19, 151, 54, 31, 164, 73, 136, 45, 142, 78, 175, 162, 46]","[46, 80, 190, 105, 136, 73, 164, 193, 31, 54, 151, 117, 198, 30, 42, 156, 24, 1, 197, 16, 27, 38, 102, 63, 100, 17, 44, 133, 10, 178, 90, 125, 191, 71, 67, 120, 51, 98, 116, 121, 112, 19, 158, 25, 123, 177, 171, 157, 104, 56, 8, 68, 111, 144, 160, 33, 49, 11, 138, 182, 139, 2, 85, 192, 150, 6, 188, 65, 169, 132, 126, 13, 145, 15, 3, 161, 70, 84, 155, 184, 167, 189, 69, 29, 39, 12, 0, 109, 35, 37, 41, 119, 159, 143, 106, 124, 128, 62, 18, 55, 174, 183, 140, 199, 4, 149, 101, 28, 59, 20, 23, 60, 148, 47, 154, 94, 66, 57, 172, 52, 179, 22, 130, 95, 110, 86, 166, 194, 88, 176, 180, 26, 103, 114, 137, 127, 165, 89, 163, 186, 153, 81, 77, 58, 82, 87, 91, 79, 61, 7, 5, 45, 142, 78, 175, 162, 46]","{'distance': {'initial': 24928, 'final': 23418}, 'objective': {'initial': 0, 'final': 19987}}",24928,23418,0,19987,42427,43405,24928,42427,0,23418,43405,6642,TSPB
lab4,ils,46,938432605,37937.762408,True,,"[46, 80, 190, 105, 136, 173, 112, 19, 151, 54, 31, 73, 164, 193, 117, 198, 30, 42, 156, 24, 1, 197, 16, 27, 38, 102, 63, 100, 17, 44, 133, 10, 178, 71, 67, 120, 191, 90, 125, 131, 121, 116, 51, 98, 118, 74, 2, 85, 192, 150, 6, 188, 65, 169, 132, 126, 13, 161, 70, 3, 15, 145, 189, 167, 155, 184, 53, 174, 183, 140, 199, 4, 149, 101, 28, 59, 20, 23, 60, 148, 47, 154, 94, 66, 57, 172, 52, 179, 22, 185, 95, 86, 166, 194, 76, 75, 137, 114, 26, 103, 89, 127, 165, 163, 186, 153, 129, 180, 176, 88, 64, 110, 128, 83, 55, 18, 62, 124, 106, 143, 159, 119, 81, 77, 58, 91, 79, 61, 21, 87, 82, 8, 68, 111, 41, 37, 35, 109, 0, 12, 29, 39, 160, 144, 56, 104, 33, 49, 11, 138, 182, 25, 171, 123, 177, 7, 5, 45, 142, 78, 175, 162, 46]","[46, 80, 190, 105, 136, 73, 164, 193, 31, 54, 151, 117, 198, 30, 42, 156, 24, 1, 197, 16, 27, 38, 102, 63, 100, 17, 44, 133, 10, 178, 71, 67, 120, 191, 90, 125, 131, 19, 112, 121, 116, 51, 98, 118, 74, 2, 85, 192, 150, 6, 188, 65, 169, 132, 126, 13, 161, 70, 3, 15, 145, 189, 167, 155, 184, 53, 152, 170, 34, 62, 18, 55, 174, 183, 140, 199, 4, 149, 101, 28, 59, 20, 23, 60, 148, 47, 154, 94, 66, 57, 172, 52, 179, 22, 185, 95, 86, 166, 194, 114, 137, 127, 165, 89, 163, 103, 26, 113, 88, 180, 176, 64, 110, 128, 124, 106, 143, 159, 119, 186, 153, 81, 77, 58, 91, 79, 61, 21, 87, 82, 8, 68, 111, 41, 37, 35, 109, 0, 12, 39, 29, 49, 11, 139, 182, 138, 33, 160, 144, 56, 104, 157, 171, 25, 123, 177, 7, 5, 45, 142, 78, 175, 162, 46]","{'distance': {'initial': 25702, 'final': 24808}, 'objective': {'initial': 0, 'final': 19332}}",25702,24808,0,19332,44150,44140,25702,44150,0,24808,44140,2724,TSPB
lab4,lns,46,938432605,37930.472705,True,,"[46, 80, 190, 105, 136, 173, 112, 19, 151, 54, 31, 73, 164, 193, 117, 198, 30, 42, 156, 24, 1, 197, 16, 27, 38, 102, 63, 100, 17, 44, 133, 10, 178, 71, 67, 120, 191, 90, 125, 131, 121, 116, 51, 98, 118, 74, 2, 85, 192, 150, 6, 188, 65, 169, 132, 126, 13, 161, 70, 3, 15, 145, 189, 167, 155, 184, 53, 174, 183, 140, 199, 4, 149, 101, 28, 59, 20, 23, 60, 148, 47, 154, 94, 66, 57, 172, 52, 179, 22, 185, 95, 86, 166, 194, 76, 75, 137, 114, 26, 103, 89, 127, 165, 163, 186, 153, 129, 180, 176, 88, 64, 110, 128, 83, 55, 18, 62, 124, 106, 143, 159, 119, 81, 77, 58, 91, 79, 61, 21, 87, 82, 8, 68, 111, 41, 37, 35, 109, 0, 12, 29, 39, 160, 144, 56, 104, 33, 49, 11, 138, 182, 25, 171, 123, 177, 7, 5, 45, 142, 78, 175, 162, 46]","[46, 80, 190, 105, 136, 73, 164, 193, 31, 54, 151, 117, 198, 30, 42, 156, 24, 1, 197, 16, 27, 38, 102, 63, 100, 17, 44, 133, 10, 178, 191, 90, 125, 71, 67, 120, 51, 98, 116, 121, 112, 19, 158, 25, 123, 177, 171, 157, 104, 56, 8, 68, 111, 144, 160, 33, 49, 138, 182, 11, 139, 2, 85, 192, 150, 6, 188, 65, 169, 132, 126, 13, 145, 15, 3, 161, 70, 84, 155, 184, 167, 189, 69, 29, 39, 12, 0, 109, 35, 37, 41, 119, 159, 143, 106, 124, 128, 62, 18, 55, 174, 183, 140, 199, 4, 149, 101, 28, 59, 20, 23, 60, 148, 47, 154, 94, 66, 57, 172, 52, 179, 22, 185, 95, 110, 86, 166, 194, 88, 176, 180, 26, 103, 114, 137, 127, 165, 89, 163, 186, 153, 97, 77, 58, 82, 87, 91, 79, 61, 7, 5, 45, 142, 78, 175, 162, 46]","{'distance': {'initial': 25702, 'final': 23537}, 'objective': {'initial': 0, 'final': 19968}}",25702,23537,0,19968,44150,43505,25702,44150,0,23537,43505,6789,TSPB
lab4,ils,46,20218822,37930.306723,True,,"[46, 175, 78, 142, 7, 61, 79, 91, 141, 97, 77, 58, 82, 8, 68, 111, 41, 37, 35, 18, 62, 128, 124, 106, 143, 159, 119, 153, 186, 129, 180, 176, 88, 113, 26, 103, 163, 89, 165, 127, 137, 114, 194, 166, 52, 172, 57, 179, 185, 86, 110, 95, 130, 22, 9, 199, 59, 28, 101, 149, 4, 140, 183, 174, 55, 34, 170, 152, 53, 184, 155, 167, 189, 3, 70, 161, 15, 145, 13, 126, 132, 169, 65, 188, 6, 150, 192, 147, 115, 178, 10, 133, 44, 17, 100, 63, 96, 32, 102, 38, 27, 16, 197, 1, 24, 156, 42, 196, 105, 136, 73, 164, 54, 31, 193, 117, 30, 198, 151, 19, 112, 121, 116, 125, 90, 191, 71, 67, 120, 51, 98, 85, 2, 139, 11, 182, 138, 49, 33, 160, 39, 29, 109, 0, 12, 144, 56, 104, 157, 171, 87, 21, 177, 123, 5, 45, 162, 46]","[46, 162, 175, 78, 142, 45, 136, 73, 164, 31, 54, 151, 19, 112, 121, 131, 125, 90, 191, 71, 67, 120, 51, 98, 85, 2, 139, 182, 138, 11, 49, 33, 160, 144, 56, 104, 157, 171, 25, 123, 177, 7, 61, 79, 91, 141, 97, 77, 58, 82, 87, 8, 68, 111, 41, 37, 35, 109, 0, 12, 39, 29, 69, 189, 167, 34, 55, 18, 62, 128, 124, 106, 143, 159, 119, 153, 186, 163, 165, 127, 89, 103, 26, 180, 176, 88, 194, 166, 86, 110, 95, 185, 22, 179, 52, 172, 57, 66, 94, 154, 47, 148, 20, 59, 28, 101, 149, 4, 199, 140, 183, 174, 53, 184, 155, 84, 70, 161, 3, 15, 145, 195, 126, 13, 132, 169, 65, 188, 6, 150, 192, 147, 115, 178, 10, 133, 44, 17, 100, 63, 102, 38, 27, 16, 197, 1, 24, 156, 42, 30, 198, 117, 193, 105, 190, 80, 46]","{'distance': {'initial': 25327, 'final': 23684}, 'objective': {'initial': 0, 'final': 19860}}",25327,23684,0,19860,42788,43544,25327,42788,0,23684,43544,2848,TSPB
lab4,lns,46,20218822,37931.274872,True,,"[46, 175, 78, 142, 7, 61, 79, 91, 141, 97, 77, 58, 82, 8, 68, 111, 41, 37, 35, 18, 62, 128, 124, 106, 143, 159, 119, 153, 186, 129, 180, 176, 88, 113, 26, 103, 163, 89, 165, 127, 137, 114, 194, 166, 52, 172, 57, 179, 185, 86, 110, 95, 130, 22, 9, 199, 59, 28, 101, 149, 4, 140, 183, 174, 55, 34, 170, 152, 53, 184, 155, 167, 189, 3, 70, 161, 15, 145, 13, 126, 132, 169, 65, 188, 6, 150, 192, 147, 115, 178, 10, 133, 44, 17, 100, 63, 96, 32, 102, 38, 27, 16, 197, 1, 24, 156, 42, 196, 105, 136, 73, 164, 54, 31, 193, 117, 30, 198, 151, 19, 112, 121, 116, 125, 90, 191, 71, 67, 120, 51, 98, 85, 2, 139, 11, 182, 138, 49, 33, 160, 39, 29, 109, 0, 12, 144, 56, 104, 157, 171, 87, 21, 177, 123, 5, 45, 162, 46]","[46, 80, 190, 105, 136, 73, 164, 193, 31, 54, 151, 117, 198, 30, 42, 156, 24, 1, 197, 16, 27, 38, 102, 63, 100, 17, 44, 133, 10, 178, 191, 90, 125, 71, 67, 120, 51, 98, 116, 121, 112, 19, 158, 25, 123, 177, 171, 157, 138, 182, 11, 139, 2, 85, 192, 150, 6, 188, 65, 169, 132, 126, 13, 145, 15, 3, 161, 70, 84, 155, 184, 167, 189, 69, 109, 35, 0, 12, 39, 29, 49, 33, 160, 144, 56, 104, 8, 68, 111, 41, 119, 159, 143, 106, 124, 128, 110, 62, 18, 55, 174, 183, 140, 199, 4, 149, 101, 28, 59, 20, 148, 47, 154, 94, 66, 57, 172, 52, 179, 22, 185, 95, 86, 166, 194, 88, 176, 180, 26, 103, 114, 137, 127, 165, 89, 163, 186, 153, 81, 77, 58, 82, 87, 91, 79, 61, 7, 5, 45, 142, 78, 175, 162, 46]","{'distance': {'initial': 25327, 'final': 23053}, 'objective': {'initial': 0, 'final': 19882}}",25327,23053,0,19882,42788,42935,25327,42788,0,23053,42935,6992,TSPB
lab4,ils,46,1525404135,37935.519732,True,,"[46, 142, 175, 78, 7, 177, 171, 157, 138, 182, 139, 11, 49, 33, 160, 144, 56, 104, 8, 68, 82, 87, 21, 61, 79, 91, 58, 77, 97, 146, 187, 165, 127, 89, 103, 26, 113, 88, 194, 166, 86, 95, 185, 22, 179, 52, 172, 57, 66, 94, 154, 47, 148, 60, 23, 20, 59, 28, 101, 149, 4, 199, 140, 183, 174, 55, 18, 62, 124, 128, 110, 64, 176, 180, 163, 186, 153, 119, 159, 143, 41, 111, 37, 35, 12, 39, 29, 0, 109, 69, 189, 167, 184, 155, 84, 70, 161, 3, 15, 145, 13, 126, 132, 169, 65, 188, 6, 150, 192, 134, 2, 85, 98, 51, 116, 121, 131, 125, 90, 191, 178, 10, 133, 44, 17, 100, 63, 102, 38, 27, 16, 197, 1, 24, 156, 42, 30, 198, 117, 193, 31, 164, 73, 54, 151, 19, 112, 158, 25, 123, 5, 45, 162, 46]","[46, 80, 190, 105, 136, 45, 5, 123, 25, 158, 116, 121, 112, 19, 151, 54, 73, 164, 31, 193, 117, 198, 30, 42, 156, 24, 1, 197, 16, 27, 38, 102, 63, 100, 17, 44, 133, 10, 178, 90, 125, 191, 71, 67, 120, 51, 98, 118, 74, 2, 85, 192, 150, 6, 188, 65, 169, 132, 13, 126, 195, 145, 15, 3, 161, 70, 84, 155, 184, 167, 189, 69, 29, 39, 12, 0, 109, 35, 37, 111, 41, 119, 159, 143, 106, 124, 128, 62, 18, 55, 174, 183, 140, 199, 4, 149, 101, 28, 59, 20, 23, 60, 148, 47, 154, 94, 66, 57, 172, 52, 179, 22, 185, 95, 110, 86, 166, 194, 88, 176, 180, 26, 103, 89, 127, 165, 163, 186, 153, 81, 14, 50, 58, 77, 97, 141, 91, 79, 61, 21, 87, 82, 68, 8, 104, 56, 144, 160, 33, 49, 11, 139, 182, 138, 157, 171, 177, 7, 78, 175, 142, 162, 46]","{'distance': {'initial': 24097, 'final': 23999}, 'objective': {'initial': 0, 'final': 19778}}",24097,23999,0,19778,42162,43777,24097,42162,0,23999,43777,2716,TSPB
lab4,lns,46,1525404135,37933.155962,True,,"[46, 142, 175, 78, 7, 177, 171, 157, 138, 182, 139, 11, 49, 33, 160, 144, 56, 104, 8, 68, 82, 87, 21, 61, 79, 91, 58, 77, 97, 146, 187, 165, 127, 89, 103, 26, 113, 88, 194, 166, 86, 95, 185, 22, 179, 52, 172, 57, 66, 94, 154, 47, 148, 60, 23, 20, 59, 28, 101, 149, 4, 199, 140, 183, 174, 55, 18, 62, 124, 128, 110, 64, 176, 180, 163, 186, 153, 119, 159, 143, 41, 111, 37, 35, 12, 39, 29, 0, 109, 69, 189, 167, 184, 155, 84, 70, 161, 3, 15, 145, 13, 126, 132, 169, 65, 188, 6, 150, 192, 134, 2, 85, 98, 51, 116, 121, 131, 125, 90, 191, 178, 10, 133, 44, 17, 100, 63, 102, 38, 27, 16, 197, 1, 24, 156, 42, 30, 198, 117, 193, 31, 164, 73, 54, 151, 19, 112, 158, 25, 123, 5, 45, 162, 46]","[46, 162, 175, 78, 142, 45, 5, 7, 61, 79, 91, 87, 82, 58, 77, 97, 153, 186, 163, 165, 127, 89, 103, 26, 180, 176, 88, 194, 166, 86, 110, 95, 185, 22, 179, 52, 172, 57, 66, 94, 154, 47, 148, 60, 23, 20, 59, 28, 101, 149, 4, 199, 140, 183, 174, 55, 18, 62, 128, 124, 106, 143, 159, 119, 41, 111, 68, 8, 56, 104, 157, 171, 177, 123, 25, 182, 138, 11, 49, 33, 160, 39, 29, 12, 0, 35, 109, 69, 189, 167, 184, 155, 84, 70, 161, 3, 15, 145, 13, 126, 132, 169, 65, 188, 6, 150, 192, 147, 71, 67, 120, 51, 98, 116, 121, 112, 19, 131, 125, 90, 191, 178, 10, 133, 44, 17, 100, 63, 102, 38, 27, 16, 197, 1, 24, 156, 42, 30, 198, 117, 151, 54, 31, 193, 164, 73, 136, 105, 190, 80, 46]","{'distance': {'initial': 24097, 'final': 22323}, 'objective': {'initial': 0, 'final': 20083}}",24097,22323,0,20083,42162,42406,24097,42162,0,22323,42406,7074,TSPB
lab4,ils,46,323300637,37935.61964,True,,"[46, 162, 175, 78, 7, 61, 79, 91, 58, 82, 68, 111, 41, 14, 50, 77, 97, 153, 186, 119, 106, 124, 128, 110, 95, 130, 22, 185, 86, 88, 176, 180, 163, 165, 127, 89, 103, 26, 113, 194, 166, 52, 179, 172, 57, 66, 94, 154, 47, 148, 60, 23, 20, 59, 199, 28, 101, 149, 4, 140, 183, 174, 55, 18, 62, 159, 143, 35, 109, 0, 12, 39, 29, 69, 167, 189, 3, 70, 161, 15, 145, 13, 132, 65, 188, 169, 126, 43, 2, 139, 182, 138, 11, 49, 33, 160, 144, 56, 104, 8, 87, 171, 177, 123, 5, 142, 45, 136, 73, 54, 151, 19, 112, 121, 116, 98, 51, 125, 90, 191, 178, 10, 133, 44, 17, 100, 63, 102, 38, 27, 16, 197, 1, 24, 156, 42, 30, 198, 117, 193, 31, 164, 105, 190, 80, 46]","[46, 162, 175, 78, 142, 45, 5, 7, 61, 79, 91, 87, 82, 58, 77, 81, 153, 186, 163, 165, 127, 89, 103, 26, 180, 176, 88, 194, 166, 86, 110, 95, 185, 22, 179, 52, 172, 57, 66, 94, 154, 47, 148, 60, 23, 20, 59, 28, 101, 149, 4, 199, 140, 183, 174, 55, 18, 62, 128, 124, 106, 143, 159, 119, 41, 37, 35, 109, 0, 12, 39, 29, 69, 167, 189, 145, 15, 3, 70, 161, 13, 126, 132, 169, 65, 188, 6, 150, 192, 85, 2, 139, 182, 138, 11, 49, 33, 160, 144, 111, 68, 8, 56, 104, 157, 171, 177, 123, 25, 158, 19, 112, 121, 116, 98, 51, 120, 67, 71, 191, 125, 90, 178, 10, 133, 44, 17, 100, 63, 102, 38, 27, 16, 197, 1, 24, 156, 42, 30, 198, 117, 151, 54, 31, 193, 164, 73, 136, 105, 190, 80, 46]","{'distance': {'initial': 23253, 'final': 22463}, 'objective': {'initial': 0, 'final': 19924}}",23253,22463,0,19924,40489,42387,23253,40489,0,22463,42387,2897,TSPB
lab4,lns,46,323300637,37933.547808,True,,"[46, 162, 175, 78, 7, 61, 79, 91, 58, 82, 68, 111, 41, 14, 50, 77, 97, 153, 186, 119, 106, 124, 128, 110, 95, 130, 22, 185, 86, 88, 176, 180, 163, 165, 127, 89, 103, 26, 113, 194, 166, 52, 179, 172, 57, 66, 94, 154, 47, 148, 60, 23, 20, 59, 199, 28, 101, 149, 4, 140, 183, 174, 55, 18, 62, 159, 143, 35, 109, 0, 12, 39, 29, 69, 167, 189, 3, 70, 161, 15, 145, 13, 132, 65, 188, 169, 126, 43, 2, 139, 182, 138, 11, 49, 33, 160, 144, 56, 104, 8, 87, 171, 177, 123, 5, 142, 45, 136, 73, 54, 151, 19, 112, 121, 116, 98, 51, 125, 90, 191, 178, 10, 133, 44, 17, 100, 63, 102, 38, 27, 16, 197, 1, 24, 156, 42, 30, 198, 117, 193, 31, 164, 105, 190, 80, 46]","[46, 162, 175, 78, 142, 45, 5, 7, 61, 79, 91, 141, 97, 77, 58, 82, 87, 8, 104, 56, 144, 68, 111, 41, 143, 159, 119, 153, 186, 163, 165, 127, 89, 103, 26, 180, 176, 88, 194, 166, 86, 110, 128, 124, 62, 18, 55, 181, 95, 130, 22, 179, 52, 172, 57, 66, 94, 154, 47, 148, 60, 23, 20, 59, 28, 101, 149, 4, 199, 140, 183, 174, 53, 184, 155, 167, 189, 69, 109, 35, 0, 12, 29, 39, 160, 33, 49, 11, 139, 182, 138, 157, 171, 177, 123, 25, 158, 116, 121, 112, 19, 131, 125, 90, 191, 71, 67, 120, 51, 98, 85, 2, 43, 126, 13, 145, 15, 3, 70, 161, 132, 169, 65, 188, 6, 150, 192, 147, 115, 178, 10, 133, 44, 17, 100, 63, 102, 38, 27, 16, 197, 1, 24, 156, 42, 30, 198, 117, 151, 54, 31, 193, 164, 73, 136, 105, 190, 80, 46]","{'distance': {'initial': 23253, 'final': 23780}, 'objective': {'initial': 0, 'final': 20057}}",23253,23780,0,20057,40489,43837,23253,40489,0,23780,43837,6935,TSPB
lab4,ils,46,488251362,37941.981698,True,,"[46, 162, 175, 78, 142, 45, 5, 123, 177, 7, 61, 79, 91, 87, 171, 157, 104, 8, 68, 82, 58, 77, 81, 153, 186, 163, 89, 165, 127, 114, 137, 75, 76, 48, 166, 194, 88, 113, 26, 103, 180, 176, 86, 110, 128, 124, 106, 119, 159, 143, 62, 18, 55, 181, 95, 185, 22, 179, 52, 172, 57, 66, 94, 154, 47, 148, 60, 23, 20, 59, 199, 28, 101, 149, 4, 140, 183, 174, 53, 184, 155, 84, 3, 70, 161, 15, 145, 189, 167, 69, 109, 29, 39, 12, 0, 35, 37, 41, 111, 56, 144, 160, 33, 49, 11, 139, 168, 195, 126, 13, 132, 169, 65, 188, 6, 150, 192, 147, 115, 178, 10, 133, 44, 17, 100, 63, 102, 32, 135, 131, 125, 90, 191, 71, 67, 120, 51, 98, 85, 2, 182, 138, 25, 158, 116, 121, 112, 19, 151, 24, 1, 197, 38, 27, 16, 42, 156, 30, 198, 117, 193, 31, 54, 164, 73, 136, 105, 190, 80, 46]","[46, 162, 175, 78, 142, 45, 5, 7, 61, 79, 91, 87, 82, 58, 77, 81, 153, 186, 163, 89, 165, 127, 137, 114, 103, 26, 180, 176, 88, 194, 166, 86, 110, 128, 124, 106, 119, 159, 143, 62, 18, 55, 181, 95, 185, 22, 179, 52, 172, 57, 66, 94, 154, 47, 148, 60, 23, 20, 59, 28, 101, 149, 4, 199, 140, 183, 174, 53, 184, 155, 167, 189, 69, 29, 39, 12, 0, 109, 35, 37, 41, 111, 68, 8, 104, 56, 144, 160, 33, 49, 11, 139, 168, 195, 126, 13, 145, 15, 3, 70, 161, 132, 169, 65, 188, 6, 150, 192, 147, 115, 178, 10, 133, 44, 17, 100, 63, 102, 32, 135, 131, 125, 90, 191, 71, 67, 120, 51, 98, 85, 2, 182, 138, 157, 171, 177, 123, 25, 158, 116, 121, 112, 19, 151, 24, 1, 197, 16, 38, 27, 42, 156, 30, 198, 117, 193, 54, 31, 164, 73, 136, 105, 190, 80, 46]","{'distance': {'initial': 27260, 'final': 24920}, 'objective': {'initial': 0, 'final': 19599}}",27260,24920,0,19599,45379,44519,27260,45379,0,24920,44519,2690,TSPB
lab4,lns,46,488251362,37932.130141,True,,"[46, 162, 175, 78, 142, 45, 5, 123, 177, 7, 61, 79, 91, 87, 171, 157, 104, 8, 68, 82, 58, 77, 81, 153, 186, 163, 89, 165, 127, 114, 137, 75, 76, 48, 166, 194, 88, 113, 26, 103, 180, 176, 86, 110, 128, 124, 106, 119, 159, 143, 62, 18, 55, 181, 95, 185, 22, 179, 52, 172, 57, 66, 94, 154, 47, 148, 60, 23, 20, 59, 199, 28, 101, 149, 4, 140, 183, 174, 53, 184, 155, 84, 3, 70, 161, 15, 145, 189, 167, 69, 109, 29, 39, 12, 0, 35, 37, 41, 111, 56, 144, 160, 33, 49, 11, 139, 168, 195, 126, 13, 132, 169, 65, 188, 6, 150, 192, 147, 115, 178, 10, 133, 44, 17, 100, 63, 102, 32, 135, 131, 125, 90, 191, 71, 67, 120, 51, 98, 85, 2, 182, 138, 25, 158, 116, 121, 112, 19, 151, 24, 1, 197, 38, 27, 16, 42, 156, 30, 198, 117, 193, 31, 54, 164, 73, 136, 105, 190, 80, 46]","[46, 162, 175, 78, 142, 45, 5, 7, 61, 79, 91, 87, 82, 58, 77, 97, 153, 186, 163, 89, 165, 127, 137, 114, 103, 26, 180, 176, 88, 194, 166, 86, 110, 95, 130, 22, 179, 52, 172, 57, 66, 94, 154, 47, 148, 60, 23, 20, 59, 28, 101, 149, 4, 199, 140, 183, 174, 55, 18, 62, 128, 124, 106, 143, 159, 119, 41, 111, 68, 8, 104, 56, 144, 160, 33, 49, 29, 39, 12, 0, 35, 109, 69, 189, 167, 184, 155, 84, 70, 161, 3, 15, 145, 13, 126, 132, 169, 65, 188, 6, 150, 192, 85, 2, 139, 11, 182, 138, 157, 171, 177, 123, 25, 158, 19, 112, 121, 116, 98, 51, 120, 67, 71, 191, 125, 90, 178, 10, 133, 44, 17, 100, 63, 102, 38, 27, 16, 197, 1, 24, 156, 42, 30, 198, 117, 151, 54, 31, 193, 164, 73, 136, 105, 190, 80, 46]","{'distance': {'initial': 27260, 'final': 23232}, 'objective': {'initial': 0, 'final': 20053}}",27260,23232,0,20053,45379,43285,27260,45379,0,23232,43285,6981,TSPB
lab4,ils,46,584426219,37929.274747,True,,"[46, 80, 190, 105, 193, 164, 73, 31, 54, 151, 117, 198, 30, 42, 156, 24, 1, 197, 16, 27, 38, 102, 63, 100, 17, 44, 133, 122, 131, 19, 112, 121, 116, 98, 51, 125, 90, 191, 71, 67, 120, 85, 2, 134, 192, 150, 6, 188, 65, 169, 132, 126, 13, 145, 15, 3, 161, 70, 84, 155, 189, 167, 184, 53, 152, 170, 34, 55, 18, 62, 124, 128, 110, 86, 95, 174, 183, 140, 199, 4, 149, 101, 28, 59, 20, 23, 60, 148, 47, 154, 94, 66, 22, 179, 57, 172, 52, 166, 194, 88, 176, 180, 26, 103, 89, 127, 165, 163, 186, 153, 119, 159, 143, 41, 111, 37, 35, 109, 0, 12, 39, 29, 49, 11, 139, 182, 138, 33, 160, 144, 56, 104, 8, 68, 82, 58, 87, 91, 79, 61, 7, 177, 171, 25, 123, 173, 136, 45, 142, 78, 175, 162, 46]","[46, 80, 190, 105, 136, 73, 164, 193, 31, 54, 151, 117, 198, 30, 42, 156, 24, 1, 197, 16, 27, 38, 102, 63, 100, 17, 44, 133, 10, 178, 122, 131, 19, 112, 121, 116, 125, 90, 191, 71, 67, 120, 51, 98, 118, 74, 2, 85, 192, 150, 6, 188, 65, 169, 132, 126, 13, 145, 15, 3, 161, 70, 84, 155, 189, 167, 184, 53, 174, 183, 140, 199, 4, 149, 101, 28, 59, 20, 23, 60, 148, 47, 154, 94, 66, 57, 172, 52, 179, 22, 185, 95, 181, 55, 18, 62, 124, 128, 110, 86, 166, 194, 88, 176, 180, 26, 103, 89, 127, 165, 163, 186, 153, 119, 159, 143, 41, 37, 35, 109, 0, 12, 29, 39, 160, 33, 49, 11, 138, 182, 25, 123, 177, 171, 157, 104, 56, 144, 111, 68, 8, 87, 82, 58, 77, 97, 141, 91, 79, 61, 7, 5, 45, 142, 78, 175, 162, 46]","{'distance': {'initial': 24067, 'final': 23970}, 'objective': {'initial': 0, 'final': 19775}}",24067,23970,0,19775,42509,43745,24067,42509,0,23970,43745,2831,TSPB
lab4,lns,46,584426219,37929.818126,True,,"[46, 80, 190, 105, 193, 164, 73, 31, 54, 151, 117, 198, 30, 42, 156, 24, 1, 197, 16, 27, 38, 102, 63, 100, 17, 44, 133, 122, 131, 19, 112, 121, 116, 98, 51, 125, 90, 191, 71, 67, 120, 85, 2, 134, 192, 150, 6, 188, 65, 169, 132, 126, 13, 145, 15, 3, 161, 70, 84, 155, 189, 167, 184, 53, 152, 170, 34, 55, 18, 62, 124, 128, 110, 86, 95, 174, 183, 140, 199, 4, 149, 101, 28, 59, 20, 23, 60, 148, 47, 154, 94, 66, 22, 179, 57, 172, 52, 166, 194, 88, 176, 180, 26, 103, 89, 127, 165, 163, 186, 153, 119, 159, 143, 41, 111, 37, 35, 109, 0, 12, 39, 29, 49, 11, 139, 182, 138, 33, 160, 144, 56, 104, 8, 68, 82, 58, 87, 91, 79, 61, 7, 177, 171, 25, 123, 173, 136, 45, 142, 78, 175, 162, 46]","[46, 162, 175, 78, 142, 45, 5, 7, 61, 79, 91, 87, 82, 58, 77, 81, 153, 186, 163, 165, 127, 89, 103, 26, 180, 176, 88, 194, 166, 86, 110, 95, 130, 22, 179, 52, 172, 57, 66, 94, 154, 47, 148, 60, 23, 20, 59, 28, 101, 149, 4, 199, 140, 183, 174, 55, 18, 62, 128, 124, 106, 143, 159, 119, 41, 111, 68, 8, 104, 56, 144, 160, 33, 49, 29, 39, 12, 0, 35, 109, 69, 189, 167, 184, 155, 84, 70, 161, 3, 15, 145, 13, 126, 132, 169, 65, 188, 6, 150, 192, 85, 2, 139, 11, 182, 138, 157, 171, 177, 123, 25, 158, 19, 112, 121, 116, 98, 51, 120, 67, 71, 125, 90, 191, 178, 10, 133, 44, 17, 100, 63, 102, 38, 27, 16, 197, 1, 24, 156, 42, 30, 198, 117, 151, 54, 31, 193, 164, 73, 136, 105, 190, 80, 46]","{'distance': {'initial': 24067, 'final': 22650}, 'objective': {'initial': 0, 'final': 20074}}",24067,22650,0,20074,42509,42724,24067,42509,0,22650,42724,6841,TSPB
lab4,ils,46,444380405,37930.159659,True,,"[46, 80, 190, 105, 136, 73, 164, 54, 31, 193, 30, 42, 156, 24, 198, 117, 151, 19, 112, 121, 116, 98, 51, 120, 67, 71, 191, 90, 125, 131, 1, 197, 16, 27, 38, 102, 63, 100, 17, 44, 133, 10, 178, 115, 147, 192, 150, 6, 85, 2, 43, 126, 13, 132, 169, 188, 65, 161, 70, 3, 15, 145, 189, 167, 69, 29, 109, 35, 0, 12, 39, 160, 33, 49, 11, 139, 182, 138, 144, 111, 41, 119, 159, 143, 106, 124, 128, 62, 18, 55, 174, 183, 140, 199, 4, 149, 101, 28, 59, 20, 23, 60, 148, 47, 154, 94, 66, 57, 172, 52, 179, 22, 185, 95, 110, 86, 166, 194, 88, 176, 180, 26, 103, 127, 165, 89, 163, 186, 153, 81, 77, 58, 82, 68, 8, 56, 104, 87, 171, 177, 123, 5, 78, 175, 142, 45, 162, 46]","[46, 80, 190, 105, 136, 73, 164, 54, 31, 193, 117, 30, 198, 151, 19, 112, 121, 116, 98, 51, 120, 67, 71, 191, 90, 125, 131, 1, 197, 24, 156, 42, 16, 27, 38, 102, 63, 100, 17, 44, 133, 10, 178, 115, 147, 192, 150, 6, 188, 65, 169, 132, 126, 13, 161, 70, 3, 15, 145, 189, 167, 69, 109, 35, 0, 12, 29, 39, 160, 33, 49, 11, 138, 182, 25, 123, 177, 171, 157, 104, 56, 8, 68, 111, 41, 119, 159, 143, 106, 124, 128, 62, 18, 55, 174, 183, 140, 199, 4, 149, 101, 28, 59, 20, 23, 60, 148, 47, 154, 94, 66, 57, 172, 52, 179, 22, 185, 95, 110, 86, 166, 194, 88, 176, 180, 26, 103, 89, 127, 165, 163, 186, 153, 81, 77, 58, 82, 87, 91, 79, 61, 7, 5, 45, 142, 78, 175, 162, 46]","{'distance': {'initial': 22556, 'final': 22050}, 'objective': {'initial': 0, 'final': 19904}}",22556,22050,0,19904,41027,41954,22556,41027,0,22050,41954,2901,TSPB
lab4,lns,46,444380405,37931.200571,True,,"[46, 80, 190, 105, 136, 73, 164, 54, 31, 193, 30, 42, 156, 24, 198, 117, 151, 19, 112, 121, 116, 98, 51, 120, 67, 71, 191, 90, 125, 131, 1, 197, 16, 27, 38, 102, 63, 100, 17, 44, 133, 10, 178, 115, 147, 192, 150, 6, 85, 2, 43, 126, 13, 132, 169, 188, 65, 161, 70, 3, 15, 145, 189, 167, 69, 29, 109, 35, 0, 12, 39, 160, 33, 49, 11, 139, 182, 138, 144, 111, 41, 119, 159, 143, 106, 124, 128, 62, 18, 55, 174, 183, 140, 199, 4, 149, 101, 28, 59, 20, 23, 60, 148, 47, 154, 94, 66, 57, 172, 52, 179, 22, 185, 95, 110, 86, 166, 194, 88, 176, 180, 26, 103, 127, 165, 89, 163, 186, 153, 81, 77, 58, 82, 68, 8, 56, 104, 87, 171, 177, 123, 5, 78, 175, 142, 45, 162, 46]","[46, 80, 190, 105, 136, 73, 164, 193, 31, 54, 151, 117, 198, 30, 42, 156, 24, 1, 197, 16, 27, 38, 102, 63, 100, 17, 44, 133, 10, 178, 191, 90, 125, 131, 19, 112, 121, 116, 98, 51, 120, 67, 71, 147, 192, 150, 6, 188, 65, 169, 132, 161, 70, 3, 15, 145, 13, 126, 43, 2, 139, 11, 138, 182, 25, 123, 177, 171, 157, 104, 56, 144, 160, 33, 49, 29, 39, 12, 0, 35, 109, 69, 189, 167, 155, 184, 53, 174, 183, 140, 199, 4, 149, 101, 28, 59, 20, 23, 60, 148, 47, 154, 94, 66, 57, 172, 52, 179, 22, 130, 95, 181, 55, 18, 62, 124, 128, 110, 86, 166, 194, 88, 176, 180, 26, 103, 89, 127, 165, 163, 186, 153, 119, 159, 143, 41, 111, 68, 8, 87, 82, 58, 77, 97, 141, 91, 79, 61, 7, 5, 45, 142, 78, 175, 162, 46]","{'distance': {'initial': 22556, 'final': 23477}, 'objective': {'initial': 0, 'final': 20028}}",22556,23477,0,20028,41027,43505,22556,41027,0,23477,43505,6961,TSPB
lab4,ils,46,357662241,37934.764635,True,,"[46, 80, 190, 105, 193, 117, 198, 30, 42, 156, 24, 1, 197, 16, 27, 38, 102, 32, 135, 131, 125, 90, 191, 178, 133, 44, 10, 115, 71, 67, 120, 51, 98, 192, 150, 6, 188, 65, 169, 132, 13, 15, 3, 161, 70, 84, 155, 184, 167, 189, 145, 195, 126, 43, 2, 139, 11, 182, 138, 157, 104, 8, 68, 56, 144, 160, 33, 49, 29, 39, 12, 0, 109, 35, 37, 111, 41, 119, 159, 143, 106, 124, 128, 110, 62, 18, 55, 174, 53, 4, 149, 101, 28, 59, 199, 140, 183, 9, 95, 130, 22, 148, 47, 154, 94, 66, 57, 172, 52, 179, 185, 86, 166, 194, 88, 176, 180, 113, 114, 137, 127, 165, 89, 103, 26, 163, 186, 153, 81, 77, 58, 82, 87, 171, 177, 123, 25, 158, 116, 121, 112, 19, 151, 54, 31, 164, 73, 136, 45, 142, 78, 175, 162, 46]","[46, 80, 190, 105, 193, 117, 198, 30, 42, 156, 24, 1, 197, 16, 27, 38, 102, 63, 100, 17, 44, 133, 10, 178, 90, 125, 191, 71, 67, 120, 51, 98, 118, 74, 2, 85, 192, 150, 6, 188, 65, 169, 132, 13, 126, 195, 145, 15, 3, 161, 70, 84, 155, 184, 167, 189, 69, 109, 35, 0, 12, 29, 39, 160, 33, 49, 11, 139, 182, 138, 157, 171, 104, 56, 8, 68, 111, 41, 119, 159, 143, 106, 124, 128, 62, 18, 55, 174, 183, 140, 199, 4, 149, 101, 28, 59, 20, 23, 60, 148, 47, 154, 94, 66, 57, 172, 52, 179, 22, 185, 95, 110, 86, 166, 194, 88, 176, 180, 26, 103, 89, 127, 165, 163, 186, 153, 81, 77, 58, 82, 87, 91, 79, 61, 7, 177, 123, 25, 158, 116, 121, 112, 19, 151, 54, 31, 164, 73, 136, 45, 142, 78, 175, 162, 46]","{'distance': {'initial': 24588, 'final': 22721}, 'objective': {'initial': 0, 'final': 19956}}",24588,22721,0,19956,41810,42677,24588,41810,0,22721,42677,2781,TSPB
lab4,lns,46,357662241,37934.066888,True,,"[46, 80, 190, 105, 193, 117, 198, 30, 42, 156, 24, 1, 197, 16, 27, 38, 102, 32, 135, 131, 125, 90, 191, 178, 133, 44, 10, 115, 71, 67, 120, 51, 98, 192, 150, 6, 188, 65, 169, 132, 13, 15, 3, 161, 70, 84, 155, 184, 167, 189, 145, 195, 126, 43, 2, 139, 11, 182, 138, 157, 104, 8, 68, 56, 144, 160, 33, 49, 29, 39, 12, 0, 109, 35, 37, 111, 41, 119, 159, 143, 106, 124, 128, 110, 62, 18, 55, 174, 53, 4, 149, 101, 28, 59, 199, 140, 183, 9, 95, 130, 22, 148, 47, 154, 94, 66, 57, 172, 52, 179, 185, 86, 166, 194, 88, 176, 180, 113, 114, 137, 127, 165, 89, 103, 26, 163, 186, 153, 81, 77, 58, 82, 87, 171, 177, 123, 25, 158, 116, 121, 112, 19, 151, 54, 31, 164, 73, 136, 45, 142, 78, 175, 162, 46]","[46, 80, 190, 105, 136, 73, 164, 193, 31, 54, 151, 117, 198, 30, 42, 156, 24, 1, 197, 16, 27, 38, 102, 63, 100, 17, 44, 133, 10, 178, 90, 125, 191, 71, 67, 120, 51, 98, 116, 121, 112, 19, 158, 25, 123, 177, 171, 157, 138, 182, 11, 139, 2, 85, 192, 150, 6, 188, 65, 169, 132, 126, 13, 145, 15, 3, 161, 70, 84, 155, 184, 167, 189, 69, 109, 35, 0, 12, 39, 29, 49, 33, 160, 144, 56, 104, 8, 68, 111, 41, 119, 159, 143, 106, 124, 128, 62, 18, 55, 174, 183, 140, 199, 4, 149, 101, 28, 59, 20, 148, 47, 154, 94, 66, 57, 172, 52, 179, 22, 185, 95, 110, 86, 166, 194, 88, 176, 180, 26, 103, 114, 137, 127, 165, 89, 163, 186, 153, 97, 77, 58, 82, 87, 91, 79, 61, 7, 5, 45, 142, 78, 175, 162, 46]","{'distance': {'initial': 24588, 'final': 23019}, 'objective': {'initial': 0, 'final': 19923}}",24588,23019,0,19923,41810,42942,24588,41810,0,23019,42942,7041,TSPB
