lab,solver,start_node,seed,time_ms,is_valid,error_message,initial_path,path,metrics,initial_distance,final_distance,initial_objective,final_objective,initial_profit,final_profit,phase1_distance,phase1_profit,phase1_objective,phase2_distance,phase2_profit,perturbations,instance
lab6,msls,85,668058399,801.318015,True,,"[156, 18, 41, 60, 13, 169, 190, 178, 168, 96, 52, 159, 27, 170, 5, 110, 47, 101, 175, 34, 61, 83, 122, 117, 19, 53, 68, 90, 82, 163, 181, 118, 84, 160, 154, 183, 23, 185, 12, 199, 192, 197, 26, 32, 141, 28, 55, 10, 157, 128, 130, 58, 75, 63, 103, 166, 39, 148, 30, 135, 64, 114, 171, 107, 38, 3, 62, 113, 87, 78, 120, 99, 115, 132, 77, 11, 125, 51, 0, 143, 129, 161, 1, 116, 105, 198, 35, 153, 173, 17, 136, 186, 134, 188, 72, 104, 164, 50, 73, 149, 156]","[156, 126, 112, 4, 84, 11, 166, 28, 184, 104, 147, 54, 30, 48, 160, 192, 42, 5, 96, 41, 193, 159, 199, 18, 69, 108, 67, 163, 110, 191, 139, 198, 46, 68, 140, 93, 117, 170, 0, 153, 183, 89, 76, 23, 186, 114, 64, 15, 148, 111, 167, 33, 37, 9, 62, 61, 144, 155, 102, 49, 178, 3, 32, 138, 21, 7, 164, 58, 71, 27, 107, 90, 39, 165, 8, 119, 40, 185, 179, 91, 169, 196, 17, 157, 188, 56, 13, 31, 168, 145, 78, 82, 44, 120, 2, 87, 125, 74, 152, 97, 1, 150, 101, 26, 100, 121, 99, 189, 19, 124, 12, 130, 94, 63, 182, 136, 53, 158, 180, 173, 6, 194, 161, 162, 72, 109, 51, 66, 141, 60, 118, 59, 116, 105, 65, 47, 77, 131, 149, 24, 29, 156]","{'distance': {'initial': 22119, 'final': 22119}, 'objective': {'initial': 0, 'final': 7438}}",22119,22119,0,7438,29557,29557,22119,29557,0,22119,29557,200,TSPA
lab6,msls,85,1130317502,767.502311,True,,"[25, 99, 188, 6, 149, 173, 103, 30, 10, 16, 56, 44, 77, 125, 111, 109, 176, 24, 181, 163, 138, 52, 172, 2, 90, 82, 114, 97, 98, 87, 66, 65, 47, 57, 42, 106, 67, 155, 140, 32, 136, 175, 75, 195, 51, 14, 178, 147, 69, 144, 48, 160, 53, 154, 27, 41, 166, 183, 139, 1, 89, 12, 15, 198, 122, 34, 146, 100, 28, 190, 5, 131, 104, 11, 19, 108, 105, 86, 135, 39, 126, 169, 128, 80, 83, 142, 185, 96, 174, 179, 191, 22, 165, 115, 92, 153, 9, 162, 29, 120, 25]","[25, 44, 120, 82, 2, 87, 125, 74, 152, 167, 111, 124, 12, 130, 94, 189, 19, 97, 1, 150, 101, 26, 100, 99, 121, 182, 136, 53, 158, 180, 173, 6, 194, 161, 162, 72, 109, 51, 66, 141, 60, 118, 59, 65, 116, 105, 77, 166, 11, 35, 29, 156, 126, 112, 4, 190, 10, 177, 104, 147, 54, 30, 48, 184, 28, 160, 192, 181, 103, 146, 22, 159, 193, 41, 96, 115, 198, 46, 68, 139, 191, 110, 163, 69, 108, 67, 36, 140, 93, 117, 170, 0, 153, 183, 89, 76, 23, 83, 114, 64, 15, 9, 62, 61, 144, 155, 14, 138, 32, 3, 178, 106, 8, 165, 119, 40, 185, 91, 179, 145, 78, 168, 196, 169, 174, 187, 81, 17, 157, 188, 85, 31, 13, 56, 113, 171, 88, 16, 25]","{'distance': {'initial': 21473, 'final': 21473}, 'objective': {'initial': 0, 'final': 7490}}",21473,21473,0,7490,28963,28963,21473,28963,0,21473,28963,200,TSPA
lab6,msls,85,1612545282,801.080728,True,,"[167, 107, 13, 72, 192, 33, 160, 3, 155, 130, 124, 185, 143, 103, 38, 187, 81, 145, 65, 12, 17, 31, 15, 41, 23, 97, 188, 69, 60, 16, 98, 156, 79, 22, 27, 116, 123, 29, 144, 117, 104, 121, 151, 68, 179, 101, 37, 9, 170, 115, 112, 92, 126, 182, 8, 95, 50, 32, 6, 48, 111, 191, 183, 94, 189, 87, 52, 177, 162, 114, 5, 122, 57, 120, 176, 77, 134, 89, 35, 21, 133, 171, 10, 149, 67, 49, 45, 42, 152, 159, 20, 102, 40, 166, 100, 26, 118, 44, 88, 150, 167]","[167, 111, 148, 15, 64, 114, 186, 23, 76, 89, 183, 153, 0, 170, 117, 93, 140, 36, 67, 108, 69, 163, 110, 139, 191, 41, 193, 159, 195, 146, 103, 181, 192, 160, 48, 30, 54, 147, 104, 177, 10, 190, 184, 28, 166, 11, 84, 4, 112, 126, 156, 29, 24, 149, 131, 77, 105, 47, 65, 116, 5, 96, 115, 198, 46, 60, 141, 66, 51, 109, 118, 59, 72, 162, 161, 194, 6, 173, 180, 158, 53, 136, 182, 63, 130, 12, 124, 94, 19, 189, 99, 121, 100, 26, 97, 101, 150, 1, 152, 74, 125, 87, 172, 55, 52, 91, 179, 145, 168, 78, 82, 120, 44, 25, 16, 88, 171, 13, 56, 188, 85, 31, 157, 17, 196, 169, 81, 187, 174, 90, 107, 27, 71, 58, 164, 7, 95, 39, 165, 119, 40, 185, 8, 138, 32, 3, 178, 49, 102, 155, 144, 61, 62, 9, 37, 33, 167]","{'distance': {'initial': 24234, 'final': 24234}, 'objective': {'initial': 0, 'final': 7654}}",24234,24234,0,7654,31888,31888,24234,31888,0,24234,31888,200,TSPA
lab6,msls,85,1183913513,790.478178,True,,"[198, 181, 173, 75, 20, 52, 174, 1, 106, 187, 153, 14, 39, 25, 92, 107, 176, 11, 98, 94, 42, 68, 46, 103, 66, 8, 97, 133, 12, 122, 5, 76, 48, 163, 111, 136, 81, 118, 90, 7, 44, 149, 29, 143, 125, 131, 109, 189, 110, 186, 78, 77, 146, 152, 38, 158, 102, 69, 138, 0, 148, 132, 190, 34, 89, 70, 179, 62, 95, 141, 151, 147, 74, 124, 155, 168, 27, 35, 4, 17, 56, 91, 177, 162, 26, 40, 139, 166, 93, 142, 108, 116, 64, 175, 164, 16, 55, 57, 41, 23, 198]","[198, 115, 96, 41, 193, 159, 195, 146, 103, 181, 192, 160, 48, 30, 54, 147, 104, 184, 28, 166, 11, 84, 4, 112, 126, 156, 29, 24, 149, 131, 77, 105, 116, 65, 59, 72, 162, 161, 194, 6, 173, 180, 158, 53, 136, 182, 121, 99, 100, 26, 97, 101, 150, 1, 87, 125, 74, 152, 19, 189, 94, 130, 12, 124, 111, 167, 128, 52, 55, 57, 92, 82, 120, 44, 25, 16, 88, 171, 113, 56, 13, 31, 168, 78, 145, 179, 91, 157, 17, 196, 169, 81, 187, 174, 90, 107, 27, 71, 58, 164, 7, 95, 39, 165, 8, 119, 40, 185, 106, 178, 3, 32, 138, 14, 155, 144, 49, 102, 62, 9, 61, 15, 64, 114, 83, 89, 183, 76, 23, 137, 176, 66, 141, 51, 109, 118, 60, 46, 68, 93, 140, 36, 67, 108, 69, 163, 110, 191, 139, 198]","{'distance': {'initial': 23127, 'final': 23127}, 'objective': {'initial': 0, 'final': 7868}}",23127,23127,0,7868,30995,30995,23127,30995,0,23127,30995,200,TSPA
lab6,msls,85,1242644980,776.671182,True,,"[189, 31, 196, 165, 100, 43, 168, 53, 60, 176, 160, 40, 174, 118, 65, 130, 180, 67, 94, 139, 115, 113, 49, 173, 69, 87, 126, 34, 75, 175, 154, 102, 41, 153, 66, 54, 80, 10, 55, 141, 136, 146, 125, 151, 85, 135, 185, 191, 32, 52, 129, 73, 28, 137, 149, 56, 93, 42, 0, 81, 181, 157, 158, 162, 123, 13, 97, 156, 159, 63, 39, 84, 155, 51, 15, 47, 48, 133, 190, 36, 107, 24, 11, 177, 197, 193, 105, 76, 70, 72, 77, 25, 21, 16, 64, 184, 38, 124, 82, 183, 189]","[189, 99, 121, 182, 136, 53, 158, 180, 173, 6, 194, 127, 29, 156, 126, 112, 4, 190, 10, 177, 104, 147, 54, 30, 48, 160, 192, 42, 5, 96, 41, 193, 159, 199, 18, 69, 108, 67, 163, 36, 140, 93, 68, 110, 191, 139, 198, 46, 115, 116, 65, 47, 105, 77, 166, 28, 184, 11, 131, 149, 24, 161, 162, 72, 59, 118, 60, 141, 109, 51, 66, 176, 12, 130, 94, 124, 111, 167, 148, 37, 33, 9, 62, 61, 144, 155, 102, 49, 138, 32, 3, 178, 106, 185, 40, 119, 8, 165, 39, 27, 107, 90, 174, 187, 81, 196, 169, 91, 179, 145, 78, 168, 157, 188, 85, 31, 13, 56, 113, 171, 88, 16, 25, 44, 120, 82, 2, 87, 125, 74, 152, 97, 1, 150, 101, 26, 100, 19, 189]","{'distance': {'initial': 20716, 'final': 20716}, 'objective': {'initial': 0, 'final': 7902}}",20716,20716,0,7902,28618,28618,20716,28618,0,20716,28618,200,TSPA
lab6,msls,85,375679063,782.418691,True,,"[128, 96, 189, 68, 63, 145, 115, 88, 140, 6, 99, 144, 107, 165, 102, 15, 180, 39, 186, 80, 190, 32, 67, 121, 26, 122, 62, 41, 10, 147, 92, 104, 146, 169, 83, 188, 98, 148, 192, 101, 134, 199, 135, 112, 123, 191, 109, 116, 114, 182, 137, 153, 156, 185, 163, 113, 33, 46, 130, 111, 1, 78, 120, 90, 195, 7, 61, 181, 176, 126, 58, 74, 117, 142, 49, 50, 155, 69, 173, 93, 100, 22, 197, 76, 95, 162, 11, 40, 161, 9, 0, 132, 89, 149, 57, 51, 5, 138, 172, 129, 128]","[128, 33, 37, 9, 62, 61, 15, 186, 23, 76, 183, 89, 83, 114, 64, 144, 155, 102, 49, 178, 3, 32, 138, 8, 185, 40, 119, 165, 39, 95, 7, 164, 58, 71, 27, 107, 90, 187, 81, 174, 169, 196, 17, 157, 188, 85, 31, 13, 56, 113, 171, 88, 16, 25, 44, 120, 82, 78, 168, 145, 91, 179, 92, 129, 87, 125, 74, 152, 1, 150, 101, 97, 26, 100, 19, 189, 99, 121, 182, 136, 53, 158, 180, 173, 6, 194, 161, 162, 72, 51, 109, 118, 59, 65, 116, 105, 77, 28, 184, 11, 166, 131, 149, 24, 29, 156, 126, 112, 4, 190, 10, 177, 104, 147, 54, 30, 48, 160, 192, 181, 103, 146, 22, 159, 193, 41, 96, 115, 198, 46, 68, 163, 69, 108, 67, 36, 140, 93, 117, 170, 0, 60, 141, 66, 176, 12, 130, 94, 124, 111, 167, 128]","{'distance': {'initial': 24246, 'final': 24246}, 'objective': {'initial': 0, 'final': 7516}}",24246,24246,0,7516,31762,31762,24246,31762,0,24246,31762,200,TSPA
lab6,msls,85,63918073,792.149764,True,,"[195, 88, 112, 106, 180, 102, 71, 64, 67, 33, 166, 38, 0, 121, 57, 31, 111, 9, 23, 130, 100, 51, 17, 157, 160, 162, 117, 54, 110, 72, 149, 92, 129, 46, 81, 136, 16, 40, 156, 87, 153, 21, 198, 5, 175, 53, 82, 115, 79, 199, 127, 119, 95, 138, 90, 109, 86, 179, 13, 137, 144, 114, 27, 167, 148, 11, 193, 141, 47, 91, 41, 36, 152, 151, 134, 170, 76, 126, 32, 103, 101, 185, 29, 78, 177, 190, 34, 113, 39, 48, 159, 118, 80, 4, 66, 12, 182, 99, 174, 6, 195]","[195, 146, 103, 181, 192, 160, 48, 30, 54, 147, 104, 177, 10, 190, 4, 156, 29, 126, 112, 84, 11, 184, 28, 166, 77, 105, 47, 65, 116, 5, 96, 115, 198, 46, 60, 141, 66, 51, 109, 118, 59, 72, 162, 161, 194, 6, 173, 180, 158, 53, 136, 182, 121, 100, 26, 99, 189, 19, 94, 130, 12, 124, 111, 167, 87, 125, 74, 152, 97, 1, 101, 150, 2, 82, 120, 44, 25, 16, 88, 171, 113, 56, 13, 31, 85, 188, 157, 168, 78, 145, 179, 91, 196, 169, 174, 81, 187, 90, 107, 27, 71, 58, 164, 7, 95, 39, 165, 8, 119, 40, 185, 106, 178, 3, 32, 138, 14, 144, 155, 49, 102, 61, 62, 9, 33, 37, 148, 15, 64, 114, 186, 23, 76, 89, 183, 153, 0, 170, 117, 93, 140, 36, 163, 67, 108, 69, 18, 199, 159, 193, 41, 195]","{'distance': {'initial': 23222, 'final': 23222}, 'objective': {'initial': 0, 'final': 7881}}",23222,23222,0,7881,31103,31103,23222,31103,0,23222,31103,200,TSPA
lab6,msls,85,942791168,794.812367,True,,"[92, 168, 149, 145, 74, 172, 5, 165, 19, 87, 133, 112, 84, 193, 100, 139, 181, 17, 177, 81, 46, 53, 143, 174, 183, 189, 39, 68, 135, 4, 48, 14, 56, 137, 47, 90, 184, 93, 147, 113, 94, 27, 158, 141, 89, 24, 130, 171, 88, 10, 115, 167, 194, 34, 57, 107, 83, 123, 40, 170, 102, 1, 199, 16, 119, 82, 78, 157, 13, 63, 95, 20, 125, 109, 73, 6, 42, 144, 80, 50, 41, 9, 138, 7, 21, 129, 8, 152, 11, 116, 164, 182, 69, 155, 71, 188, 146, 118, 195, 62, 92]","[92, 179, 91, 145, 168, 78, 16, 88, 171, 13, 31, 56, 188, 157, 17, 196, 169, 81, 187, 174, 90, 107, 27, 71, 58, 164, 7, 95, 39, 165, 119, 40, 185, 8, 138, 32, 49, 102, 155, 144, 61, 62, 9, 15, 64, 114, 83, 89, 183, 76, 23, 137, 176, 66, 141, 60, 46, 68, 0, 170, 117, 93, 140, 36, 67, 108, 69, 163, 110, 191, 139, 198, 115, 96, 41, 193, 159, 195, 146, 103, 181, 192, 160, 48, 30, 54, 147, 104, 177, 10, 190, 184, 28, 166, 11, 84, 4, 112, 126, 156, 29, 24, 149, 131, 77, 105, 47, 65, 116, 59, 118, 109, 51, 72, 162, 161, 194, 6, 173, 180, 158, 53, 121, 99, 182, 136, 63, 94, 130, 12, 148, 37, 33, 167, 111, 124, 189, 19, 100, 26, 101, 150, 1, 97, 152, 74, 125, 87, 2, 120, 44, 82, 92]","{'distance': {'initial': 24573, 'final': 24573}, 'objective': {'initial': 0, 'final': 7473}}",24573,24573,0,7473,32046,32046,24573,32046,0,24573,32046,200,TSPA
lab6,msls,85,647651470,798.511354,True,,"[146, 142, 4, 33, 1, 191, 93, 110, 118, 46, 11, 140, 106, 95, 127, 123, 65, 32, 184, 164, 160, 39, 193, 111, 143, 189, 102, 79, 86, 139, 195, 16, 155, 82, 53, 47, 44, 144, 135, 91, 92, 196, 148, 197, 70, 36, 66, 182, 185, 100, 169, 28, 29, 152, 121, 115, 126, 190, 73, 41, 58, 12, 124, 114, 163, 14, 180, 122, 59, 116, 130, 15, 178, 157, 101, 24, 128, 90, 22, 83, 57, 0, 119, 113, 187, 125, 168, 68, 61, 170, 49, 103, 109, 134, 10, 173, 80, 186, 54, 69, 146]","[146, 103, 181, 192, 160, 48, 30, 54, 147, 104, 184, 28, 166, 11, 84, 4, 112, 126, 156, 29, 127, 194, 6, 173, 180, 158, 53, 136, 182, 63, 130, 12, 124, 94, 19, 189, 99, 121, 100, 26, 97, 101, 150, 1, 152, 74, 125, 87, 2, 82, 120, 44, 25, 78, 145, 168, 31, 13, 56, 188, 157, 17, 81, 187, 174, 90, 107, 27, 71, 58, 164, 7, 95, 39, 165, 8, 185, 119, 40, 169, 196, 91, 179, 55, 52, 106, 178, 3, 32, 138, 49, 102, 155, 144, 61, 62, 9, 37, 33, 167, 111, 148, 15, 64, 114, 83, 89, 183, 76, 23, 137, 176, 66, 141, 51, 109, 60, 118, 59, 72, 162, 161, 24, 149, 131, 77, 105, 47, 65, 116, 5, 96, 115, 198, 46, 68, 93, 140, 36, 67, 108, 69, 163, 110, 139, 191, 41, 193, 159, 195, 146]","{'distance': {'initial': 23458, 'final': 23458}, 'objective': {'initial': 0, 'final': 7648}}",23458,23458,0,7648,31106,31106,23458,31106,0,23458,31106,200,TSPA
lab6,msls,85,691680367,804.994133,True,,"[175, 105, 158, 154, 110, 77, 23, 28, 193, 199, 62, 93, 72, 136, 67, 117, 127, 145, 83, 99, 121, 195, 177, 156, 88, 10, 148, 126, 91, 44, 25, 185, 63, 37, 32, 46, 120, 128, 55, 192, 116, 3, 85, 183, 39, 146, 125, 122, 172, 26, 129, 53, 159, 5, 2, 76, 140, 11, 166, 190, 21, 180, 42, 134, 109, 135, 80, 113, 162, 24, 18, 47, 82, 107, 138, 139, 66, 101, 74, 191, 176, 157, 7, 92, 45, 31, 161, 165, 41, 13, 15, 52, 20, 71, 68, 104, 4, 152, 194, 6, 175]","[175, 113, 56, 188, 157, 17, 196, 169, 81, 187, 174, 90, 107, 27, 39, 165, 8, 119, 40, 185, 91, 179, 55, 52, 106, 178, 3, 32, 138, 49, 102, 155, 144, 61, 62, 9, 15, 64, 114, 186, 23, 137, 176, 66, 141, 51, 109, 72, 59, 118, 60, 46, 198, 139, 191, 110, 68, 93, 140, 36, 163, 67, 108, 69, 18, 199, 22, 146, 103, 195, 159, 193, 41, 96, 5, 42, 192, 160, 48, 30, 54, 147, 104, 177, 10, 190, 4, 112, 156, 29, 126, 35, 11, 184, 28, 166, 77, 105, 116, 65, 47, 131, 149, 24, 161, 194, 6, 173, 180, 158, 53, 136, 182, 121, 99, 100, 26, 101, 150, 1, 97, 74, 152, 19, 189, 94, 130, 12, 124, 111, 148, 37, 33, 167, 87, 2, 82, 120, 44, 25, 78, 145, 168, 31, 13, 16, 88, 171, 175]","{'distance': {'initial': 22817, 'final': 22817}, 'objective': {'initial': 0, 'final': 7565}}",22817,22817,0,7565,30382,30382,22817,30382,0,22817,30382,200,TSPA
lab6,msls,85,657099353,795.447407,True,,"[149, 79, 68, 148, 158, 151, 11, 142, 25, 55, 184, 91, 118, 38, 75, 84, 183, 186, 122, 187, 164, 65, 133, 169, 131, 111, 161, 81, 76, 102, 129, 57, 41, 127, 71, 125, 147, 156, 85, 93, 138, 23, 182, 105, 165, 67, 163, 99, 90, 92, 46, 193, 2, 194, 114, 61, 66, 128, 80, 106, 20, 143, 19, 9, 115, 113, 124, 13, 24, 74, 137, 94, 28, 173, 36, 159, 58, 192, 117, 126, 188, 177, 50, 152, 1, 98, 191, 103, 52, 196, 104, 179, 6, 198, 35, 171, 176, 54, 3, 63, 149]","[149, 131, 166, 28, 184, 11, 35, 126, 29, 156, 112, 4, 190, 10, 177, 104, 147, 54, 30, 48, 160, 192, 181, 103, 146, 195, 159, 193, 41, 96, 115, 198, 46, 68, 139, 191, 110, 163, 69, 108, 67, 36, 140, 93, 117, 170, 0, 153, 183, 89, 76, 23, 186, 114, 64, 15, 61, 62, 9, 33, 37, 148, 111, 167, 128, 102, 144, 155, 49, 178, 3, 32, 138, 8, 185, 40, 119, 165, 39, 95, 7, 164, 58, 71, 27, 107, 90, 174, 187, 81, 196, 169, 91, 52, 55, 179, 145, 78, 168, 157, 188, 85, 31, 13, 56, 113, 171, 88, 16, 25, 44, 120, 82, 2, 87, 125, 74, 152, 97, 1, 150, 101, 26, 100, 19, 124, 12, 130, 94, 189, 99, 121, 182, 136, 53, 158, 180, 173, 6, 194, 161, 162, 72, 109, 51, 66, 141, 60, 118, 59, 65, 116, 105, 77, 149]","{'distance': {'initial': 23852, 'final': 23852}, 'objective': {'initial': 0, 'final': 7825}}",23852,23852,0,7825,31677,31677,23852,31677,0,23852,31677,200,TSPA
lab6,msls,85,1142192430,803.210148,True,,"[86, 191, 74, 144, 42, 31, 186, 41, 55, 77, 10, 32, 50, 176, 57, 52, 177, 168, 5, 7, 185, 160, 128, 20, 148, 198, 118, 95, 99, 189, 89, 151, 156, 16, 47, 192, 147, 14, 35, 39, 91, 69, 27, 162, 138, 18, 68, 188, 126, 22, 36, 116, 94, 17, 164, 110, 23, 12, 143, 107, 82, 8, 171, 64, 90, 137, 111, 87, 37, 136, 181, 175, 19, 30, 44, 179, 158, 62, 33, 67, 46, 34, 3, 193, 72, 187, 92, 196, 109, 97, 25, 49, 29, 178, 142, 133, 26, 104, 106, 180, 86]","[86, 150, 101, 1, 97, 152, 74, 125, 87, 2, 82, 120, 44, 25, 78, 145, 168, 31, 13, 56, 188, 157, 17, 196, 81, 187, 174, 169, 91, 179, 185, 40, 119, 8, 165, 90, 107, 27, 71, 58, 164, 7, 95, 39, 138, 32, 3, 178, 49, 102, 155, 144, 61, 62, 9, 33, 37, 148, 167, 111, 124, 12, 130, 94, 19, 189, 99, 182, 136, 63, 80, 176, 66, 141, 60, 46, 68, 93, 140, 36, 163, 67, 108, 69, 18, 199, 159, 193, 41, 96, 5, 42, 192, 160, 48, 30, 54, 147, 104, 177, 10, 190, 4, 112, 156, 29, 126, 35, 11, 184, 28, 166, 77, 105, 116, 65, 59, 118, 109, 51, 72, 162, 161, 194, 6, 173, 180, 158, 53, 121, 100, 26, 86]","{'distance': {'initial': 20279, 'final': 20279}, 'objective': {'initial': 0, 'final': 7545}}",20279,20279,0,7545,27824,27824,20279,27824,0,20279,27824,200,TSPA
lab6,msls,85,1817737901,799.701457,True,,"[85, 79, 49, 110, 22, 25, 151, 15, 162, 86, 40, 84, 148, 24, 159, 116, 135, 153, 154, 92, 124, 133, 47, 90, 106, 141, 96, 99, 20, 29, 5, 125, 134, 145, 100, 51, 117, 176, 37, 89, 77, 107, 155, 105, 58, 166, 126, 142, 39, 161, 63, 113, 83, 130, 65, 136, 68, 118, 10, 192, 42, 72, 0, 69, 67, 119, 185, 9, 13, 173, 8, 48, 97, 34, 132, 88, 41, 199, 45, 146, 196, 188, 14, 178, 160, 94, 170, 174, 81, 149, 147, 131, 103, 181, 194, 26, 138, 7, 11, 115, 85]","[85, 188, 56, 13, 171, 88, 16, 25, 44, 120, 82, 2, 87, 125, 74, 152, 97, 1, 150, 101, 26, 100, 121, 99, 189, 19, 94, 124, 12, 130, 63, 182, 136, 53, 158, 180, 173, 6, 194, 161, 24, 29, 156, 126, 112, 4, 84, 11, 166, 28, 184, 104, 147, 54, 30, 48, 160, 192, 181, 103, 146, 195, 159, 193, 41, 96, 5, 42, 43, 77, 105, 116, 65, 72, 109, 51, 66, 141, 60, 118, 59, 115, 46, 198, 139, 191, 110, 163, 69, 108, 67, 36, 140, 93, 117, 0, 170, 143, 183, 89, 76, 23, 186, 114, 64, 15, 61, 9, 62, 102, 49, 144, 155, 14, 138, 32, 3, 178, 106, 52, 55, 179, 91, 169, 40, 119, 185, 8, 165, 39, 95, 7, 164, 58, 71, 27, 107, 90, 174, 187, 81, 196, 17, 157, 168, 31, 85]","{'distance': {'initial': 22544, 'final': 22544}, 'objective': {'initial': 0, 'final': 7639}}",22544,22544,0,7639,30183,30183,22544,30183,0,22544,30183,200,TSPA
lab6,msls,85,764256717,812.157351,True,,"[123, 187, 126, 116, 147, 135, 32, 53, 164, 121, 193, 42, 63, 169, 23, 64, 189, 96, 196, 4, 43, 10, 5, 139, 131, 7, 84, 1, 179, 17, 120, 52, 87, 152, 115, 31, 185, 112, 101, 90, 79, 45, 26, 155, 70, 74, 156, 149, 2, 94, 68, 76, 191, 33, 111, 148, 151, 186, 13, 146, 140, 127, 56, 50, 162, 22, 60, 85, 198, 72, 114, 174, 145, 62, 163, 77, 51, 130, 192, 168, 20, 71, 93, 8, 104, 95, 14, 21, 44, 106, 16, 0, 172, 25, 54, 195, 41, 134, 19, 181, 123]","[123, 194, 6, 173, 180, 158, 53, 136, 182, 121, 99, 189, 19, 100, 26, 101, 150, 1, 97, 152, 74, 125, 87, 2, 120, 44, 82, 92, 179, 91, 145, 168, 78, 16, 88, 171, 13, 56, 188, 85, 31, 157, 17, 196, 169, 81, 187, 174, 90, 107, 27, 71, 58, 164, 7, 95, 39, 165, 119, 40, 185, 8, 138, 32, 3, 178, 49, 128, 167, 111, 124, 94, 130, 12, 148, 37, 33, 9, 62, 61, 15, 64, 114, 186, 23, 76, 89, 183, 153, 0, 170, 117, 93, 140, 68, 46, 198, 139, 191, 110, 163, 67, 108, 69, 18, 20, 22, 146, 103, 195, 159, 193, 41, 96, 5, 42, 192, 160, 48, 30, 54, 147, 104, 184, 28, 166, 11, 84, 4, 112, 126, 156, 29, 24, 149, 131, 77, 105, 47, 65, 116, 59, 118, 60, 141, 66, 51, 109, 72, 162, 161, 123]","{'distance': {'initial': 23330, 'final': 23330}, 'objective': {'initial': 0, 'final': 7634}}",23330,23330,0,7634,30964,30964,23330,30964,0,23330,30964,200,TSPA
lab6,msls,85,1964499638,783.13742,True,,"[179, 55, 97, 34, 37, 36, 186, 21, 32, 31, 35, 196, 112, 87, 180, 131, 157, 132, 7, 90, 163, 5, 27, 109, 74, 63, 134, 101, 85, 184, 73, 8, 25, 143, 50, 79, 198, 151, 160, 59, 53, 81, 192, 190, 2, 114, 10, 159, 123, 29, 191, 52, 39, 24, 66, 57, 195, 14, 84, 105, 43, 103, 129, 174, 182, 17, 147, 121, 148, 177, 51, 107, 54, 13, 47, 44, 12, 111, 16, 71, 115, 83, 155, 119, 38, 6, 75, 1, 117, 178, 173, 72, 166, 58, 110, 130, 92, 169, 108, 23, 179]","[179, 91, 55, 52, 106, 178, 3, 128, 167, 111, 124, 12, 130, 94, 189, 19, 152, 74, 125, 87, 1, 150, 101, 97, 26, 100, 99, 121, 182, 136, 53, 158, 180, 154, 6, 173, 133, 151, 51, 109, 141, 60, 118, 72, 59, 116, 105, 65, 47, 77, 131, 149, 24, 29, 156, 126, 112, 4, 190, 10, 177, 104, 147, 54, 30, 48, 160, 184, 11, 166, 28, 42, 5, 96, 41, 193, 159, 199, 18, 69, 108, 67, 163, 36, 140, 93, 117, 170, 0, 153, 183, 89, 76, 23, 186, 114, 64, 15, 9, 62, 61, 144, 155, 102, 49, 32, 138, 8, 185, 40, 119, 165, 39, 95, 7, 164, 58, 71, 27, 107, 90, 187, 81, 174, 169, 196, 17, 157, 188, 85, 31, 13, 56, 113, 171, 88, 16, 25, 44, 120, 82, 78, 168, 145, 179]","{'distance': {'initial': 21874, 'final': 21874}, 'objective': {'initial': 0, 'final': 7547}}",21874,21874,0,7547,29421,29421,21874,29421,0,21874,29421,200,TSPA
lab6,msls,85,1946045837,780.392829,True,,"[171, 54, 40, 124, 6, 197, 53, 134, 185, 140, 7, 34, 177, 16, 59, 126, 45, 27, 159, 133, 47, 167, 25, 71, 98, 120, 50, 94, 5, 62, 91, 21, 76, 83, 66, 194, 43, 56, 37, 95, 181, 110, 145, 52, 182, 141, 44, 23, 87, 119, 30, 142, 170, 20, 84, 148, 111, 77, 132, 192, 196, 180, 176, 10, 114, 74, 139, 63, 151, 183, 105, 155, 104, 107, 24, 131, 144, 64, 99, 166, 165, 106, 108, 81, 115, 157, 195, 26, 154, 79, 103, 3, 130, 102, 36, 4, 136, 121, 96, 187, 171]","[171, 13, 56, 188, 85, 31, 157, 168, 78, 145, 179, 91, 169, 196, 81, 187, 174, 90, 107, 27, 71, 58, 164, 7, 95, 39, 165, 8, 119, 40, 185, 106, 178, 3, 32, 138, 14, 155, 144, 61, 62, 9, 15, 64, 114, 186, 23, 76, 89, 183, 153, 0, 170, 117, 93, 140, 36, 163, 67, 108, 69, 18, 199, 193, 41, 159, 195, 146, 103, 181, 192, 160, 48, 30, 54, 147, 104, 177, 10, 190, 4, 112, 156, 29, 126, 35, 11, 184, 28, 166, 131, 149, 77, 105, 47, 65, 116, 5, 96, 115, 198, 46, 60, 141, 66, 51, 109, 118, 59, 72, 162, 161, 194, 6, 173, 180, 158, 53, 136, 182, 121, 100, 26, 101, 150, 1, 97, 99, 189, 19, 94, 124, 130, 12, 148, 37, 33, 167, 111, 152, 74, 125, 87, 2, 82, 120, 44, 25, 16, 88, 171]","{'distance': {'initial': 23057, 'final': 23057}, 'objective': {'initial': 0, 'final': 7882}}",23057,23057,0,7882,30939,30939,23057,30939,0,23057,30939,200,TSPA
lab6,msls,85,1537573762,795.749153,True,,"[126, 88, 70, 156, 17, 176, 104, 93, 5, 100, 78, 99, 157, 32, 92, 33, 39, 103, 41, 191, 89, 67, 63, 159, 96, 24, 16, 160, 170, 123, 7, 80, 131, 142, 74, 113, 45, 73, 60, 150, 146, 175, 190, 178, 162, 185, 53, 164, 2, 127, 179, 130, 196, 35, 183, 8, 31, 61, 149, 81, 141, 121, 84, 28, 97, 13, 197, 125, 147, 151, 56, 107, 10, 140, 57, 108, 90, 3, 54, 118, 139, 106, 22, 120, 198, 64, 62, 158, 69, 37, 181, 82, 71, 180, 23, 30, 29, 171, 184, 18, 126]","[126, 29, 156, 112, 4, 190, 10, 177, 104, 147, 54, 30, 48, 160, 192, 181, 103, 146, 195, 159, 193, 41, 96, 115, 198, 139, 191, 110, 163, 69, 108, 67, 36, 140, 93, 68, 46, 0, 153, 183, 89, 76, 23, 186, 114, 64, 15, 9, 62, 61, 144, 155, 102, 49, 138, 32, 3, 178, 106, 185, 40, 119, 8, 165, 39, 95, 7, 164, 58, 71, 27, 107, 90, 187, 81, 174, 169, 196, 17, 157, 31, 85, 188, 56, 13, 171, 88, 16, 25, 44, 120, 82, 78, 168, 145, 91, 179, 57, 172, 167, 111, 87, 125, 74, 152, 97, 1, 150, 101, 26, 100, 53, 158, 154, 6, 173, 180, 136, 182, 121, 99, 189, 19, 94, 124, 130, 12, 176, 66, 51, 109, 141, 60, 118, 59, 72, 162, 161, 24, 149, 131, 47, 65, 116, 105, 77, 166, 28, 184, 11, 35, 126]","{'distance': {'initial': 23692, 'final': 23692}, 'objective': {'initial': 0, 'final': 7649}}",23692,23692,0,7649,31341,31341,23692,31341,0,23692,31341,200,TSPA
lab6,msls,85,997618963,799.568929,True,,"[173, 147, 26, 85, 51, 130, 31, 53, 176, 28, 195, 83, 96, 113, 175, 43, 148, 81, 13, 97, 82, 12, 109, 135, 192, 71, 16, 143, 105, 142, 196, 84, 182, 95, 169, 108, 104, 74, 62, 156, 107, 47, 193, 78, 65, 121, 87, 70, 124, 111, 165, 32, 102, 171, 60, 183, 118, 123, 106, 185, 19, 138, 55, 2, 125, 1, 152, 164, 38, 10, 93, 146, 114, 190, 3, 167, 178, 45, 52, 100, 11, 133, 0, 168, 33, 25, 110, 6, 24, 67, 77, 61, 39, 15, 186, 44, 80, 56, 136, 7, 173]","[173, 6, 194, 161, 24, 149, 131, 77, 166, 28, 184, 11, 84, 4, 190, 10, 177, 104, 147, 54, 30, 48, 160, 192, 42, 5, 96, 41, 193, 159, 195, 103, 146, 22, 199, 18, 69, 108, 67, 163, 36, 140, 93, 68, 46, 198, 115, 116, 105, 47, 65, 59, 72, 118, 60, 109, 51, 141, 66, 176, 137, 23, 83, 114, 64, 15, 61, 62, 9, 33, 37, 148, 12, 130, 94, 124, 111, 167, 128, 49, 102, 144, 155, 14, 138, 32, 3, 178, 106, 185, 40, 119, 8, 165, 39, 27, 107, 90, 187, 81, 174, 169, 196, 91, 179, 145, 78, 168, 157, 31, 85, 188, 56, 13, 171, 88, 16, 25, 44, 120, 82, 2, 87, 125, 74, 152, 1, 150, 101, 97, 26, 100, 19, 189, 99, 121, 182, 136, 53, 158, 180, 173]","{'distance': {'initial': 21931, 'final': 21931}, 'objective': {'initial': 0, 'final': 7728}}",21931,21931,0,7728,29659,29659,21931,29659,0,21931,29659,200,TSPA
lab6,msls,85,2056187347,796.70289,True,,"[40, 135, 20, 78, 129, 47, 61, 94, 111, 39, 63, 190, 114, 8, 59, 102, 172, 22, 81, 71, 103, 168, 68, 65, 155, 186, 139, 147, 170, 131, 127, 193, 38, 77, 74, 45, 169, 132, 125, 99, 93, 95, 16, 100, 167, 55, 133, 13, 145, 49, 84, 165, 134, 41, 24, 50, 69, 187, 105, 21, 1, 107, 88, 85, 23, 26, 67, 157, 43, 110, 161, 58, 141, 173, 2, 6, 92, 97, 183, 112, 27, 185, 166, 156, 32, 181, 18, 184, 57, 75, 80, 79, 174, 123, 82, 48, 19, 51, 126, 56, 40]","[40, 119, 165, 39, 95, 7, 164, 58, 71, 27, 107, 90, 174, 187, 81, 169, 196, 17, 157, 188, 56, 113, 171, 88, 16, 13, 31, 168, 78, 145, 91, 179, 92, 82, 44, 120, 2, 87, 125, 74, 152, 19, 189, 97, 1, 150, 101, 26, 100, 99, 121, 182, 136, 53, 158, 180, 154, 6, 173, 133, 151, 72, 118, 59, 65, 116, 105, 77, 131, 149, 24, 29, 156, 126, 112, 4, 84, 11, 166, 28, 184, 104, 147, 54, 30, 48, 160, 192, 42, 5, 96, 115, 198, 139, 110, 191, 41, 193, 159, 195, 103, 146, 22, 199, 18, 69, 108, 67, 163, 36, 140, 93, 68, 46, 60, 141, 109, 51, 66, 176, 12, 130, 94, 124, 111, 167, 148, 37, 33, 9, 62, 61, 144, 155, 102, 49, 32, 138, 8, 185, 40]","{'distance': {'initial': 21598, 'final': 21598}, 'objective': {'initial': 0, 'final': 7586}}",21598,21598,0,7586,29184,29184,21598,29184,0,21598,29184,200,TSPA
lab6,msls,85,7147683,797.228422,True,,"[107, 35, 175, 114, 149, 68, 104, 60, 147, 4, 152, 39, 121, 115, 86, 139, 61, 31, 53, 165, 196, 37, 189, 99, 108, 186, 119, 49, 10, 156, 151, 179, 111, 22, 128, 83, 17, 25, 184, 28, 199, 159, 69, 29, 140, 135, 126, 188, 64, 177, 43, 19, 87, 91, 112, 18, 32, 3, 180, 67, 81, 65, 90, 78, 96, 105, 102, 94, 15, 21, 89, 57, 48, 170, 157, 97, 164, 146, 11, 160, 117, 6, 176, 198, 77, 158, 36, 50, 171, 194, 182, 58, 59, 30, 106, 51, 9, 0, 191, 40, 107]","[107, 90, 174, 187, 81, 196, 17, 157, 188, 56, 13, 31, 168, 145, 78, 25, 44, 120, 82, 92, 179, 91, 169, 40, 119, 185, 8, 165, 39, 138, 32, 3, 178, 49, 102, 62, 9, 33, 37, 148, 167, 111, 124, 12, 130, 94, 189, 19, 152, 74, 125, 87, 1, 150, 101, 97, 26, 100, 99, 121, 182, 136, 53, 158, 180, 173, 6, 194, 161, 162, 72, 59, 118, 109, 51, 66, 141, 60, 115, 96, 5, 105, 116, 65, 47, 77, 131, 149, 24, 29, 156, 126, 112, 4, 84, 11, 166, 28, 184, 190, 10, 177, 104, 147, 54, 30, 48, 160, 192, 181, 103, 146, 195, 159, 193, 41, 191, 110, 139, 198, 46, 68, 163, 69, 108, 67, 36, 140, 93, 117, 170, 0, 153, 183, 89, 76, 23, 83, 114, 64, 15, 61, 155, 144, 132, 21, 7, 164, 58, 71, 27, 107]","{'distance': {'initial': 23826, 'final': 23826}, 'objective': {'initial': 0, 'final': 7738}}",23826,23826,0,7738,31564,31564,23826,31564,0,23826,31564,200,TSPA
lab6,ils,85,668058399,795.438667,True,,"[85, 188, 157, 17, 196, 169, 174, 81, 187, 90, 107, 27, 71, 58, 164, 7, 95, 39, 165, 119, 40, 185, 8, 138, 32, 49, 102, 155, 144, 61, 62, 9, 33, 37, 148, 167, 111, 124, 94, 130, 12, 137, 23, 76, 89, 183, 143, 170, 0, 117, 93, 140, 68, 46, 198, 115, 96, 41, 193, 159, 195, 146, 103, 181, 192, 160, 48, 30, 54, 147, 104, 177, 10, 190, 184, 28, 43, 105, 116, 59, 118, 60, 141, 66, 51, 109, 72, 65, 47, 77, 166, 11, 84, 4, 112, 126, 156, 29, 24, 161, 194, 6, 173, 180, 158, 53, 136, 182, 121, 99, 189, 19, 100, 26, 101, 150, 1, 97, 152, 74, 125, 87, 2, 82, 120, 44, 25, 16, 88, 171, 113, 56, 13, 31, 85]","[85, 188, 157, 17, 196, 169, 81, 187, 174, 90, 107, 27, 71, 58, 164, 7, 95, 39, 165, 119, 40, 185, 8, 138, 32, 3, 178, 49, 102, 155, 144, 61, 62, 9, 33, 37, 148, 167, 111, 124, 12, 130, 94, 63, 133, 162, 161, 24, 149, 131, 11, 184, 28, 166, 77, 105, 116, 65, 59, 118, 72, 51, 109, 60, 141, 66, 176, 137, 23, 76, 89, 183, 143, 170, 0, 117, 93, 140, 68, 46, 198, 115, 96, 41, 193, 159, 195, 146, 103, 181, 192, 160, 48, 30, 54, 147, 104, 177, 10, 190, 4, 112, 126, 156, 29, 127, 194, 6, 173, 180, 158, 53, 136, 182, 121, 99, 189, 19, 100, 26, 101, 150, 1, 97, 152, 74, 125, 87, 2, 82, 120, 44, 25, 16, 88, 171, 113, 56, 13, 31, 85]","{'distance': {'initial': 21074, 'final': 21836}, 'objective': {'initial': 0, 'final': 7331}}",21074,21836,0,7331,28138,29167,21074,28138,0,21836,29167,435,TSPA
lab6,lns,85,668058399,795.875442,True,,"[85, 13, 31, 157, 168, 78, 145, 179, 91, 169, 196, 81, 187, 174, 40, 119, 185, 8, 165, 39, 90, 107, 27, 71, 58, 164, 7, 21, 132, 144, 155, 49, 102, 62, 9, 61, 15, 64, 114, 186, 23, 76, 89, 183, 143, 170, 0, 117, 93, 140, 36, 163, 67, 108, 69, 18, 199, 22, 146, 103, 195, 159, 193, 41, 191, 110, 139, 198, 46, 60, 118, 109, 51, 72, 59, 65, 116, 105, 77, 166, 28, 192, 160, 48, 30, 54, 147, 104, 177, 10, 190, 184, 11, 84, 4, 112, 126, 156, 29, 24, 161, 194, 6, 173, 180, 158, 53, 136, 182, 121, 99, 100, 26, 101, 150, 1, 97, 19, 189, 94, 130, 12, 124, 111, 167, 152, 74, 125, 87, 2, 82, 120, 44, 25, 16, 88, 171, 113, 56, 188, 85]","[85, 13, 31, 157, 168, 78, 145, 179, 91, 169, 196, 81, 187, 174, 119, 40, 185, 8, 165, 39, 90, 107, 27, 71, 58, 164, 7, 21, 132, 144, 155, 102, 49, 128, 167, 111, 124, 94, 130, 12, 148, 37, 33, 9, 62, 61, 15, 64, 114, 186, 23, 76, 89, 183, 143, 170, 0, 117, 93, 140, 36, 67, 108, 69, 163, 110, 191, 139, 198, 46, 115, 96, 41, 193, 159, 22, 146, 103, 181, 192, 160, 48, 30, 54, 147, 104, 177, 10, 190, 184, 28, 166, 11, 84, 4, 112, 126, 156, 29, 24, 149, 131, 77, 105, 116, 65, 59, 118, 60, 141, 66, 51, 109, 72, 162, 161, 194, 6, 173, 180, 158, 53, 136, 182, 121, 99, 189, 19, 100, 26, 101, 150, 1, 97, 152, 74, 125, 87, 2, 82, 120, 44, 25, 16, 88, 171, 113, 56, 188, 85]","{'distance': {'initial': 22250, 'final': 22993}, 'objective': {'initial': 0, 'final': 8031}}",22250,22993,0,8031,29695,31024,22250,29695,0,22993,31024,263,TSPA
lab6,hae_op1_ls,85,668058399,795.25657,True,,"[85, 156, 46, 10, 177, 2, 99, 163, 76, 127, 25, 167, 27, 22, 33, 192, 54, 61, 24, 50, 100, 194, 62, 172, 8, 41, 72, 118, 66, 198, 19, 134, 125, 112, 170, 171, 109, 147, 175, 158, 51, 65, 150, 6, 146, 91, 105, 97, 35, 40, 197, 39, 94, 126, 23, 195, 55, 95, 142, 7, 59, 129, 77, 191, 113, 48, 123, 70, 87, 117, 58, 18, 188, 88, 148, 138, 104, 26, 186, 140, 184, 52, 92, 137, 131, 124, 187, 89, 16, 28, 135, 44, 36, 17, 82, 9, 132, 71, 160, 0, 85]","[119, 40, 169, 91, 179, 55, 52, 106, 178, 3, 32, 138, 14, 155, 144, 102, 49, 128, 167, 111, 124, 94, 130, 12, 148, 37, 33, 9, 62, 61, 15, 64, 114, 186, 23, 76, 89, 183, 153, 0, 170, 117, 93, 140, 68, 139, 191, 110, 163, 67, 108, 69, 18, 199, 22, 146, 103, 181, 192, 160, 48, 30, 54, 147, 104, 184, 28, 166, 11, 84, 4, 112, 126, 156, 29, 24, 149, 131, 77, 105, 47, 65, 116, 5, 96, 159, 193, 41, 115, 198, 46, 60, 141, 66, 51, 109, 118, 59, 72, 162, 161, 194, 6, 173, 180, 158, 53, 136, 182, 121, 99, 189, 19, 100, 26, 101, 150, 1, 97, 152, 74, 125, 87, 2, 82, 120, 44, 25, 78, 145, 168, 31, 13, 56, 188, 157, 17, 196, 81, 187, 174, 90, 107, 27, 39, 165, 8, 185, 119]","{'distance': {'initial': 187943, 'final': 22792}, 'objective': {'initial': -170548, 'final': 7606}}",187943,22792,-170548,7606,17395,30398,187943,17395,-170548,22792,30398,171,TSPA
lab6,hae_op2_ls,85,668058399,794.995073,True,,"[85, 156, 46, 10, 177, 2, 99, 163, 76, 127, 25, 167, 27, 22, 33, 192, 54, 61, 24, 50, 100, 194, 62, 172, 8, 41, 72, 118, 66, 198, 19, 134, 125, 112, 170, 171, 109, 147, 175, 158, 51, 65, 150, 6, 146, 91, 105, 97, 35, 40, 197, 39, 94, 126, 23, 195, 55, 95, 142, 7, 59, 129, 77, 191, 113, 48, 123, 70, 87, 117, 58, 18, 188, 88, 148, 138, 104, 26, 186, 140, 184, 52, 92, 137, 131, 124, 187, 89, 16, 28, 135, 44, 36, 17, 82, 9, 132, 71, 160, 0, 85]","[191, 110, 163, 69, 108, 67, 36, 140, 93, 68, 46, 60, 118, 59, 72, 109, 51, 141, 66, 176, 137, 23, 76, 183, 89, 83, 114, 64, 15, 9, 62, 61, 144, 155, 102, 49, 32, 138, 8, 185, 40, 119, 165, 39, 95, 7, 164, 58, 71, 27, 107, 90, 174, 187, 81, 169, 196, 17, 157, 188, 56, 13, 31, 168, 145, 78, 25, 44, 120, 82, 92, 179, 91, 55, 52, 106, 178, 3, 128, 167, 33, 37, 148, 111, 124, 12, 130, 94, 189, 19, 152, 74, 125, 87, 150, 101, 1, 97, 26, 100, 99, 121, 182, 136, 53, 158, 180, 173, 6, 194, 161, 24, 149, 131, 47, 65, 116, 105, 77, 166, 28, 184, 11, 35, 126, 29, 156, 112, 4, 190, 10, 177, 104, 147, 54, 30, 48, 160, 192, 181, 103, 146, 195, 159, 193, 41, 96, 115, 198, 139, 191]","{'distance': {'initial': 187943, 'final': 23203}, 'objective': {'initial': -170548, 'final': 8066}}",187943,23203,-170548,8066,17395,31269,187943,17395,-170548,23203,31269,186,TSPA
lab6,hae_op3_ls,85,668058399,794.073657,True,,"[85, 156, 46, 10, 177, 2, 99, 163, 76, 127, 25, 167, 27, 22, 33, 192, 54, 61, 24, 50, 100, 194, 62, 172, 8, 41, 72, 118, 66, 198, 19, 134, 125, 112, 170, 171, 109, 147, 175, 158, 51, 65, 150, 6, 146, 91, 105, 97, 35, 40, 197, 39, 94, 126, 23, 195, 55, 95, 142, 7, 59, 129, 77, 191, 113, 48, 123, 70, 87, 117, 58, 18, 188, 88, 148, 138, 104, 26, 186, 140, 184, 52, 92, 137, 131, 124, 187, 89, 16, 28, 135, 44, 36, 17, 82, 9, 132, 71, 160, 0, 85]","[64, 144, 155, 102, 49, 32, 138, 39, 165, 8, 185, 119, 40, 174, 187, 81, 169, 196, 17, 157, 188, 56, 13, 31, 168, 91, 179, 145, 78, 25, 44, 120, 82, 2, 87, 125, 74, 152, 97, 1, 150, 101, 26, 100, 19, 189, 99, 121, 182, 136, 53, 158, 180, 173, 6, 194, 161, 24, 149, 131, 47, 65, 116, 105, 77, 166, 28, 184, 11, 35, 126, 29, 156, 112, 4, 190, 10, 177, 104, 147, 54, 30, 48, 160, 192, 42, 5, 96, 41, 193, 159, 199, 18, 69, 108, 67, 163, 36, 140, 93, 68, 46, 60, 118, 59, 72, 109, 51, 141, 66, 176, 12, 130, 94, 124, 111, 167, 148, 37, 33, 9, 62, 61, 15, 114, 64]","{'distance': {'initial': 187943, 'final': 18994}, 'objective': {'initial': -170548, 'final': 7747}}",187943,18994,-170548,7747,17395,26741,187943,17395,-170548,18994,26741,403,TSPA
lab6,hae_op2_no_ls,85,668058399,794.412032,True,,"[85, 156, 46, 10, 177, 2, 99, 163, 76, 127, 25, 167, 27, 22, 33, 192, 54, 61, 24, 50, 100, 194, 62, 172, 8, 41, 72, 118, 66, 198, 19, 134, 125, 112, 170, 171, 109, 147, 175, 158, 51, 65, 150, 6, 146, 91, 105, 97, 35, 40, 197, 39, 94, 126, 23, 195, 55, 95, 142, 7, 59, 129, 77, 191, 113, 48, 123, 70, 87, 117, 58, 18, 188, 88, 148, 138, 104, 26, 186, 140, 184, 52, 92, 137, 131, 124, 187, 89, 16, 28, 135, 44, 36, 17, 82, 9, 132, 71, 160, 0, 85]","[64, 15, 61, 62, 9, 33, 37, 148, 111, 167, 128, 49, 102, 144, 155, 14, 32, 138, 165, 39, 95, 7, 164, 58, 71, 27, 107, 90, 40, 119, 8, 185, 174, 187, 81, 169, 196, 17, 157, 31, 85, 188, 56, 13, 171, 88, 16, 44, 25, 78, 168, 145, 91, 179, 92, 82, 120, 2, 87, 1, 150, 101, 100, 26, 97, 152, 74, 124, 12, 130, 94, 19, 189, 99, 121, 182, 136, 53, 158, 180, 173, 6, 194, 161, 162, 72, 51, 109, 118, 59, 116, 65, 47, 105, 77, 131, 149, 24, 29, 156, 126, 112, 4, 84, 11, 166, 28, 184, 104, 147, 54, 30, 48, 160, 192, 42, 5, 96, 41, 193, 159, 195, 103, 146, 22, 199, 18, 69, 108, 67, 163, 110, 191, 139, 198, 46, 60, 141, 66, 176, 137, 23, 76, 183, 89, 83, 114, 64]","{'distance': {'initial': 187943, 'final': 23356}, 'objective': {'initial': -170548, 'final': 7004}}",187943,23356,-170548,7004,17395,30360,187943,17395,-170548,23356,30360,546,TSPA
lab6,hae_op3_no_ls,85,668058399,794.708908,True,,"[85, 156, 46, 10, 177, 2, 99, 163, 76, 127, 25, 167, 27, 22, 33, 192, 54, 61, 24, 50, 100, 194, 62, 172, 8, 41, 72, 118, 66, 198, 19, 134, 125, 112, 170, 171, 109, 147, 175, 158, 51, 65, 150, 6, 146, 91, 105, 97, 35, 40, 197, 39, 94, 126, 23, 195, 55, 95, 142, 7, 59, 129, 77, 191, 113, 48, 123, 70, 87, 117, 58, 18, 188, 88, 148, 138, 104, 26, 186, 140, 184, 52, 92, 137, 131, 124, 187, 89, 16, 28, 135, 44, 36, 17, 82, 9, 132, 71, 160, 0, 85]","[64, 15, 61, 62, 9, 33, 37, 148, 111, 167, 128, 49, 102, 144, 155, 14, 32, 138, 165, 39, 95, 7, 164, 58, 71, 27, 107, 90, 40, 119, 8, 185, 174, 187, 81, 169, 196, 17, 157, 31, 85, 188, 56, 13, 171, 88, 16, 44, 25, 78, 168, 145, 91, 179, 92, 82, 120, 2, 87, 1, 150, 101, 100, 26, 97, 152, 74, 124, 12, 130, 94, 19, 189, 99, 121, 182, 136, 53, 158, 180, 173, 6, 194, 161, 162, 72, 51, 109, 118, 59, 116, 65, 47, 105, 77, 131, 149, 24, 29, 156, 126, 112, 4, 84, 11, 166, 28, 184, 104, 147, 54, 30, 48, 160, 192, 42, 5, 96, 41, 193, 159, 195, 103, 146, 22, 199, 18, 69, 108, 67, 163, 110, 191, 139, 198, 46, 60, 141, 66, 176, 137, 23, 76, 183, 89, 83, 114, 64]","{'distance': {'initial': 187943, 'final': 23356}, 'objective': {'initial': -170548, 'final': 7004}}",187943,23356,-170548,7004,17395,30360,187943,17395,-170548,23356,30360,673,TSPA
lab6,ils,85,1130317502,794.559059,True,,"[85, 188, 157, 168, 145, 179, 91, 185, 119, 40, 169, 196, 81, 187, 174, 90, 107, 27, 39, 165, 8, 138, 32, 3, 178, 49, 102, 155, 144, 62, 9, 61, 15, 64, 114, 186, 23, 137, 141, 60, 46, 68, 93, 140, 36, 67, 108, 69, 163, 110, 191, 139, 198, 115, 96, 41, 193, 159, 195, 146, 103, 181, 192, 160, 48, 30, 54, 147, 104, 184, 84, 4, 112, 156, 29, 126, 35, 11, 28, 166, 77, 105, 116, 65, 47, 131, 149, 24, 161, 162, 72, 59, 118, 109, 51, 66, 176, 148, 37, 33, 167, 111, 124, 12, 130, 94, 63, 180, 173, 6, 154, 158, 53, 136, 182, 121, 100, 26, 101, 150, 1, 97, 99, 189, 19, 152, 74, 125, 87, 2, 82, 120, 44, 25, 78, 31, 13, 56, 85]","[85, 188, 157, 168, 78, 145, 179, 91, 169, 196, 81, 187, 174, 90, 107, 27, 39, 165, 119, 40, 185, 8, 138, 32, 3, 178, 49, 102, 155, 144, 61, 62, 9, 15, 64, 114, 186, 23, 137, 141, 60, 46, 68, 93, 140, 36, 67, 108, 69, 163, 110, 191, 139, 198, 115, 96, 41, 193, 159, 195, 146, 103, 181, 192, 160, 48, 30, 54, 147, 104, 177, 10, 190, 4, 112, 156, 29, 126, 35, 11, 184, 28, 166, 77, 105, 116, 65, 47, 131, 149, 24, 161, 162, 72, 59, 118, 109, 51, 66, 176, 12, 130, 124, 94, 63, 173, 6, 154, 180, 158, 53, 136, 182, 121, 99, 189, 19, 100, 26, 101, 150, 1, 97, 152, 74, 125, 87, 2, 82, 120, 44, 25, 16, 88, 171, 113, 56, 13, 31, 85]","{'distance': {'initial': 22225, 'final': 21357}, 'objective': {'initial': 0, 'final': 7956}}",22225,21357,0,7956,28953,29313,22225,28953,0,21357,29313,448,TSPA
lab6,lns,85,1130317502,794.368473,True,,"[85, 56, 13, 31, 168, 78, 145, 91, 179, 92, 82, 44, 120, 2, 87, 125, 74, 152, 97, 1, 150, 101, 26, 100, 19, 189, 99, 121, 182, 136, 53, 158, 180, 173, 6, 194, 161, 24, 29, 156, 126, 112, 4, 84, 11, 166, 28, 184, 104, 147, 54, 30, 48, 160, 192, 181, 103, 146, 195, 159, 193, 41, 142, 163, 69, 108, 67, 36, 140, 93, 68, 110, 191, 139, 198, 46, 60, 118, 59, 72, 109, 51, 141, 66, 176, 137, 23, 186, 114, 64, 15, 148, 37, 33, 9, 62, 61, 144, 155, 102, 49, 178, 3, 32, 138, 8, 165, 39, 27, 107, 90, 187, 81, 174, 40, 119, 185, 169, 196, 17, 157, 188, 85]","[85, 56, 13, 31, 168, 91, 179, 145, 78, 25, 44, 120, 82, 2, 87, 125, 74, 152, 97, 1, 150, 101, 26, 100, 19, 189, 99, 121, 182, 136, 53, 158, 180, 173, 6, 194, 161, 24, 29, 156, 126, 112, 4, 84, 11, 166, 28, 184, 104, 147, 54, 30, 48, 160, 192, 181, 103, 146, 195, 159, 193, 41, 191, 139, 110, 163, 69, 108, 67, 36, 140, 93, 68, 46, 60, 118, 59, 72, 109, 51, 141, 66, 176, 137, 23, 186, 114, 64, 15, 148, 37, 33, 9, 62, 61, 144, 155, 102, 49, 138, 32, 3, 178, 106, 185, 40, 119, 8, 165, 39, 27, 107, 90, 174, 187, 81, 169, 196, 17, 157, 188, 85]","{'distance': {'initial': 18943, 'final': 18460}, 'objective': {'initial': 0, 'final': 7285}}",18943,18460,0,7285,25929,25745,18943,25929,0,18460,25745,488,TSPA
lab6,hae_op1_ls,85,1130317502,795.492807,True,,"[85, 147, 193, 34, 121, 74, 186, 66, 160, 178, 90, 33, 133, 138, 108, 48, 176, 191, 172, 139, 185, 2, 41, 6, 18, 151, 167, 153, 117, 22, 143, 4, 146, 23, 35, 115, 49, 21, 13, 50, 144, 46, 81, 148, 173, 130, 163, 140, 44, 69, 194, 15, 9, 10, 110, 73, 184, 179, 136, 109, 137, 196, 181, 12, 58, 129, 156, 165, 161, 166, 103, 54, 169, 64, 67, 125, 126, 124, 84, 3, 30, 145, 36, 91, 120, 187, 155, 116, 31, 19, 32, 28, 92, 82, 192, 188, 60, 76, 100, 119, 85]","[49, 102, 144, 155, 14, 32, 3, 178, 138, 8, 185, 40, 119, 165, 39, 95, 7, 164, 58, 71, 27, 107, 90, 174, 187, 81, 196, 169, 91, 179, 145, 78, 168, 157, 188, 85, 31, 13, 56, 113, 171, 88, 16, 25, 44, 120, 82, 2, 87, 125, 74, 152, 97, 1, 150, 101, 26, 100, 53, 158, 136, 182, 121, 99, 189, 19, 94, 124, 130, 12, 176, 66, 51, 109, 141, 60, 118, 59, 72, 151, 133, 173, 180, 154, 6, 194, 161, 24, 149, 131, 47, 65, 116, 105, 77, 166, 28, 184, 11, 35, 126, 29, 156, 112, 4, 190, 10, 177, 104, 147, 54, 30, 48, 160, 192, 181, 103, 146, 195, 159, 193, 41, 96, 115, 46, 198, 139, 191, 110, 68, 140, 93, 117, 170, 0, 153, 183, 89, 76, 23, 186, 114, 64, 15, 61, 62, 9, 33, 37, 148, 111, 167, 128, 49]","{'distance': {'initial': 175984, 'final': 23395}, 'objective': {'initial': -156636, 'final': 7810}}",175984,23395,-156636,7810,19348,31205,175984,19348,-156636,23395,31205,162,TSPA
lab6,hae_op2_ls,85,1130317502,796.552052,True,,"[85, 147, 193, 34, 121, 74, 186, 66, 160, 178, 90, 33, 133, 138, 108, 48, 176, 191, 172, 139, 185, 2, 41, 6, 18, 151, 167, 153, 117, 22, 143, 4, 146, 23, 35, 115, 49, 21, 13, 50, 144, 46, 81, 148, 173, 130, 163, 140, 44, 69, 194, 15, 9, 10, 110, 73, 184, 179, 136, 109, 137, 196, 181, 12, 58, 129, 156, 165, 161, 166, 103, 54, 169, 64, 67, 125, 126, 124, 84, 3, 30, 145, 36, 91, 120, 187, 155, 116, 31, 19, 32, 28, 92, 82, 192, 188, 60, 76, 100, 119, 85]","[146, 103, 181, 192, 160, 48, 30, 54, 147, 104, 184, 28, 166, 11, 84, 4, 112, 126, 156, 29, 24, 149, 131, 77, 105, 47, 65, 116, 5, 96, 115, 198, 46, 60, 118, 59, 72, 109, 51, 141, 66, 176, 130, 12, 111, 167, 124, 94, 19, 189, 99, 121, 182, 136, 180, 173, 6, 154, 158, 53, 100, 26, 101, 150, 1, 97, 152, 74, 125, 87, 2, 82, 120, 44, 25, 16, 88, 171, 113, 56, 13, 31, 85, 188, 157, 168, 78, 145, 179, 91, 169, 196, 81, 187, 174, 90, 107, 27, 71, 58, 164, 7, 95, 39, 165, 8, 119, 40, 185, 106, 178, 3, 32, 138, 14, 155, 144, 61, 62, 9, 15, 64, 114, 186, 23, 76, 89, 183, 153, 0, 170, 117, 93, 140, 36, 67, 108, 69, 163, 110, 139, 191, 41, 193, 159, 195, 146]","{'distance': {'initial': 175984, 'final': 22168}, 'objective': {'initial': -156636, 'final': 8103}}",175984,22168,-156636,8103,19348,30271,175984,19348,-156636,22168,30271,190,TSPA
lab6,hae_op3_ls,85,1130317502,796.338125,True,,"[85, 147, 193, 34, 121, 74, 186, 66, 160, 178, 90, 33, 133, 138, 108, 48, 176, 191, 172, 139, 185, 2, 41, 6, 18, 151, 167, 153, 117, 22, 143, 4, 146, 23, 35, 115, 49, 21, 13, 50, 144, 46, 81, 148, 173, 130, 163, 140, 44, 69, 194, 15, 9, 10, 110, 73, 184, 179, 136, 109, 137, 196, 181, 12, 58, 129, 156, 165, 161, 166, 103, 54, 169, 64, 67, 125, 126, 124, 84, 3, 30, 145, 36, 91, 120, 187, 155, 116, 31, 19, 32, 28, 92, 82, 192, 188, 60, 76, 100, 119, 85]","[56, 13, 31, 85, 188, 157, 168, 78, 145, 179, 91, 169, 196, 81, 187, 174, 90, 107, 27, 71, 58, 164, 7, 95, 39, 165, 8, 119, 40, 185, 106, 178, 3, 32, 138, 14, 155, 144, 102, 49, 128, 167, 111, 124, 94, 130, 12, 148, 37, 33, 9, 62, 61, 15, 64, 114, 186, 23, 76, 89, 183, 143, 170, 0, 117, 93, 140, 68, 110, 191, 139, 198, 46, 60, 141, 66, 51, 109, 118, 59, 72, 149, 131, 47, 65, 116, 105, 77, 166, 11, 184, 28, 42, 5, 96, 41, 193, 159, 195, 146, 103, 181, 192, 160, 48, 30, 54, 147, 104, 177, 10, 190, 4, 112, 126, 156, 29, 127, 194, 6, 173, 180, 158, 53, 136, 182, 121, 99, 189, 19, 100, 26, 101, 150, 1, 97, 152, 74, 125, 87, 2, 82, 120, 44, 25, 16, 88, 171, 113, 56]","{'distance': {'initial': 175984, 'final': 22160}, 'objective': {'initial': -156636, 'final': 8073}}",175984,22160,-156636,8073,19348,30233,175984,19348,-156636,22160,30233,320,TSPA
lab6,hae_op2_no_ls,85,1130317502,795.1899,True,,"[85, 147, 193, 34, 121, 74, 186, 66, 160, 178, 90, 33, 133, 138, 108, 48, 176, 191, 172, 139, 185, 2, 41, 6, 18, 151, 167, 153, 117, 22, 143, 4, 146, 23, 35, 115, 49, 21, 13, 50, 144, 46, 81, 148, 173, 130, 163, 140, 44, 69, 194, 15, 9, 10, 110, 73, 184, 179, 136, 109, 137, 196, 181, 12, 58, 129, 156, 165, 161, 166, 103, 54, 169, 64, 67, 125, 126, 124, 84, 3, 30, 145, 36, 91, 120, 187, 155, 116, 31, 19, 32, 28, 92, 82, 192, 188, 60, 76, 100, 119, 85]","[113, 56, 13, 31, 85, 188, 157, 168, 78, 145, 179, 91, 169, 196, 81, 187, 174, 90, 107, 27, 71, 58, 164, 7, 95, 39, 165, 119, 40, 185, 8, 106, 178, 3, 32, 138, 14, 155, 144, 102, 49, 33, 37, 9, 62, 61, 15, 64, 114, 186, 23, 76, 89, 183, 143, 170, 0, 117, 93, 140, 68, 46, 60, 141, 66, 51, 109, 72, 118, 59, 149, 131, 47, 65, 116, 105, 77, 166, 11, 184, 28, 42, 5, 96, 115, 198, 139, 110, 191, 41, 193, 159, 195, 146, 103, 181, 192, 160, 48, 30, 54, 147, 104, 177, 10, 190, 4, 112, 126, 156, 29, 127, 70, 6, 173, 180, 158, 53, 136, 182, 121, 99, 100, 26, 101, 150, 1, 97, 19, 189, 94, 130, 12, 124, 111, 167, 172, 129, 82, 120, 44, 25, 16, 88, 171, 113]","{'distance': {'initial': 175984, 'final': 22373}, 'objective': {'initial': -156636, 'final': 7535}}",175984,22373,-156636,7535,19348,29908,175984,19348,-156636,22373,29908,510,TSPA
lab6,hae_op3_no_ls,85,1130317502,794.246584,True,,"[85, 147, 193, 34, 121, 74, 186, 66, 160, 178, 90, 33, 133, 138, 108, 48, 176, 191, 172, 139, 185, 2, 41, 6, 18, 151, 167, 153, 117, 22, 143, 4, 146, 23, 35, 115, 49, 21, 13, 50, 144, 46, 81, 148, 173, 130, 163, 140, 44, 69, 194, 15, 9, 10, 110, 73, 184, 179, 136, 109, 137, 196, 181, 12, 58, 129, 156, 165, 161, 166, 103, 54, 169, 64, 67, 125, 126, 124, 84, 3, 30, 145, 36, 91, 120, 187, 155, 116, 31, 19, 32, 28, 92, 82, 192, 188, 60, 76, 100, 119, 85]","[113, 56, 13, 31, 85, 188, 157, 168, 78, 145, 179, 91, 169, 196, 81, 187, 174, 90, 107, 27, 71, 58, 164, 7, 95, 39, 165, 119, 40, 185, 8, 106, 178, 3, 32, 138, 14, 155, 144, 102, 49, 33, 37, 9, 62, 61, 15, 64, 114, 186, 23, 76, 89, 183, 143, 170, 0, 117, 93, 140, 68, 46, 60, 141, 66, 51, 109, 72, 118, 59, 149, 131, 47, 65, 116, 105, 77, 166, 11, 184, 28, 42, 5, 96, 115, 198, 139, 110, 191, 41, 193, 159, 195, 146, 103, 181, 192, 160, 48, 30, 54, 147, 104, 177, 10, 190, 4, 112, 126, 156, 29, 127, 70, 6, 173, 180, 158, 53, 136, 182, 121, 99, 100, 26, 101, 150, 1, 97, 19, 189, 94, 130, 12, 124, 111, 167, 172, 129, 82, 120, 44, 25, 16, 88, 171, 113]","{'distance': {'initial': 175984, 'final': 22373}, 'objective': {'initial': -156636, 'final': 7535}}",175984,22373,-156636,7535,19348,29908,175984,19348,-156636,22373,29908,595,TSPA
lab6,ils,85,1612545282,795.213711,True,,"[85, 188, 157, 17, 196, 169, 81, 187, 174, 90, 107, 27, 39, 165, 119, 40, 185, 8, 138, 32, 49, 102, 155, 144, 62, 9, 61, 64, 114, 15, 148, 37, 33, 167, 111, 124, 94, 130, 12, 176, 66, 141, 109, 51, 151, 45, 162, 161, 24, 149, 131, 77, 105, 116, 65, 59, 72, 118, 60, 46, 198, 115, 96, 41, 193, 159, 195, 146, 103, 181, 192, 160, 48, 30, 54, 147, 104, 184, 28, 166, 11, 84, 4, 112, 126, 156, 29, 127, 70, 6, 173, 180, 158, 53, 136, 182, 121, 99, 189, 19, 100, 26, 97, 1, 101, 150, 120, 44, 82, 92, 179, 91, 145, 78, 168, 31, 13, 56, 85]","[85, 188, 157, 17, 196, 169, 81, 187, 174, 90, 107, 27, 39, 165, 8, 119, 40, 185, 106, 178, 3, 32, 138, 49, 102, 155, 144, 61, 62, 9, 33, 37, 148, 167, 111, 124, 94, 130, 12, 176, 66, 141, 51, 109, 60, 46, 198, 115, 96, 41, 193, 159, 195, 146, 103, 181, 192, 160, 48, 30, 54, 147, 104, 184, 28, 166, 11, 84, 4, 112, 126, 156, 29, 24, 149, 131, 77, 105, 116, 65, 59, 118, 72, 162, 161, 194, 6, 173, 180, 158, 53, 136, 182, 121, 99, 189, 19, 100, 26, 101, 150, 1, 97, 152, 74, 125, 87, 2, 120, 44, 82, 92, 179, 91, 145, 168, 78, 16, 88, 171, 113, 56, 13, 31, 85]","{'distance': {'initial': 18738, 'final': 18300}, 'objective': {'initial': 0, 'final': 7752}}",18738,18300,0,7752,25667,26052,18738,25667,0,18300,26052,473,TSPA
lab6,lns,85,1612545282,795.472007,True,,"[85, 188, 157, 17, 196, 169, 81, 187, 174, 90, 107, 27, 39, 165, 119, 40, 185, 8, 138, 32, 3, 178, 49, 102, 155, 144, 62, 9, 61, 64, 114, 15, 148, 37, 33, 167, 111, 124, 94, 130, 12, 176, 66, 141, 60, 109, 51, 72, 118, 59, 149, 131, 166, 11, 184, 28, 77, 105, 47, 65, 116, 5, 96, 115, 198, 46, 0, 170, 117, 93, 140, 68, 110, 139, 191, 41, 193, 159, 195, 146, 103, 181, 192, 160, 48, 30, 54, 147, 104, 177, 10, 190, 4, 112, 126, 156, 29, 127, 70, 6, 194, 161, 162, 133, 173, 180, 158, 53, 136, 182, 121, 99, 189, 19, 100, 26, 101, 150, 1, 97, 152, 74, 125, 87, 2, 120, 44, 82, 92, 179, 91, 145, 78, 168, 31, 13, 56, 85]","[85, 188, 157, 17, 196, 169, 81, 187, 174, 90, 107, 27, 39, 165, 8, 119, 40, 185, 106, 178, 3, 32, 138, 14, 155, 144, 102, 49, 128, 167, 111, 124, 94, 130, 12, 148, 37, 33, 9, 62, 61, 15, 64, 114, 186, 23, 76, 89, 183, 153, 0, 170, 117, 93, 140, 68, 46, 198, 139, 110, 191, 41, 193, 159, 195, 146, 103, 181, 192, 160, 48, 30, 54, 147, 104, 177, 10, 190, 4, 112, 126, 156, 29, 24, 149, 131, 11, 184, 28, 166, 77, 105, 116, 65, 59, 118, 60, 141, 66, 51, 109, 72, 162, 161, 194, 6, 173, 180, 158, 53, 136, 182, 121, 99, 189, 19, 100, 26, 101, 150, 1, 97, 152, 74, 125, 87, 2, 82, 120, 44, 25, 78, 145, 179, 91, 168, 31, 13, 56, 85]","{'distance': {'initial': 21883, 'final': 20697}, 'objective': {'initial': 0, 'final': 7976}}",21883,20697,0,7976,28779,28673,21883,28779,0,20697,28673,350,TSPA
lab6,hae_op1_ls,85,1612545282,797.531418,True,,"[85, 151, 120, 134, 194, 122, 3, 17, 176, 115, 116, 133, 54, 145, 117, 187, 199, 158, 86, 159, 170, 98, 96, 114, 123, 47, 72, 59, 131, 24, 19, 75, 23, 103, 127, 13, 70, 193, 104, 169, 8, 79, 42, 156, 130, 167, 49, 124, 48, 157, 1, 179, 143, 25, 61, 144, 160, 188, 91, 153, 177, 142, 52, 105, 90, 152, 101, 64, 99, 34, 155, 178, 189, 180, 81, 146, 46, 80, 7, 100, 166, 20, 121, 192, 11, 136, 129, 162, 148, 84, 77, 12, 39, 4, 137, 112, 173, 126, 183, 111, 85]","[19, 189, 99, 121, 182, 136, 180, 173, 6, 154, 158, 53, 100, 26, 101, 150, 1, 97, 152, 74, 125, 87, 2, 82, 120, 44, 25, 16, 88, 171, 113, 56, 13, 31, 85, 188, 157, 168, 78, 145, 179, 91, 185, 119, 40, 169, 196, 81, 187, 174, 90, 107, 27, 71, 58, 164, 7, 95, 39, 165, 8, 138, 32, 3, 178, 49, 102, 155, 144, 61, 62, 9, 33, 37, 148, 15, 64, 114, 186, 23, 76, 89, 183, 153, 0, 170, 117, 93, 140, 68, 46, 198, 139, 191, 110, 142, 159, 193, 41, 96, 5, 42, 192, 160, 48, 30, 54, 147, 104, 177, 10, 190, 4, 112, 156, 29, 126, 35, 11, 184, 28, 166, 77, 105, 116, 65, 47, 131, 149, 24, 161, 162, 72, 59, 118, 60, 141, 109, 51, 66, 176, 130, 12, 111, 167, 124, 94, 19]","{'distance': {'initial': 164015, 'final': 22302}, 'objective': {'initial': -145956, 'final': 7593}}",164015,22302,-145956,7593,18059,29895,164015,18059,-145956,22302,29895,165,TSPA
lab6,hae_op2_ls,85,1612545282,795.610905,True,,"[85, 151, 120, 134, 194, 122, 3, 17, 176, 115, 116, 133, 54, 145, 117, 187, 199, 158, 86, 159, 170, 98, 96, 114, 123, 47, 72, 59, 131, 24, 19, 75, 23, 103, 127, 13, 70, 193, 104, 169, 8, 79, 42, 156, 130, 167, 49, 124, 48, 157, 1, 179, 143, 25, 61, 144, 160, 188, 91, 153, 177, 142, 52, 105, 90, 152, 101, 64, 99, 34, 155, 178, 189, 180, 81, 146, 46, 80, 7, 100, 166, 20, 121, 192, 11, 136, 129, 162, 148, 84, 77, 12, 39, 4, 137, 112, 173, 126, 183, 111, 85]","[115, 96, 41, 193, 159, 195, 146, 103, 181, 192, 160, 48, 30, 54, 147, 104, 184, 28, 166, 11, 84, 4, 112, 126, 156, 29, 24, 149, 131, 77, 105, 116, 65, 59, 118, 60, 141, 66, 51, 109, 72, 162, 161, 194, 6, 173, 180, 158, 53, 136, 182, 121, 99, 189, 19, 100, 26, 101, 150, 1, 97, 152, 74, 125, 87, 2, 82, 120, 44, 25, 78, 145, 179, 91, 168, 31, 13, 56, 188, 157, 17, 196, 169, 81, 187, 174, 90, 107, 27, 39, 165, 8, 119, 40, 185, 106, 178, 3, 32, 138, 14, 144, 155, 49, 102, 61, 62, 9, 37, 33, 167, 111, 124, 94, 130, 12, 148, 15, 64, 114, 186, 23, 76, 89, 183, 153, 0, 170, 117, 93, 140, 36, 67, 108, 69, 163, 110, 191, 139, 198, 46, 115]","{'distance': {'initial': 164015, 'final': 21431}, 'objective': {'initial': -145956, 'final': 7965}}",164015,21431,-145956,7965,18059,29396,164015,18059,-145956,21431,29396,184,TSPA
lab6,hae_op3_ls,85,1612545282,795.820652,True,,"[85, 151, 120, 134, 194, 122, 3, 17, 176, 115, 116, 133, 54, 145, 117, 187, 199, 158, 86, 159, 170, 98, 96, 114, 123, 47, 72, 59, 131, 24, 19, 75, 23, 103, 127, 13, 70, 193, 104, 169, 8, 79, 42, 156, 130, 167, 49, 124, 48, 157, 1, 179, 143, 25, 61, 144, 160, 188, 91, 153, 177, 142, 52, 105, 90, 152, 101, 64, 99, 34, 155, 178, 189, 180, 81, 146, 46, 80, 7, 100, 166, 20, 121, 192, 11, 136, 129, 162, 148, 84, 77, 12, 39, 4, 137, 112, 173, 126, 183, 111, 85]","[173, 6, 154, 158, 53, 100, 26, 101, 150, 1, 97, 152, 74, 125, 87, 2, 82, 120, 44, 25, 78, 145, 179, 91, 168, 31, 13, 56, 188, 157, 17, 196, 169, 81, 187, 174, 90, 107, 27, 71, 58, 164, 7, 95, 39, 165, 119, 40, 185, 8, 138, 32, 3, 178, 49, 102, 155, 144, 61, 62, 9, 15, 64, 114, 186, 23, 76, 89, 183, 153, 0, 170, 117, 93, 140, 68, 46, 198, 139, 191, 110, 163, 67, 108, 69, 18, 199, 159, 193, 41, 96, 5, 42, 192, 160, 48, 30, 54, 147, 104, 177, 10, 190, 4, 112, 156, 29, 126, 35, 11, 184, 28, 166, 77, 105, 116, 65, 47, 131, 149, 24, 161, 162, 72, 59, 118, 60, 109, 51, 141, 66, 176, 12, 130, 124, 94, 19, 189, 99, 121, 182, 136, 180, 173]","{'distance': {'initial': 164015, 'final': 21671}, 'objective': {'initial': -145956, 'final': 8201}}",164015,21671,-145956,8201,18059,29872,164015,18059,-145956,21671,29872,329,TSPA
lab6,hae_op2_no_ls,85,1612545282,794.890695,True,,"[85, 151, 120, 134, 194, 122, 3, 17, 176, 115, 116, 133, 54, 145, 117, 187, 199, 158, 86, 159, 170, 98, 96, 114, 123, 47, 72, 59, 131, 24, 19, 75, 23, 103, 127, 13, 70, 193, 104, 169, 8, 79, 42, 156, 130, 167, 49, 124, 48, 157, 1, 179, 143, 25, 61, 144, 160, 188, 91, 153, 177, 142, 52, 105, 90, 152, 101, 64, 99, 34, 155, 178, 189, 180, 81, 146, 46, 80, 7, 100, 166, 20, 121, 192, 11, 136, 129, 162, 148, 84, 77, 12, 39, 4, 137, 112, 173, 126, 183, 111, 85]","[38, 31, 13, 56, 113, 171, 88, 16, 25, 44, 120, 82, 2, 87, 125, 74, 152, 97, 1, 150, 101, 26, 100, 121, 99, 189, 19, 94, 124, 111, 167, 33, 37, 148, 12, 130, 176, 66, 141, 51, 109, 60, 118, 59, 72, 162, 161, 133, 63, 182, 136, 53, 158, 180, 173, 6, 194, 127, 29, 156, 126, 112, 24, 149, 131, 47, 65, 116, 105, 77, 166, 28, 184, 11, 84, 4, 190, 10, 177, 104, 147, 54, 30, 48, 160, 192, 42, 5, 96, 115, 198, 46, 68, 110, 139, 191, 41, 193, 159, 199, 18, 69, 108, 67, 163, 36, 140, 93, 117, 170, 0, 153, 183, 89, 76, 23, 186, 114, 64, 15, 9, 62, 61, 144, 155, 102, 49, 138, 32, 3, 178, 106, 185, 40, 119, 8, 165, 39, 27, 107, 90, 187, 81, 174, 169, 196, 91, 179, 145, 78, 168, 157, 38]","{'distance': {'initial': 164015, 'final': 23507}, 'objective': {'initial': -145956, 'final': 7481}}",164015,23507,-145956,7481,18059,30988,164015,18059,-145956,23507,30988,503,TSPA
lab6,hae_op3_no_ls,85,1612545282,794.187015,True,,"[85, 151, 120, 134, 194, 122, 3, 17, 176, 115, 116, 133, 54, 145, 117, 187, 199, 158, 86, 159, 170, 98, 96, 114, 123, 47, 72, 59, 131, 24, 19, 75, 23, 103, 127, 13, 70, 193, 104, 169, 8, 79, 42, 156, 130, 167, 49, 124, 48, 157, 1, 179, 143, 25, 61, 144, 160, 188, 91, 153, 177, 142, 52, 105, 90, 152, 101, 64, 99, 34, 155, 178, 189, 180, 81, 146, 46, 80, 7, 100, 166, 20, 121, 192, 11, 136, 129, 162, 148, 84, 77, 12, 39, 4, 137, 112, 173, 126, 183, 111, 85]","[38, 31, 13, 56, 113, 171, 88, 16, 25, 44, 120, 82, 2, 87, 125, 74, 152, 97, 1, 150, 101, 26, 100, 121, 99, 189, 19, 94, 124, 111, 167, 33, 37, 148, 12, 130, 176, 66, 141, 51, 109, 60, 118, 59, 72, 162, 161, 133, 63, 182, 136, 53, 158, 180, 173, 6, 194, 127, 29, 156, 126, 112, 24, 149, 131, 47, 65, 116, 105, 77, 166, 28, 184, 11, 84, 4, 190, 10, 177, 104, 147, 54, 30, 48, 160, 192, 42, 5, 96, 115, 198, 46, 68, 110, 139, 191, 41, 193, 159, 199, 18, 69, 108, 67, 163, 36, 140, 93, 117, 170, 0, 153, 183, 89, 76, 23, 186, 114, 64, 15, 9, 62, 61, 144, 155, 102, 49, 138, 32, 3, 178, 106, 185, 40, 119, 8, 165, 39, 27, 107, 90, 187, 81, 174, 169, 196, 91, 179, 145, 78, 168, 157, 38]","{'distance': {'initial': 164015, 'final': 23507}, 'objective': {'initial': -145956, 'final': 7481}}",164015,23507,-145956,7481,18059,30988,164015,18059,-145956,23507,30988,500,TSPA
lab6,ils,85,1183913513,794.52704,True,,"[85, 188, 56, 113, 171, 88, 16, 25, 44, 120, 82, 92, 179, 91, 185, 40, 119, 165, 8, 138, 32, 3, 178, 49, 102, 62, 9, 33, 37, 148, 167, 111, 124, 12, 130, 94, 189, 19, 152, 74, 125, 87, 1, 150, 101, 97, 26, 100, 99, 121, 182, 136, 63, 133, 162, 161, 194, 173, 180, 53, 158, 154, 6, 70, 127, 29, 156, 126, 112, 4, 190, 10, 177, 104, 147, 54, 30, 48, 160, 192, 28, 184, 11, 166, 77, 105, 47, 65, 116, 5, 96, 41, 193, 159, 142, 191, 139, 110, 163, 69, 108, 67, 36, 140, 93, 68, 46, 60, 118, 59, 72, 109, 51, 141, 66, 176, 137, 23, 83, 114, 64, 15, 61, 144, 155, 21, 7, 164, 58, 71, 27, 107, 90, 187, 81, 174, 169, 196, 17, 157, 168, 31, 13, 85]","[85, 188, 56, 113, 171, 88, 16, 25, 44, 120, 82, 92, 179, 91, 185, 40, 119, 165, 8, 138, 32, 3, 178, 49, 102, 62, 9, 33, 37, 148, 167, 111, 124, 12, 130, 94, 189, 19, 152, 74, 125, 87, 150, 101, 1, 97, 26, 100, 99, 121, 182, 136, 53, 158, 180, 173, 6, 194, 127, 29, 156, 126, 112, 4, 190, 10, 177, 104, 147, 54, 30, 48, 160, 192, 28, 184, 11, 166, 77, 105, 47, 65, 116, 5, 96, 41, 193, 159, 163, 69, 108, 67, 36, 140, 93, 68, 46, 60, 118, 59, 72, 109, 51, 141, 66, 176, 137, 23, 186, 114, 64, 15, 61, 144, 155, 21, 7, 164, 58, 71, 27, 107, 90, 174, 187, 81, 169, 196, 17, 157, 168, 31, 13, 85]","{'distance': {'initial': 23004, 'final': 21063}, 'objective': {'initial': 0, 'final': 7518}}",23004,21063,0,7518,29945,28581,23004,29945,0,21063,28581,450,TSPA
lab6,lns,85,1183913513,795.444978,True,,"[85, 188, 56, 13, 171, 88, 16, 25, 44, 120, 82, 2, 87, 125, 74, 152, 97, 1, 150, 101, 26, 100, 53, 158, 180, 173, 6, 70, 127, 123, 24, 35, 11, 166, 28, 184, 84, 4, 190, 10, 177, 104, 147, 54, 30, 48, 160, 192, 181, 159, 199, 18, 69, 108, 67, 163, 36, 140, 93, 68, 46, 198, 139, 110, 191, 193, 41, 96, 5, 42, 43, 77, 105, 116, 65, 59, 118, 60, 141, 66, 51, 109, 72, 162, 161, 133, 63, 136, 182, 121, 99, 189, 19, 94, 130, 12, 124, 111, 167, 128, 178, 3, 32, 49, 102, 62, 9, 61, 15, 186, 23, 83, 114, 64, 144, 155, 14, 138, 8, 165, 119, 40, 174, 187, 81, 169, 196, 17, 157, 168, 31, 85]","[85, 188, 56, 113, 171, 88, 16, 25, 44, 120, 82, 2, 87, 125, 74, 152, 97, 1, 150, 101, 26, 100, 19, 189, 99, 121, 182, 136, 53, 158, 180, 173, 6, 194, 161, 24, 149, 131, 47, 65, 116, 105, 77, 166, 28, 184, 11, 84, 4, 190, 10, 177, 104, 147, 54, 30, 48, 160, 192, 42, 5, 96, 41, 193, 159, 199, 18, 69, 108, 67, 163, 36, 140, 93, 68, 110, 191, 139, 198, 46, 60, 118, 59, 72, 109, 51, 141, 66, 176, 137, 23, 186, 114, 64, 15, 61, 62, 9, 33, 37, 148, 12, 130, 94, 124, 111, 167, 128, 49, 102, 144, 155, 14, 138, 32, 3, 178, 106, 185, 8, 165, 119, 40, 174, 187, 81, 169, 196, 17, 157, 168, 31, 13, 85]","{'distance': {'initial': 20848, 'final': 19663}, 'objective': {'initial': 0, 'final': 7456}}",20848,19663,0,7456,26815,27119,20848,26815,0,19663,27119,389,TSPA
lab6,hae_op1_ls,85,1183913513,796.179277,True,,"[85, 163, 16, 53, 143, 180, 116, 162, 117, 18, 55, 110, 10, 46, 187, 171, 67, 87, 123, 92, 72, 169, 147, 114, 127, 118, 33, 190, 150, 27, 151, 19, 69, 25, 35, 59, 164, 100, 86, 191, 155, 189, 96, 161, 12, 70, 93, 120, 42, 6, 15, 158, 125, 3, 54, 68, 31, 124, 34, 14, 122, 38, 81, 9, 56, 199, 8, 133, 113, 168, 177, 134, 90, 142, 102, 23, 32, 4, 111, 83, 73, 84, 51, 49, 144, 63, 22, 182, 41, 174, 5, 179, 11, 40, 76, 26, 109, 60, 61, 74, 85]","[19, 189, 99, 121, 182, 136, 53, 158, 180, 173, 6, 194, 161, 24, 149, 131, 47, 65, 116, 105, 77, 166, 28, 184, 11, 35, 126, 29, 156, 112, 4, 190, 10, 177, 104, 147, 54, 30, 48, 160, 192, 181, 159, 193, 41, 96, 115, 198, 139, 191, 110, 163, 69, 108, 67, 36, 140, 93, 68, 46, 60, 118, 59, 72, 109, 51, 141, 66, 176, 12, 130, 94, 124, 111, 167, 148, 37, 33, 9, 62, 61, 15, 114, 64, 144, 155, 102, 49, 138, 32, 3, 178, 106, 185, 40, 119, 8, 165, 39, 27, 107, 90, 174, 187, 81, 169, 196, 17, 157, 188, 56, 13, 31, 168, 91, 179, 145, 78, 25, 44, 120, 82, 2, 87, 125, 74, 152, 1, 150, 101, 97, 26, 100, 19]","{'distance': {'initial': 191996, 'final': 20326}, 'objective': {'initial': -173674, 'final': 7988}}",191996,20326,-173674,7988,18322,28314,191996,18322,-173674,20326,28314,168,TSPA
lab6,hae_op2_ls,85,1183913513,795.503776,True,,"[85, 163, 16, 53, 143, 180, 116, 162, 117, 18, 55, 110, 10, 46, 187, 171, 67, 87, 123, 92, 72, 169, 147, 114, 127, 118, 33, 190, 150, 27, 151, 19, 69, 25, 35, 59, 164, 100, 86, 191, 155, 189, 96, 161, 12, 70, 93, 120, 42, 6, 15, 158, 125, 3, 54, 68, 31, 124, 34, 14, 122, 38, 81, 9, 56, 199, 8, 133, 113, 168, 177, 134, 90, 142, 102, 23, 32, 4, 111, 83, 73, 84, 51, 49, 144, 63, 22, 182, 41, 174, 5, 179, 11, 40, 76, 26, 109, 60, 61, 74, 85]","[9, 62, 61, 144, 155, 102, 49, 178, 3, 32, 138, 8, 185, 40, 119, 165, 39, 27, 107, 90, 174, 187, 81, 196, 169, 91, 179, 145, 78, 168, 157, 188, 85, 31, 13, 56, 113, 171, 88, 16, 25, 44, 120, 82, 2, 87, 125, 74, 152, 111, 167, 33, 37, 148, 12, 130, 124, 94, 19, 189, 99, 97, 1, 150, 101, 26, 100, 121, 182, 136, 53, 158, 180, 173, 6, 194, 161, 162, 72, 59, 65, 116, 105, 77, 166, 28, 184, 11, 35, 126, 29, 156, 112, 4, 190, 10, 177, 104, 147, 54, 30, 48, 160, 192, 181, 103, 146, 195, 159, 193, 41, 191, 139, 110, 163, 69, 108, 67, 36, 140, 93, 68, 46, 198, 115, 60, 118, 109, 51, 141, 66, 176, 137, 23, 186, 114, 64, 15, 9]","{'distance': {'initial': 191996, 'final': 21447}, 'objective': {'initial': -173674, 'final': 7828}}",191996,21447,-173674,7828,18322,29275,191996,18322,-173674,21447,29275,196,TSPA
lab6,hae_op3_ls,85,1183913513,795.327829,True,,"[85, 163, 16, 53, 143, 180, 116, 162, 117, 18, 55, 110, 10, 46, 187, 171, 67, 87, 123, 92, 72, 169, 147, 114, 127, 118, 33, 190, 150, 27, 151, 19, 69, 25, 35, 59, 164, 100, 86, 191, 155, 189, 96, 161, 12, 70, 93, 120, 42, 6, 15, 158, 125, 3, 54, 68, 31, 124, 34, 14, 122, 38, 81, 9, 56, 199, 8, 133, 113, 168, 177, 134, 90, 142, 102, 23, 32, 4, 111, 83, 73, 84, 51, 49, 144, 63, 22, 182, 41, 174, 5, 179, 11, 40, 76, 26, 109, 60, 61, 74, 85]","[93, 140, 36, 67, 108, 69, 163, 110, 191, 139, 198, 46, 115, 96, 41, 193, 159, 195, 146, 103, 181, 192, 160, 48, 30, 54, 147, 104, 177, 10, 190, 4, 112, 156, 29, 126, 35, 11, 184, 28, 166, 77, 105, 116, 65, 59, 118, 60, 141, 66, 51, 109, 72, 162, 161, 194, 6, 173, 180, 158, 53, 136, 182, 121, 99, 189, 19, 100, 26, 101, 150, 1, 97, 152, 74, 125, 87, 2, 82, 120, 44, 25, 78, 145, 179, 91, 168, 31, 13, 56, 188, 157, 17, 196, 169, 81, 187, 174, 90, 107, 27, 39, 165, 8, 119, 40, 185, 106, 178, 3, 32, 138, 14, 155, 144, 102, 49, 128, 167, 111, 124, 94, 130, 12, 148, 37, 33, 9, 62, 61, 15, 64, 114, 186, 23, 76, 89, 183, 153, 0, 170, 117, 93]","{'distance': {'initial': 191996, 'final': 21292}, 'objective': {'initial': -173674, 'final': 8260}}",191996,21292,-173674,8260,18322,29552,191996,18322,-173674,21292,29552,333,TSPA
lab6,hae_op2_no_ls,85,1183913513,794.48626,True,,"[85, 163, 16, 53, 143, 180, 116, 162, 117, 18, 55, 110, 10, 46, 187, 171, 67, 87, 123, 92, 72, 169, 147, 114, 127, 118, 33, 190, 150, 27, 151, 19, 69, 25, 35, 59, 164, 100, 86, 191, 155, 189, 96, 161, 12, 70, 93, 120, 42, 6, 15, 158, 125, 3, 54, 68, 31, 124, 34, 14, 122, 38, 81, 9, 56, 199, 8, 133, 113, 168, 177, 134, 90, 142, 102, 23, 32, 4, 111, 83, 73, 84, 51, 49, 144, 63, 22, 182, 41, 174, 5, 179, 11, 40, 76, 26, 109, 60, 61, 74, 85]","[178, 3, 32, 138, 14, 155, 144, 132, 73, 64, 114, 15, 61, 62, 9, 33, 37, 148, 167, 111, 124, 94, 130, 12, 176, 66, 141, 137, 23, 76, 89, 183, 153, 0, 170, 117, 93, 140, 36, 163, 67, 108, 69, 18, 199, 22, 146, 103, 195, 159, 193, 41, 96, 5, 42, 192, 160, 48, 30, 54, 147, 104, 177, 10, 190, 4, 112, 156, 29, 126, 35, 11, 184, 28, 166, 77, 105, 47, 65, 116, 115, 198, 139, 191, 110, 68, 46, 60, 118, 59, 109, 51, 72, 162, 161, 194, 6, 173, 180, 158, 53, 136, 182, 121, 99, 189, 19, 100, 26, 101, 150, 1, 97, 152, 74, 125, 87, 2, 82, 120, 44, 25, 78, 168, 145, 179, 91, 157, 31, 13, 16, 88, 171, 113, 56, 188, 17, 196, 169, 185, 119, 40, 174, 81, 187, 90, 107, 27, 71, 58, 164, 7, 95, 39, 165, 8, 106, 178]","{'distance': {'initial': 191996, 'final': 24977}, 'objective': {'initial': -173674, 'final': 7118}}",191996,24977,-173674,7118,18322,32095,191996,18322,-173674,24977,32095,559,TSPA
lab6,hae_op3_no_ls,85,1183913513,794.157796,True,,"[85, 163, 16, 53, 143, 180, 116, 162, 117, 18, 55, 110, 10, 46, 187, 171, 67, 87, 123, 92, 72, 169, 147, 114, 127, 118, 33, 190, 150, 27, 151, 19, 69, 25, 35, 59, 164, 100, 86, 191, 155, 189, 96, 161, 12, 70, 93, 120, 42, 6, 15, 158, 125, 3, 54, 68, 31, 124, 34, 14, 122, 38, 81, 9, 56, 199, 8, 133, 113, 168, 177, 134, 90, 142, 102, 23, 32, 4, 111, 83, 73, 84, 51, 49, 144, 63, 22, 182, 41, 174, 5, 179, 11, 40, 76, 26, 109, 60, 61, 74, 85]","[178, 3, 32, 138, 14, 155, 144, 132, 73, 64, 114, 15, 61, 62, 9, 33, 37, 148, 167, 111, 124, 94, 130, 12, 176, 66, 141, 137, 23, 76, 89, 183, 153, 0, 170, 117, 93, 140, 36, 163, 67, 108, 69, 18, 199, 22, 146, 103, 195, 159, 193, 41, 96, 5, 42, 192, 160, 48, 30, 54, 147, 104, 177, 10, 190, 4, 112, 156, 29, 126, 35, 11, 184, 28, 166, 77, 105, 47, 65, 116, 115, 198, 139, 191, 110, 68, 46, 60, 118, 59, 109, 51, 72, 162, 161, 194, 6, 173, 180, 158, 53, 136, 182, 121, 99, 189, 19, 100, 26, 101, 150, 1, 97, 152, 74, 125, 87, 2, 82, 120, 44, 25, 78, 168, 145, 179, 91, 157, 31, 13, 16, 88, 171, 113, 56, 188, 17, 196, 169, 185, 119, 40, 174, 81, 187, 90, 107, 27, 71, 58, 164, 7, 95, 39, 165, 8, 106, 178]","{'distance': {'initial': 191996, 'final': 24977}, 'objective': {'initial': -173674, 'final': 7118}}",191996,24977,-173674,7118,18322,32095,191996,18322,-173674,24977,32095,599,TSPA
lab6,ils,85,1242644980,795.150102,True,,"[85, 188, 157, 17, 196, 169, 81, 187, 174, 90, 107, 27, 71, 58, 164, 7, 95, 39, 165, 138, 32, 14, 155, 144, 62, 9, 61, 15, 64, 114, 83, 23, 76, 89, 183, 153, 0, 170, 117, 93, 140, 68, 110, 191, 139, 198, 46, 115, 116, 65, 47, 105, 77, 43, 42, 5, 96, 41, 193, 159, 195, 146, 103, 181, 192, 160, 48, 30, 54, 147, 104, 184, 28, 166, 11, 84, 4, 112, 126, 156, 29, 127, 70, 6, 194, 161, 162, 72, 59, 118, 60, 109, 51, 141, 66, 176, 80, 63, 182, 136, 180, 158, 53, 121, 99, 100, 26, 101, 150, 1, 97, 19, 189, 94, 130, 12, 124, 111, 167, 128, 49, 3, 178, 106, 8, 119, 40, 185, 91, 179, 145, 78, 168, 31, 13, 56, 85]","[85, 188, 157, 17, 196, 81, 187, 174, 90, 107, 27, 71, 58, 164, 7, 95, 39, 165, 8, 138, 14, 155, 144, 61, 62, 9, 15, 64, 114, 186, 23, 76, 89, 183, 153, 0, 170, 117, 93, 140, 36, 67, 108, 69, 163, 110, 191, 139, 198, 46, 115, 116, 65, 47, 105, 77, 43, 42, 5, 96, 41, 193, 159, 195, 146, 103, 181, 192, 160, 48, 30, 54, 147, 104, 184, 28, 166, 11, 84, 4, 112, 126, 156, 29, 127, 194, 161, 162, 72, 59, 118, 60, 109, 51, 141, 66, 176, 80, 63, 182, 136, 180, 173, 6, 154, 158, 53, 121, 99, 100, 26, 101, 150, 1, 97, 19, 189, 94, 130, 12, 124, 111, 167, 128, 49, 32, 3, 178, 106, 185, 119, 40, 169, 91, 179, 145, 78, 168, 31, 13, 56, 85]","{'distance': {'initial': 21509, 'final': 21757}, 'objective': {'initial': 0, 'final': 7327}}",21509,21757,0,7327,28338,29084,21509,28338,0,21757,29084,455,TSPA
lab6,lns,85,1242644980,795.053143,True,,"[85, 188, 157, 17, 196, 169, 81, 187, 174, 90, 107, 27, 39, 165, 8, 119, 40, 185, 106, 178, 3, 32, 138, 14, 155, 144, 102, 49, 128, 167, 111, 148, 37, 33, 9, 62, 61, 15, 64, 114, 186, 23, 89, 183, 76, 137, 176, 66, 141, 51, 109, 60, 118, 72, 59, 115, 46, 198, 139, 191, 110, 68, 93, 140, 36, 67, 108, 69, 163, 142, 41, 193, 159, 195, 146, 103, 34, 30, 54, 147, 48, 160, 192, 42, 5, 96, 116, 65, 47, 105, 77, 166, 28, 184, 11, 84, 4, 112, 126, 156, 29, 127, 194, 6, 173, 180, 158, 53, 136, 182, 121, 99, 189, 19, 100, 26, 101, 150, 1, 97, 152, 74, 125, 87, 2, 120, 44, 82, 92, 179, 91, 145, 78, 168, 31, 13, 56, 85]","[85, 188, 157, 17, 196, 169, 81, 187, 174, 90, 107, 27, 39, 165, 8, 119, 40, 185, 106, 178, 3, 32, 138, 14, 155, 144, 102, 49, 128, 167, 111, 148, 37, 33, 9, 62, 61, 15, 64, 114, 186, 23, 76, 89, 183, 153, 0, 170, 117, 93, 140, 36, 67, 108, 69, 163, 110, 191, 139, 198, 46, 60, 141, 66, 51, 109, 72, 118, 59, 65, 116, 105, 77, 43, 42, 5, 96, 41, 193, 159, 195, 146, 103, 181, 192, 160, 48, 30, 54, 147, 104, 184, 28, 166, 11, 84, 4, 112, 126, 156, 29, 127, 194, 6, 173, 180, 158, 53, 136, 182, 121, 99, 189, 19, 100, 26, 101, 150, 1, 97, 152, 74, 125, 87, 2, 82, 120, 44, 25, 78, 145, 179, 91, 168, 31, 13, 56, 85]","{'distance': {'initial': 21212, 'final': 20047}, 'objective': {'initial': 0, 'final': 7852}}",21212,20047,0,7852,28244,27899,21212,28244,0,20047,27899,377,TSPA
lab6,hae_op1_ls,85,1242644980,797.857603,True,,"[85, 61, 17, 110, 161, 144, 42, 134, 133, 75, 5, 158, 67, 180, 2, 68, 14, 130, 55, 36, 193, 198, 149, 31, 168, 181, 195, 71, 183, 32, 103, 176, 185, 79, 22, 107, 104, 139, 192, 50, 41, 171, 38, 12, 34, 111, 182, 52, 86, 54, 83, 16, 196, 64, 45, 135, 127, 93, 96, 154, 39, 56, 152, 21, 20, 8, 43, 100, 186, 13, 116, 177, 178, 97, 145, 169, 95, 29, 187, 138, 81, 63, 170, 147, 80, 105, 123, 155, 53, 163, 11, 109, 6, 35, 115, 194, 66, 18, 89, 179, 85]","[97, 1, 87, 125, 74, 152, 19, 189, 99, 121, 182, 136, 53, 158, 180, 173, 6, 194, 161, 162, 72, 59, 118, 109, 51, 66, 141, 60, 46, 68, 110, 191, 139, 198, 115, 116, 65, 47, 105, 77, 131, 149, 24, 29, 156, 126, 112, 4, 84, 11, 166, 28, 184, 104, 147, 54, 30, 48, 160, 192, 42, 5, 96, 41, 193, 159, 163, 69, 108, 67, 36, 140, 93, 117, 170, 0, 153, 183, 89, 76, 23, 186, 114, 64, 15, 61, 62, 9, 33, 37, 148, 12, 130, 94, 124, 111, 167, 128, 102, 144, 155, 49, 178, 3, 32, 138, 8, 185, 40, 119, 165, 39, 95, 7, 164, 58, 71, 27, 107, 90, 174, 187, 81, 169, 196, 17, 157, 188, 56, 13, 31, 168, 78, 145, 91, 179, 92, 82, 44, 120, 150, 101, 100, 26, 97]","{'distance': {'initial': 171419, 'final': 22345}, 'objective': {'initial': -154806, 'final': 7806}}",171419,22345,-154806,7806,16613,30151,171419,16613,-154806,22345,30151,172,TSPA
lab6,hae_op2_ls,85,1242644980,794.291393,True,,"[85, 61, 17, 110, 161, 144, 42, 134, 133, 75, 5, 158, 67, 180, 2, 68, 14, 130, 55, 36, 193, 198, 149, 31, 168, 181, 195, 71, 183, 32, 103, 176, 185, 79, 22, 107, 104, 139, 192, 50, 41, 171, 38, 12, 34, 111, 182, 52, 86, 54, 83, 16, 196, 64, 45, 135, 127, 93, 96, 154, 39, 56, 152, 21, 20, 8, 43, 100, 186, 13, 116, 177, 178, 97, 145, 169, 95, 29, 187, 138, 81, 63, 170, 147, 80, 105, 123, 155, 53, 163, 11, 109, 6, 35, 115, 194, 66, 18, 89, 179, 85]","[53, 158, 154, 6, 173, 180, 136, 182, 121, 99, 189, 19, 94, 124, 130, 12, 176, 66, 141, 51, 109, 60, 118, 59, 72, 162, 161, 24, 149, 131, 47, 65, 116, 105, 77, 166, 28, 184, 11, 35, 126, 29, 156, 112, 4, 190, 10, 177, 104, 147, 54, 30, 48, 160, 192, 42, 5, 96, 115, 198, 46, 68, 110, 139, 191, 41, 193, 159, 195, 103, 146, 22, 199, 18, 69, 108, 67, 163, 36, 140, 93, 117, 0, 170, 143, 183, 89, 76, 23, 186, 114, 64, 15, 61, 62, 9, 33, 37, 148, 111, 167, 128, 49, 102, 144, 155, 14, 138, 32, 3, 178, 106, 185, 40, 119, 8, 165, 39, 95, 7, 164, 58, 71, 27, 107, 90, 174, 187, 81, 169, 196, 17, 157, 188, 56, 13, 31, 168, 78, 145, 91, 179, 92, 82, 44, 120, 2, 87, 125, 74, 152, 97, 1, 150, 101, 26, 100, 53]","{'distance': {'initial': 171419, 'final': 23834}, 'objective': {'initial': -154806, 'final': 8096}}",171419,23834,-154806,8096,16613,31930,171419,16613,-154806,23834,31930,191,TSPA
lab6,hae_op3_ls,85,1242644980,795.084212,True,,"[85, 61, 17, 110, 161, 144, 42, 134, 133, 75, 5, 158, 67, 180, 2, 68, 14, 130, 55, 36, 193, 198, 149, 31, 168, 181, 195, 71, 183, 32, 103, 176, 185, 79, 22, 107, 104, 139, 192, 50, 41, 171, 38, 12, 34, 111, 182, 52, 86, 54, 83, 16, 196, 64, 45, 135, 127, 93, 96, 154, 39, 56, 152, 21, 20, 8, 43, 100, 186, 13, 116, 177, 178, 97, 145, 169, 95, 29, 187, 138, 81, 63, 170, 147, 80, 105, 123, 155, 53, 163, 11, 109, 6, 35, 115, 194, 66, 18, 89, 179, 85]","[157, 188, 56, 13, 31, 168, 91, 179, 145, 78, 25, 44, 120, 82, 129, 172, 167, 111, 124, 12, 130, 94, 189, 19, 152, 74, 125, 87, 1, 150, 101, 97, 26, 100, 99, 121, 182, 136, 53, 158, 180, 173, 6, 194, 161, 24, 29, 156, 126, 112, 4, 190, 10, 177, 104, 147, 54, 30, 48, 160, 192, 28, 184, 11, 166, 77, 105, 47, 65, 116, 5, 96, 41, 193, 159, 199, 18, 69, 108, 67, 163, 36, 140, 93, 68, 110, 191, 139, 198, 46, 60, 118, 59, 72, 109, 51, 141, 66, 176, 137, 23, 186, 114, 64, 15, 9, 62, 61, 144, 155, 102, 49, 178, 3, 32, 138, 21, 7, 164, 58, 71, 27, 107, 90, 39, 165, 8, 185, 119, 40, 174, 187, 81, 169, 196, 17, 157]","{'distance': {'initial': 171419, 'final': 21447}, 'objective': {'initial': -154806, 'final': 7984}}",171419,21447,-154806,7984,16613,29431,171419,16613,-154806,21447,29431,391,TSPA
lab6,hae_op2_no_ls,85,1242644980,794.768267,True,,"[85, 61, 17, 110, 161, 144, 42, 134, 133, 75, 5, 158, 67, 180, 2, 68, 14, 130, 55, 36, 193, 198, 149, 31, 168, 181, 195, 71, 183, 32, 103, 176, 185, 79, 22, 107, 104, 139, 192, 50, 41, 171, 38, 12, 34, 111, 182, 52, 86, 54, 83, 16, 196, 64, 45, 135, 127, 93, 96, 154, 39, 56, 152, 21, 20, 8, 43, 100, 186, 13, 116, 177, 178, 97, 145, 169, 95, 29, 187, 138, 81, 63, 170, 147, 80, 105, 123, 155, 53, 163, 11, 109, 6, 35, 115, 194, 66, 18, 89, 179, 85]","[96, 5, 42, 192, 160, 48, 30, 54, 147, 104, 177, 10, 190, 4, 112, 126, 156, 29, 127, 194, 6, 173, 180, 158, 53, 100, 26, 101, 150, 1, 97, 152, 74, 125, 87, 2, 82, 120, 44, 25, 16, 88, 171, 113, 56, 13, 31, 85, 188, 157, 168, 78, 145, 179, 91, 169, 196, 81, 187, 174, 119, 40, 185, 8, 165, 39, 90, 107, 27, 71, 58, 164, 7, 21, 138, 32, 3, 178, 49, 102, 155, 144, 61, 62, 9, 33, 37, 148, 15, 64, 114, 83, 23, 76, 89, 183, 143, 170, 0, 117, 93, 140, 36, 163, 67, 108, 69, 18, 199, 22, 146, 103, 195, 159, 193, 41, 191, 139, 110, 68, 46, 60, 141, 66, 176, 130, 12, 111, 167, 124, 94, 19, 189, 99, 121, 182, 136, 63, 133, 161, 162, 72, 51, 109, 118, 59, 65, 47, 131, 149, 24, 35, 11, 184, 28, 166, 77, 105, 116, 96]","{'distance': {'initial': 171419, 'final': 25566}, 'objective': {'initial': -154806, 'final': 6959}}",171419,25566,-154806,6959,16613,32525,171419,16613,-154806,25566,32525,515,TSPA
lab6,hae_op3_no_ls,85,1242644980,794.807747,True,,"[85, 61, 17, 110, 161, 144, 42, 134, 133, 75, 5, 158, 67, 180, 2, 68, 14, 130, 55, 36, 193, 198, 149, 31, 168, 181, 195, 71, 183, 32, 103, 176, 185, 79, 22, 107, 104, 139, 192, 50, 41, 171, 38, 12, 34, 111, 182, 52, 86, 54, 83, 16, 196, 64, 45, 135, 127, 93, 96, 154, 39, 56, 152, 21, 20, 8, 43, 100, 186, 13, 116, 177, 178, 97, 145, 169, 95, 29, 187, 138, 81, 63, 170, 147, 80, 105, 123, 155, 53, 163, 11, 109, 6, 35, 115, 194, 66, 18, 89, 179, 85]","[5, 42, 28, 184, 11, 166, 77, 105, 116, 65, 47, 131, 149, 24, 161, 162, 133, 63, 94, 124, 167, 111, 12, 130, 176, 66, 141, 51, 109, 72, 59, 118, 60, 46, 68, 140, 93, 117, 170, 0, 183, 89, 76, 23, 114, 64, 15, 9, 62, 61, 144, 155, 102, 49, 178, 3, 32, 138, 21, 7, 164, 58, 71, 27, 107, 90, 39, 165, 8, 185, 119, 40, 174, 187, 81, 196, 169, 91, 179, 145, 78, 168, 157, 31, 85, 188, 56, 13, 171, 88, 16, 25, 44, 120, 82, 2, 87, 125, 74, 152, 97, 1, 150, 101, 26, 100, 19, 189, 99, 121, 182, 136, 53, 158, 180, 173, 6, 194, 127, 29, 156, 126, 112, 4, 190, 10, 177, 104, 147, 54, 30, 48, 160, 192, 103, 146, 195, 159, 193, 41, 96, 5]","{'distance': {'initial': 171419, 'final': 22894}, 'objective': {'initial': -154806, 'final': 7358}}",171419,22894,-154806,7358,16613,30252,171419,16613,-154806,22894,30252,483,TSPA
lab6,ils,85,375679063,794.881275,True,,"[85, 31, 13, 56, 113, 171, 88, 16, 25, 44, 120, 82, 78, 168, 145, 179, 91, 185, 8, 138, 32, 3, 178, 128, 167, 111, 152, 74, 125, 87, 1, 150, 101, 97, 26, 100, 53, 158, 180, 154, 6, 173, 136, 182, 121, 99, 189, 19, 94, 124, 12, 130, 63, 133, 162, 161, 194, 127, 29, 156, 126, 112, 4, 84, 11, 166, 28, 184, 104, 147, 54, 30, 48, 160, 192, 181, 103, 146, 22, 159, 193, 41, 96, 5, 42, 43, 77, 105, 116, 65, 59, 72, 118, 115, 46, 198, 139, 191, 110, 68, 140, 93, 117, 170, 0, 153, 183, 89, 76, 23, 137, 141, 60, 109, 51, 66, 176, 148, 37, 33, 9, 62, 61, 102, 49, 155, 144, 132, 21, 7, 164, 58, 71, 27, 107, 90, 39, 165, 119, 40, 174, 187, 81, 169, 196, 17, 157, 188, 85]","[85, 31, 13, 56, 113, 171, 88, 16, 25, 44, 120, 82, 78, 168, 145, 179, 91, 185, 8, 138, 32, 3, 178, 128, 167, 111, 152, 74, 125, 87, 150, 101, 1, 97, 26, 100, 19, 189, 99, 121, 182, 136, 53, 158, 180, 173, 6, 194, 127, 29, 156, 126, 112, 4, 84, 11, 166, 28, 184, 104, 147, 54, 30, 48, 160, 192, 181, 103, 146, 195, 159, 193, 41, 96, 5, 42, 43, 77, 105, 116, 65, 59, 118, 72, 51, 109, 60, 46, 198, 139, 191, 110, 68, 140, 93, 117, 170, 0, 153, 183, 89, 76, 23, 137, 141, 66, 176, 12, 130, 94, 124, 148, 37, 33, 9, 62, 61, 102, 49, 155, 144, 132, 21, 7, 164, 58, 71, 27, 107, 90, 39, 165, 119, 40, 174, 187, 81, 169, 196, 17, 157, 188, 85]","{'distance': {'initial': 24431, 'final': 22380}, 'objective': {'initial': 0, 'final': 6690}}",24431,22380,0,6690,30197,29070,24431,30197,0,22380,29070,421,TSPA
lab6,lns,85,375679063,795.086002,True,,"[85, 31, 13, 56, 113, 171, 88, 16, 25, 44, 120, 82, 78, 168, 145, 179, 91, 185, 8, 138, 32, 3, 178, 128, 167, 87, 125, 74, 152, 19, 189, 97, 1, 150, 101, 26, 100, 99, 121, 182, 136, 53, 158, 180, 173, 6, 194, 127, 29, 156, 126, 112, 4, 84, 11, 166, 28, 184, 104, 147, 54, 30, 48, 160, 192, 181, 103, 146, 22, 199, 18, 69, 108, 67, 163, 36, 140, 93, 68, 110, 139, 191, 142, 159, 193, 41, 96, 5, 42, 43, 77, 105, 116, 65, 59, 118, 60, 141, 66, 51, 109, 72, 162, 161, 133, 63, 94, 130, 12, 124, 111, 148, 37, 33, 9, 62, 61, 102, 49, 155, 144, 132, 21, 7, 164, 58, 71, 27, 107, 90, 39, 165, 119, 40, 174, 187, 81, 169, 196, 17, 157, 188, 85]","[85, 13, 31, 157, 168, 78, 145, 179, 91, 169, 196, 81, 187, 174, 90, 107, 27, 71, 58, 164, 7, 95, 39, 165, 8, 119, 40, 185, 106, 178, 3, 32, 138, 49, 102, 155, 144, 61, 62, 9, 33, 37, 148, 167, 111, 124, 94, 130, 12, 176, 66, 141, 51, 109, 72, 59, 118, 60, 46, 198, 139, 191, 110, 68, 93, 140, 36, 163, 67, 108, 69, 18, 199, 22, 146, 103, 195, 159, 193, 41, 96, 5, 116, 65, 47, 105, 77, 166, 11, 184, 28, 192, 160, 48, 30, 54, 147, 104, 177, 10, 190, 4, 112, 126, 156, 29, 127, 194, 6, 173, 180, 158, 53, 136, 182, 121, 99, 189, 19, 100, 26, 101, 150, 1, 97, 152, 74, 125, 87, 2, 82, 120, 44, 25, 16, 88, 171, 113, 56, 188, 85]","{'distance': {'initial': 22346, 'final': 20933}, 'objective': {'initial': 0, 'final': 8316}}",22346,20933,0,8316,28987,29249,22346,28987,0,20933,29249,327,TSPA
lab6,hae_op1_ls,85,375679063,794.51376,True,,"[85, 173, 187, 97, 45, 109, 26, 9, 194, 94, 104, 124, 107, 134, 74, 10, 116, 21, 56, 76, 90, 141, 61, 143, 196, 17, 84, 133, 33, 167, 52, 18, 199, 151, 179, 123, 135, 19, 22, 112, 8, 32, 103, 42, 184, 54, 154, 127, 81, 110, 137, 36, 83, 147, 138, 88, 82, 142, 70, 60, 132, 16, 145, 80, 47, 122, 165, 191, 195, 66, 152, 48, 140, 67, 183, 119, 189, 79, 178, 128, 27, 180, 53, 25, 1, 121, 144, 49, 105, 50, 96, 162, 153, 164, 161, 59, 41, 120, 38, 86, 85]","[169, 40, 119, 185, 8, 165, 39, 27, 107, 90, 174, 187, 81, 196, 17, 157, 188, 56, 13, 31, 168, 145, 78, 25, 44, 120, 82, 2, 87, 125, 74, 152, 97, 1, 150, 101, 26, 100, 19, 189, 99, 121, 182, 136, 53, 158, 180, 173, 6, 194, 161, 162, 72, 109, 51, 66, 141, 60, 118, 59, 65, 116, 105, 77, 131, 149, 24, 29, 156, 126, 112, 4, 84, 11, 166, 28, 184, 104, 147, 54, 30, 48, 160, 192, 42, 5, 96, 159, 193, 41, 115, 198, 46, 68, 163, 69, 108, 67, 36, 140, 93, 117, 170, 0, 153, 183, 89, 76, 23, 83, 114, 64, 15, 61, 62, 9, 33, 37, 148, 12, 130, 94, 124, 111, 167, 128, 49, 102, 144, 155, 14, 138, 32, 3, 178, 106, 52, 55, 179, 91, 169]","{'distance': {'initial': 155336, 'final': 21382}, 'objective': {'initial': -138170, 'final': 7730}}",155336,21382,-138170,7730,17166,29112,155336,17166,-138170,21382,29112,164,TSPA
lab6,hae_op2_ls,85,375679063,794.53928,True,,"[85, 173, 187, 97, 45, 109, 26, 9, 194, 94, 104, 124, 107, 134, 74, 10, 116, 21, 56, 76, 90, 141, 61, 143, 196, 17, 84, 133, 33, 167, 52, 18, 199, 151, 179, 123, 135, 19, 22, 112, 8, 32, 103, 42, 184, 54, 154, 127, 81, 110, 137, 36, 83, 147, 138, 88, 82, 142, 70, 60, 132, 16, 145, 80, 47, 122, 165, 191, 195, 66, 152, 48, 140, 67, 183, 119, 189, 79, 178, 128, 27, 180, 53, 25, 1, 121, 144, 49, 105, 50, 96, 162, 153, 164, 161, 59, 41, 120, 38, 86, 85]","[99, 189, 19, 100, 26, 101, 150, 1, 97, 152, 74, 125, 87, 2, 82, 120, 44, 25, 78, 145, 179, 91, 168, 31, 13, 56, 188, 157, 17, 196, 169, 81, 187, 174, 40, 119, 165, 8, 138, 32, 3, 178, 49, 102, 155, 144, 61, 62, 9, 33, 37, 148, 167, 111, 124, 94, 130, 12, 176, 66, 141, 51, 109, 72, 59, 118, 60, 46, 198, 139, 191, 110, 68, 93, 140, 36, 67, 108, 69, 163, 159, 193, 41, 96, 5, 42, 192, 160, 48, 30, 54, 147, 104, 177, 10, 190, 4, 112, 126, 156, 29, 35, 11, 184, 28, 166, 77, 105, 116, 65, 47, 131, 149, 24, 161, 194, 6, 173, 180, 158, 53, 136, 182, 121, 99]","{'distance': {'initial': 155336, 'final': 18283}, 'objective': {'initial': -138170, 'final': 7794}}",155336,18283,-138170,7794,17166,26077,155336,17166,-138170,18283,26077,232,TSPA
lab6,hae_op3_ls,85,375679063,795.320268,True,,"[85, 173, 187, 97, 45, 109, 26, 9, 194, 94, 104, 124, 107, 134, 74, 10, 116, 21, 56, 76, 90, 141, 61, 143, 196, 17, 84, 133, 33, 167, 52, 18, 199, 151, 179, 123, 135, 19, 22, 112, 8, 32, 103, 42, 184, 54, 154, 127, 81, 110, 137, 36, 83, 147, 138, 88, 82, 142, 70, 60, 132, 16, 145, 80, 47, 122, 165, 191, 195, 66, 152, 48, 140, 67, 183, 119, 189, 79, 178, 128, 27, 180, 53, 25, 1, 121, 144, 49, 105, 50, 96, 162, 153, 164, 161, 59, 41, 120, 38, 86, 85]","[56, 13, 31, 168, 91, 179, 145, 78, 25, 44, 120, 82, 2, 87, 125, 74, 152, 97, 1, 150, 101, 26, 100, 19, 189, 99, 121, 182, 136, 53, 158, 180, 173, 6, 194, 127, 29, 156, 126, 112, 4, 190, 10, 177, 104, 147, 54, 30, 48, 160, 192, 28, 184, 11, 166, 77, 105, 47, 65, 116, 5, 96, 41, 193, 159, 163, 69, 108, 67, 36, 140, 93, 68, 46, 60, 118, 59, 72, 109, 51, 141, 66, 176, 137, 23, 186, 114, 64, 15, 148, 12, 130, 94, 124, 111, 167, 33, 37, 9, 62, 61, 144, 155, 102, 49, 178, 3, 32, 138, 8, 185, 40, 119, 165, 39, 95, 7, 164, 58, 71, 27, 107, 90, 174, 187, 81, 169, 196, 17, 157, 188, 56]","{'distance': {'initial': 155336, 'final': 20503}, 'objective': {'initial': -138170, 'final': 7921}}",155336,20503,-138170,7921,17166,28424,155336,17166,-138170,20503,28424,390,TSPA
lab6,hae_op2_no_ls,85,375679063,794.671178,True,,"[85, 173, 187, 97, 45, 109, 26, 9, 194, 94, 104, 124, 107, 134, 74, 10, 116, 21, 56, 76, 90, 141, 61, 143, 196, 17, 84, 133, 33, 167, 52, 18, 199, 151, 179, 123, 135, 19, 22, 112, 8, 32, 103, 42, 184, 54, 154, 127, 81, 110, 137, 36, 83, 147, 138, 88, 82, 142, 70, 60, 132, 16, 145, 80, 47, 122, 165, 191, 195, 66, 152, 48, 140, 67, 183, 119, 189, 79, 178, 128, 27, 180, 53, 25, 1, 121, 144, 49, 105, 50, 96, 162, 153, 164, 161, 59, 41, 120, 38, 86, 85]","[145, 179, 91, 55, 52, 128, 167, 111, 33, 37, 148, 12, 130, 124, 94, 63, 136, 182, 99, 189, 19, 152, 74, 125, 87, 1, 150, 101, 97, 26, 100, 121, 53, 158, 180, 173, 6, 194, 161, 24, 29, 156, 126, 112, 4, 190, 10, 177, 104, 147, 54, 30, 48, 160, 192, 181, 103, 146, 195, 159, 193, 41, 96, 5, 105, 116, 65, 47, 77, 166, 28, 184, 11, 131, 149, 72, 59, 118, 109, 51, 66, 141, 60, 46, 68, 163, 69, 108, 67, 36, 140, 93, 117, 0, 170, 143, 183, 89, 76, 23, 186, 114, 64, 15, 61, 9, 62, 144, 155, 102, 49, 178, 3, 32, 138, 8, 165, 119, 40, 185, 169, 174, 187, 81, 196, 17, 157, 31, 85, 188, 56, 13, 171, 88, 16, 25, 44, 120, 82, 78, 168, 145]","{'distance': {'initial': 155336, 'final': 22352}, 'objective': {'initial': -138170, 'final': 6916}}",155336,22352,-138170,6916,17166,29268,155336,17166,-138170,22352,29268,563,TSPA
lab6,hae_op3_no_ls,85,375679063,794.53209,True,,"[85, 173, 187, 97, 45, 109, 26, 9, 194, 94, 104, 124, 107, 134, 74, 10, 116, 21, 56, 76, 90, 141, 61, 143, 196, 17, 84, 133, 33, 167, 52, 18, 199, 151, 179, 123, 135, 19, 22, 112, 8, 32, 103, 42, 184, 54, 154, 127, 81, 110, 137, 36, 83, 147, 138, 88, 82, 142, 70, 60, 132, 16, 145, 80, 47, 122, 165, 191, 195, 66, 152, 48, 140, 67, 183, 119, 189, 79, 178, 128, 27, 180, 53, 25, 1, 121, 144, 49, 105, 50, 96, 162, 153, 164, 161, 59, 41, 120, 38, 86, 85]","[145, 179, 91, 185, 178, 3, 128, 167, 111, 124, 12, 130, 94, 189, 19, 152, 74, 125, 87, 150, 101, 1, 97, 26, 100, 99, 121, 182, 136, 53, 158, 180, 173, 6, 194, 161, 72, 109, 51, 66, 141, 60, 118, 59, 65, 47, 116, 105, 77, 166, 28, 184, 11, 131, 149, 24, 29, 156, 126, 112, 4, 190, 10, 177, 104, 147, 54, 30, 48, 160, 192, 5, 96, 41, 193, 159, 163, 69, 108, 67, 140, 93, 68, 46, 0, 170, 183, 89, 76, 23, 114, 64, 61, 9, 62, 144, 155, 102, 49, 32, 138, 8, 165, 119, 40, 174, 187, 81, 169, 196, 157, 31, 188, 56, 13, 171, 88, 16, 44, 120, 82, 78, 168, 145]","{'distance': {'initial': 155336, 'final': 20510}, 'objective': {'initial': -138170, 'final': 6948}}",155336,20510,-138170,6948,17166,27458,155336,17166,-138170,20510,27458,556,TSPA
lab6,ils,85,63918073,794.551829,True,,"[85, 56, 13, 31, 168, 78, 145, 179, 91, 55, 52, 106, 178, 3, 128, 167, 111, 172, 129, 82, 44, 120, 2, 87, 125, 74, 152, 97, 1, 150, 101, 26, 100, 121, 99, 189, 19, 94, 124, 130, 12, 176, 151, 45, 162, 161, 173, 180, 136, 53, 158, 154, 6, 194, 127, 29, 156, 126, 112, 4, 190, 10, 177, 104, 147, 54, 30, 48, 160, 192, 28, 184, 11, 166, 77, 105, 47, 65, 116, 5, 96, 41, 193, 159, 163, 69, 108, 67, 36, 140, 93, 68, 46, 198, 115, 60, 118, 59, 72, 109, 51, 141, 66, 137, 23, 186, 114, 64, 15, 9, 62, 61, 144, 155, 102, 49, 32, 138, 21, 7, 164, 58, 95, 39, 165, 8, 185, 119, 40, 169, 174, 187, 81, 196, 17, 157, 188, 85]","[85, 56, 13, 31, 168, 78, 145, 179, 91, 55, 52, 106, 178, 3, 128, 167, 111, 172, 129, 82, 44, 120, 2, 87, 125, 74, 152, 97, 1, 150, 101, 26, 100, 121, 99, 189, 19, 94, 124, 12, 130, 63, 182, 136, 53, 158, 180, 173, 6, 194, 161, 24, 29, 156, 126, 112, 4, 190, 10, 177, 104, 147, 54, 30, 48, 160, 192, 28, 184, 11, 166, 77, 105, 47, 65, 116, 5, 96, 41, 193, 159, 199, 18, 69, 108, 67, 163, 36, 140, 93, 68, 46, 198, 115, 60, 118, 59, 72, 109, 51, 141, 66, 176, 137, 23, 186, 114, 64, 15, 9, 62, 61, 144, 155, 102, 49, 32, 138, 21, 7, 164, 58, 95, 39, 165, 8, 185, 40, 119, 174, 187, 81, 169, 196, 17, 157, 188, 85]","{'distance': {'initial': 22472, 'final': 22034}, 'objective': {'initial': 0, 'final': 6927}}",22472,22034,0,6927,28686,28961,22472,28686,0,22034,28961,430,TSPA
lab6,lns,85,63918073,796.032439,True,,"[85, 31, 157, 168, 78, 145, 179, 91, 169, 196, 81, 187, 174, 40, 119, 185, 8, 165, 39, 95, 58, 164, 7, 21, 155, 144, 61, 9, 62, 102, 49, 128, 167, 111, 124, 12, 130, 94, 19, 189, 99, 121, 182, 136, 180, 173, 161, 162, 45, 151, 176, 66, 141, 51, 109, 72, 59, 118, 60, 115, 198, 46, 68, 0, 153, 76, 23, 186, 114, 64, 83, 89, 183, 143, 170, 117, 93, 140, 36, 67, 108, 69, 163, 110, 139, 191, 142, 159, 193, 41, 96, 5, 116, 65, 47, 105, 77, 166, 11, 184, 28, 192, 160, 48, 30, 54, 147, 104, 177, 10, 190, 4, 112, 126, 156, 29, 127, 194, 6, 154, 158, 53, 100, 26, 101, 150, 1, 97, 152, 74, 125, 87, 2, 82, 120, 44, 25, 16, 88, 171, 13, 56, 188, 85]","[85, 31, 13, 56, 113, 171, 88, 16, 168, 91, 179, 145, 78, 25, 44, 120, 82, 2, 87, 125, 74, 152, 97, 1, 150, 101, 26, 100, 19, 189, 99, 121, 182, 136, 53, 158, 180, 173, 6, 194, 127, 29, 156, 126, 112, 4, 190, 10, 177, 104, 147, 54, 30, 48, 160, 192, 28, 184, 11, 166, 77, 105, 116, 65, 59, 118, 72, 109, 51, 66, 141, 60, 46, 198, 115, 96, 41, 193, 159, 142, 191, 139, 110, 163, 69, 108, 67, 36, 140, 93, 117, 170, 0, 153, 183, 89, 76, 23, 186, 114, 64, 15, 61, 62, 9, 33, 37, 148, 12, 130, 94, 124, 111, 167, 128, 178, 3, 32, 138, 49, 102, 155, 144, 132, 21, 7, 164, 58, 95, 39, 165, 8, 185, 40, 119, 174, 187, 81, 169, 196, 17, 157, 188, 85]","{'distance': {'initial': 23242, 'final': 22142}, 'objective': {'initial': 0, 'final': 7321}}",23242,22142,0,7321,29420,29463,23242,29420,0,22142,29463,291,TSPA
lab6,hae_op1_ls,85,63918073,798.837229,True,,"[85, 61, 57, 78, 97, 36, 95, 81, 195, 100, 119, 64, 139, 16, 76, 10, 152, 161, 54, 197, 19, 5, 2, 186, 32, 29, 191, 43, 53, 167, 73, 70, 158, 41, 151, 92, 104, 35, 157, 4, 72, 174, 83, 117, 120, 163, 177, 146, 153, 188, 110, 62, 17, 91, 171, 11, 79, 170, 18, 21, 58, 169, 132, 30, 179, 24, 141, 133, 47, 102, 65, 180, 111, 52, 194, 172, 77, 46, 14, 116, 98, 26, 190, 39, 164, 155, 38, 127, 50, 168, 162, 147, 115, 154, 101, 130, 165, 112, 140, 66, 85]","[91, 179, 145, 78, 168, 157, 188, 85, 31, 13, 56, 113, 171, 88, 16, 25, 44, 120, 82, 129, 172, 167, 111, 124, 12, 130, 94, 99, 189, 19, 152, 74, 125, 87, 1, 150, 101, 97, 26, 100, 121, 182, 136, 53, 158, 180, 173, 6, 194, 161, 162, 72, 59, 118, 109, 51, 66, 141, 60, 46, 198, 115, 96, 5, 42, 28, 184, 11, 166, 77, 105, 116, 65, 47, 131, 149, 24, 29, 156, 126, 112, 4, 190, 10, 177, 104, 147, 54, 30, 48, 160, 192, 181, 103, 146, 195, 159, 193, 41, 191, 139, 110, 163, 69, 108, 67, 36, 140, 93, 117, 170, 0, 153, 183, 89, 76, 23, 83, 114, 64, 15, 9, 62, 61, 144, 155, 102, 49, 178, 3, 32, 138, 8, 185, 40, 119, 165, 39, 27, 107, 90, 174, 187, 81, 196, 169, 91]","{'distance': {'initial': 168560, 'final': 22299}, 'objective': {'initial': -150971, 'final': 8152}}",168560,22299,-150971,8152,17589,30451,168560,17589,-150971,22299,30451,159,TSPA
lab6,hae_op2_ls,85,63918073,797.670745,True,,"[85, 61, 57, 78, 97, 36, 95, 81, 195, 100, 119, 64, 139, 16, 76, 10, 152, 161, 54, 197, 19, 5, 2, 186, 32, 29, 191, 43, 53, 167, 73, 70, 158, 41, 151, 92, 104, 35, 157, 4, 72, 174, 83, 117, 120, 163, 177, 146, 153, 188, 110, 62, 17, 91, 171, 11, 79, 170, 18, 21, 58, 169, 132, 30, 179, 24, 141, 133, 47, 102, 65, 180, 111, 52, 194, 172, 77, 46, 14, 116, 98, 26, 190, 39, 164, 155, 38, 127, 50, 168, 162, 147, 115, 154, 101, 130, 165, 112, 140, 66, 85]","[141, 66, 176, 12, 130, 94, 124, 111, 167, 148, 37, 33, 9, 62, 61, 144, 155, 102, 49, 178, 3, 32, 138, 8, 185, 40, 119, 165, 39, 27, 107, 90, 174, 187, 81, 169, 196, 17, 157, 188, 56, 13, 31, 168, 91, 179, 145, 78, 25, 44, 120, 82, 2, 87, 125, 74, 152, 97, 1, 150, 101, 26, 100, 19, 189, 99, 121, 182, 136, 53, 158, 180, 173, 6, 194, 161, 162, 72, 118, 59, 116, 65, 47, 105, 77, 149, 131, 166, 28, 184, 11, 35, 29, 156, 126, 112, 4, 190, 10, 177, 104, 147, 54, 30, 48, 160, 192, 181, 103, 146, 195, 159, 193, 41, 96, 115, 198, 139, 191, 110, 163, 69, 108, 67, 36, 140, 93, 68, 46, 60, 109, 51, 141]","{'distance': {'initial': 168560, 'final': 19859}, 'objective': {'initial': -150971, 'final': 8085}}",168560,19859,-150971,8085,17589,27944,168560,17589,-150971,19859,27944,184,TSPA
lab6,hae_op3_ls,85,63918073,794.258504,True,,"[85, 61, 57, 78, 97, 36, 95, 81, 195, 100, 119, 64, 139, 16, 76, 10, 152, 161, 54, 197, 19, 5, 2, 186, 32, 29, 191, 43, 53, 167, 73, 70, 158, 41, 151, 92, 104, 35, 157, 4, 72, 174, 83, 117, 120, 163, 177, 146, 153, 188, 110, 62, 17, 91, 171, 11, 79, 170, 18, 21, 58, 169, 132, 30, 179, 24, 141, 133, 47, 102, 65, 180, 111, 52, 194, 172, 77, 46, 14, 116, 98, 26, 190, 39, 164, 155, 38, 127, 50, 168, 162, 147, 115, 154, 101, 130, 165, 112, 140, 66, 85]","[39, 165, 119, 40, 185, 8, 138, 32, 3, 178, 49, 102, 155, 144, 61, 62, 9, 33, 37, 148, 167, 111, 124, 94, 130, 12, 176, 66, 141, 51, 109, 72, 59, 118, 60, 46, 68, 93, 140, 36, 163, 67, 108, 69, 18, 199, 159, 193, 41, 96, 5, 42, 192, 160, 48, 30, 54, 147, 104, 177, 10, 190, 4, 112, 156, 29, 126, 35, 11, 184, 28, 166, 77, 105, 116, 65, 47, 131, 149, 24, 161, 194, 6, 173, 180, 158, 53, 136, 182, 121, 99, 189, 19, 100, 26, 101, 150, 1, 97, 152, 74, 125, 87, 2, 82, 120, 44, 25, 78, 31, 13, 56, 188, 157, 168, 145, 179, 91, 169, 196, 81, 187, 174, 90, 107, 27, 39]","{'distance': {'initial': 168560, 'final': 18902}, 'objective': {'initial': -150971, 'final': 8095}}",168560,18902,-150971,8095,17589,26997,168560,17589,-150971,18902,26997,402,TSPA
lab6,hae_op2_no_ls,85,63918073,794.335213,True,,"[85, 61, 57, 78, 97, 36, 95, 81, 195, 100, 119, 64, 139, 16, 76, 10, 152, 161, 54, 197, 19, 5, 2, 186, 32, 29, 191, 43, 53, 167, 73, 70, 158, 41, 151, 92, 104, 35, 157, 4, 72, 174, 83, 117, 120, 163, 177, 146, 153, 188, 110, 62, 17, 91, 171, 11, 79, 170, 18, 21, 58, 169, 132, 30, 179, 24, 141, 133, 47, 102, 65, 180, 111, 52, 194, 172, 77, 46, 14, 116, 98, 26, 190, 39, 164, 155, 38, 127, 50, 168, 162, 147, 115, 154, 101, 130, 165, 112, 140, 66, 85]","[19, 152, 74, 125, 87, 1, 101, 150, 2, 82, 120, 44, 25, 78, 145, 168, 31, 13, 56, 188, 157, 17, 81, 187, 174, 90, 107, 27, 71, 58, 164, 7, 95, 39, 165, 8, 185, 119, 40, 169, 196, 91, 179, 55, 52, 106, 178, 3, 32, 138, 14, 155, 144, 61, 9, 62, 102, 49, 128, 167, 111, 124, 94, 130, 12, 176, 66, 137, 23, 186, 114, 64, 83, 89, 183, 143, 170, 0, 68, 46, 60, 141, 51, 109, 72, 59, 118, 115, 198, 139, 191, 110, 93, 140, 36, 163, 67, 108, 69, 18, 20, 22, 146, 103, 195, 159, 193, 41, 96, 5, 42, 192, 160, 48, 30, 54, 147, 104, 177, 10, 190, 4, 84, 11, 184, 28, 166, 77, 105, 116, 65, 47, 131, 149, 24, 161, 194, 6, 173, 180, 158, 53, 136, 182, 121, 100, 26, 99, 189, 19]","{'distance': {'initial': 168560, 'final': 24149}, 'objective': {'initial': -150971, 'final': 6911}}",168560,24149,-150971,6911,17589,31060,168560,17589,-150971,24149,31060,459,TSPA
lab6,hae_op3_no_ls,85,63918073,795.25659,True,,"[85, 61, 57, 78, 97, 36, 95, 81, 195, 100, 119, 64, 139, 16, 76, 10, 152, 161, 54, 197, 19, 5, 2, 186, 32, 29, 191, 43, 53, 167, 73, 70, 158, 41, 151, 92, 104, 35, 157, 4, 72, 174, 83, 117, 120, 163, 177, 146, 153, 188, 110, 62, 17, 91, 171, 11, 79, 170, 18, 21, 58, 169, 132, 30, 179, 24, 141, 133, 47, 102, 65, 180, 111, 52, 194, 172, 77, 46, 14, 116, 98, 26, 190, 39, 164, 155, 38, 127, 50, 168, 162, 147, 115, 154, 101, 130, 165, 112, 140, 66, 85]","[17, 196, 169, 81, 187, 174, 90, 107, 27, 71, 58, 164, 7, 95, 39, 165, 8, 119, 40, 185, 91, 179, 145, 168, 78, 82, 87, 125, 74, 152, 19, 189, 94, 130, 12, 124, 111, 167, 128, 178, 3, 32, 138, 155, 144, 102, 49, 33, 37, 9, 62, 61, 15, 64, 114, 83, 23, 76, 89, 183, 153, 0, 170, 117, 93, 140, 67, 108, 69, 163, 110, 139, 191, 41, 193, 159, 146, 103, 192, 160, 48, 30, 54, 147, 104, 184, 28, 166, 11, 84, 4, 112, 126, 156, 29, 24, 77, 105, 47, 65, 116, 5, 96, 115, 198, 46, 60, 141, 66, 51, 109, 118, 59, 72, 162, 161, 194, 6, 173, 180, 158, 53, 136, 121, 99, 100, 26, 97, 1, 101, 150, 120, 44, 25, 16, 88, 171, 113, 56, 13, 31, 85, 188, 157, 17]","{'distance': {'initial': 168560, 'final': 23088}, 'objective': {'initial': -150971, 'final': 7506}}",168560,23088,-150971,7506,17589,30594,168560,17589,-150971,23088,30594,437,TSPA
lab6,ils,85,942791168,794.828916,True,,"[85, 56, 13, 16, 88, 171, 113, 50, 188, 157, 17, 196, 169, 40, 119, 174, 81, 187, 90, 107, 27, 71, 58, 164, 7, 95, 39, 165, 8, 185, 106, 178, 3, 32, 138, 14, 155, 144, 49, 102, 62, 9, 61, 15, 64, 114, 186, 23, 137, 176, 66, 141, 51, 109, 59, 118, 60, 46, 68, 93, 140, 36, 163, 67, 108, 69, 18, 199, 159, 193, 41, 96, 5, 195, 146, 103, 181, 192, 160, 28, 184, 11, 166, 77, 105, 116, 65, 47, 131, 149, 24, 123, 127, 70, 6, 194, 161, 162, 72, 151, 133, 63, 94, 130, 12, 124, 19, 189, 99, 121, 182, 136, 180, 158, 53, 100, 26, 101, 150, 1, 97, 152, 74, 125, 87, 111, 167, 128, 52, 55, 91, 179, 145, 78, 168, 31, 85]","[85, 31, 13, 56, 113, 171, 88, 16, 78, 168, 145, 179, 91, 55, 52, 128, 167, 111, 87, 125, 74, 152, 97, 1, 150, 101, 26, 100, 121, 99, 189, 19, 94, 124, 12, 130, 63, 182, 136, 53, 158, 180, 173, 6, 194, 161, 24, 149, 131, 47, 65, 116, 105, 77, 166, 11, 184, 28, 160, 192, 42, 5, 96, 41, 193, 159, 199, 18, 69, 108, 67, 163, 36, 140, 93, 68, 46, 60, 118, 59, 72, 109, 51, 141, 66, 176, 137, 23, 186, 114, 64, 15, 61, 9, 62, 102, 49, 144, 155, 14, 138, 32, 3, 178, 106, 185, 40, 119, 8, 165, 39, 95, 7, 164, 58, 71, 27, 107, 90, 174, 187, 81, 169, 196, 17, 157, 188, 85]","{'distance': {'initial': 22360, 'final': 19795}, 'objective': {'initial': 0, 'final': 6921}}",22360,19795,0,6921,27905,26716,22360,27905,0,19795,26716,452,TSPA
lab6,lns,85,942791168,795.706704,True,,"[85, 56, 13, 31, 157, 17, 196, 169, 174, 81, 187, 90, 107, 27, 71, 58, 164, 7, 95, 39, 165, 8, 119, 40, 185, 106, 178, 3, 32, 138, 14, 155, 144, 102, 49, 128, 167, 111, 148, 37, 33, 9, 62, 61, 15, 64, 114, 186, 23, 137, 66, 141, 51, 109, 60, 118, 59, 116, 5, 96, 41, 193, 191, 110, 139, 198, 46, 68, 93, 140, 36, 163, 67, 108, 69, 18, 199, 159, 195, 146, 103, 181, 192, 160, 28, 184, 11, 166, 77, 105, 47, 65, 72, 176, 12, 130, 124, 94, 19, 189, 99, 121, 182, 136, 180, 158, 53, 100, 26, 101, 150, 1, 97, 152, 74, 125, 87, 2, 120, 44, 82, 92, 179, 91, 145, 168, 78, 16, 88, 171, 113, 50, 188, 85]","[85, 188, 56, 113, 171, 88, 16, 25, 44, 120, 82, 2, 87, 125, 74, 152, 97, 1, 150, 101, 26, 100, 19, 189, 99, 121, 182, 136, 53, 158, 180, 173, 6, 194, 161, 162, 72, 51, 109, 118, 59, 65, 116, 105, 77, 166, 11, 184, 28, 160, 192, 181, 103, 146, 195, 159, 193, 41, 191, 139, 110, 163, 69, 108, 67, 36, 140, 93, 68, 46, 60, 141, 66, 176, 137, 23, 186, 114, 64, 15, 61, 62, 9, 33, 37, 148, 12, 130, 94, 124, 111, 167, 128, 49, 102, 144, 155, 14, 138, 32, 3, 178, 106, 8, 185, 40, 119, 165, 39, 95, 7, 164, 58, 71, 27, 107, 90, 174, 187, 81, 196, 169, 91, 179, 145, 78, 168, 157, 31, 13, 85]","{'distance': {'initial': 21049, 'final': 20066}, 'objective': {'initial': 0, 'final': 7447}}",21049,20066,0,7447,27366,27513,21049,27366,0,20066,27513,386,TSPA
lab6,hae_op1_ls,85,942791168,797.413579,True,,"[85, 146, 172, 114, 18, 157, 4, 50, 73, 113, 46, 164, 186, 1, 43, 36, 196, 64, 193, 68, 198, 102, 137, 129, 123, 32, 9, 116, 148, 55, 88, 134, 163, 142, 28, 67, 5, 139, 130, 72, 178, 150, 197, 152, 171, 66, 53, 149, 58, 127, 111, 56, 19, 7, 16, 52, 86, 51, 128, 179, 187, 40, 181, 71, 75, 174, 34, 125, 99, 17, 106, 168, 30, 192, 87, 93, 65, 25, 105, 96, 140, 180, 151, 70, 41, 63, 39, 141, 185, 90, 62, 124, 107, 119, 74, 77, 121, 11, 159, 101, 85]","[61, 62, 9, 33, 37, 148, 111, 167, 128, 49, 102, 144, 155, 14, 138, 32, 3, 178, 106, 185, 40, 119, 8, 165, 39, 27, 107, 90, 174, 187, 81, 169, 196, 17, 157, 188, 56, 13, 31, 168, 91, 179, 145, 78, 25, 44, 120, 82, 2, 87, 125, 74, 152, 97, 1, 150, 101, 26, 100, 121, 99, 189, 19, 94, 124, 12, 130, 63, 182, 136, 53, 158, 180, 173, 6, 194, 161, 162, 72, 59, 118, 109, 51, 66, 141, 60, 46, 198, 115, 116, 65, 47, 105, 77, 131, 149, 24, 29, 156, 126, 112, 4, 84, 11, 166, 28, 184, 104, 147, 54, 30, 48, 160, 192, 42, 5, 96, 41, 193, 159, 163, 69, 108, 67, 36, 140, 93, 117, 170, 0, 153, 183, 89, 76, 23, 186, 114, 64, 15, 61]","{'distance': {'initial': 164499, 'final': 20917}, 'objective': {'initial': -145742, 'final': 7900}}",164499,20917,-145742,7900,18757,28817,164499,18757,-145742,20917,28817,171,TSPA
lab6,hae_op2_ls,85,942791168,796.940567,True,,"[85, 146, 172, 114, 18, 157, 4, 50, 73, 113, 46, 164, 186, 1, 43, 36, 196, 64, 193, 68, 198, 102, 137, 129, 123, 32, 9, 116, 148, 55, 88, 134, 163, 142, 28, 67, 5, 139, 130, 72, 178, 150, 197, 152, 171, 66, 53, 149, 58, 127, 111, 56, 19, 7, 16, 52, 86, 51, 128, 179, 187, 40, 181, 71, 75, 174, 34, 125, 99, 17, 106, 168, 30, 192, 87, 93, 65, 25, 105, 96, 140, 180, 151, 70, 41, 63, 39, 141, 185, 90, 62, 124, 107, 119, 74, 77, 121, 11, 159, 101, 85]","[99, 100, 26, 97, 101, 150, 1, 87, 125, 74, 152, 19, 189, 94, 130, 12, 124, 111, 167, 172, 129, 82, 120, 44, 25, 78, 145, 179, 91, 168, 31, 13, 56, 188, 157, 17, 196, 169, 81, 187, 174, 90, 107, 27, 71, 58, 164, 7, 95, 39, 165, 119, 40, 185, 8, 138, 178, 3, 32, 14, 155, 144, 49, 102, 62, 9, 61, 15, 64, 114, 186, 23, 76, 89, 183, 153, 0, 170, 117, 93, 140, 36, 67, 108, 69, 163, 110, 191, 139, 198, 46, 60, 141, 66, 51, 109, 118, 59, 72, 149, 131, 47, 65, 116, 105, 77, 166, 11, 184, 28, 42, 5, 96, 41, 193, 159, 195, 146, 103, 181, 192, 160, 48, 30, 54, 147, 104, 177, 10, 190, 4, 112, 126, 156, 29, 24, 161, 194, 6, 173, 180, 158, 53, 136, 182, 121, 99]","{'distance': {'initial': 164499, 'final': 22572}, 'objective': {'initial': -145742, 'final': 7993}}",164499,22572,-145742,7993,18757,30565,164499,18757,-145742,22572,30565,191,TSPA
lab6,hae_op3_ls,85,942791168,795.475327,True,,"[85, 146, 172, 114, 18, 157, 4, 50, 73, 113, 46, 164, 186, 1, 43, 36, 196, 64, 193, 68, 198, 102, 137, 129, 123, 32, 9, 116, 148, 55, 88, 134, 163, 142, 28, 67, 5, 139, 130, 72, 178, 150, 197, 152, 171, 66, 53, 149, 58, 127, 111, 56, 19, 7, 16, 52, 86, 51, 128, 179, 187, 40, 181, 71, 75, 174, 34, 125, 99, 17, 106, 168, 30, 192, 87, 93, 65, 25, 105, 96, 140, 180, 151, 70, 41, 63, 39, 141, 185, 90, 62, 124, 107, 119, 74, 77, 121, 11, 159, 101, 85]","[60, 141, 66, 51, 109, 72, 162, 161, 194, 6, 173, 180, 158, 53, 136, 182, 121, 99, 189, 19, 100, 26, 101, 150, 1, 97, 152, 74, 125, 87, 2, 82, 120, 44, 25, 78, 145, 179, 91, 168, 31, 13, 56, 188, 157, 17, 196, 169, 81, 187, 174, 90, 107, 27, 71, 58, 164, 7, 95, 39, 165, 8, 119, 40, 185, 106, 178, 3, 32, 138, 14, 155, 144, 61, 62, 9, 37, 33, 167, 111, 124, 94, 130, 12, 148, 15, 64, 114, 186, 23, 76, 89, 183, 153, 0, 170, 117, 93, 140, 68, 46, 198, 115, 96, 41, 193, 159, 195, 146, 103, 181, 192, 160, 48, 30, 54, 147, 104, 177, 10, 190, 4, 112, 156, 29, 126, 35, 11, 184, 28, 166, 77, 105, 116, 65, 59, 118, 60]","{'distance': {'initial': 164499, 'final': 20878}, 'objective': {'initial': -145742, 'final': 8156}}",164499,20878,-145742,8156,18757,29034,164499,18757,-145742,20878,29034,359,TSPA
lab6,hae_op2_no_ls,85,942791168,794.210465,True,,"[85, 146, 172, 114, 18, 157, 4, 50, 73, 113, 46, 164, 186, 1, 43, 36, 196, 64, 193, 68, 198, 102, 137, 129, 123, 32, 9, 116, 148, 55, 88, 134, 163, 142, 28, 67, 5, 139, 130, 72, 178, 150, 197, 152, 171, 66, 53, 149, 58, 127, 111, 56, 19, 7, 16, 52, 86, 51, 128, 179, 187, 40, 181, 71, 75, 174, 34, 125, 99, 17, 106, 168, 30, 192, 87, 93, 65, 25, 105, 96, 140, 180, 151, 70, 41, 63, 39, 141, 185, 90, 62, 124, 107, 119, 74, 77, 121, 11, 159, 101, 85]","[60, 141, 66, 51, 109, 72, 162, 161, 194, 6, 173, 180, 158, 53, 136, 182, 121, 100, 26, 99, 189, 19, 152, 74, 97, 1, 101, 150, 87, 2, 120, 44, 82, 92, 179, 91, 145, 168, 78, 16, 88, 171, 113, 56, 13, 31, 85, 188, 157, 17, 196, 169, 81, 187, 174, 90, 107, 27, 71, 58, 164, 7, 95, 39, 165, 8, 119, 40, 185, 106, 178, 3, 32, 138, 14, 155, 144, 102, 49, 128, 167, 111, 124, 94, 130, 12, 148, 37, 33, 9, 62, 61, 15, 64, 114, 83, 23, 76, 89, 183, 153, 0, 170, 117, 93, 140, 36, 163, 67, 108, 69, 18, 199, 159, 193, 41, 191, 139, 110, 68, 46, 198, 115, 96, 5, 195, 146, 103, 181, 192, 160, 48, 30, 54, 147, 104, 177, 10, 190, 4, 112, 126, 156, 29, 35, 11, 184, 28, 166, 77, 131, 149, 47, 105, 116, 65, 59, 118, 60]","{'distance': {'initial': 164499, 'final': 24485}, 'objective': {'initial': -145742, 'final': 7590}}",164499,24485,-145742,7590,18757,32075,164499,18757,-145742,24485,32075,543,TSPA
lab6,hae_op3_no_ls,85,942791168,794.033487,True,,"[85, 146, 172, 114, 18, 157, 4, 50, 73, 113, 46, 164, 186, 1, 43, 36, 196, 64, 193, 68, 198, 102, 137, 129, 123, 32, 9, 116, 148, 55, 88, 134, 163, 142, 28, 67, 5, 139, 130, 72, 178, 150, 197, 152, 171, 66, 53, 149, 58, 127, 111, 56, 19, 7, 16, 52, 86, 51, 128, 179, 187, 40, 181, 71, 75, 174, 34, 125, 99, 17, 106, 168, 30, 192, 87, 93, 65, 25, 105, 96, 140, 180, 151, 70, 41, 63, 39, 141, 185, 90, 62, 124, 107, 119, 74, 77, 121, 11, 159, 101, 85]","[60, 141, 66, 51, 109, 72, 162, 161, 194, 6, 173, 180, 158, 53, 136, 182, 121, 100, 26, 99, 189, 19, 152, 74, 97, 1, 101, 150, 87, 2, 120, 44, 82, 92, 179, 91, 145, 168, 78, 16, 88, 171, 113, 56, 13, 31, 85, 188, 157, 17, 196, 169, 81, 187, 174, 90, 107, 27, 71, 58, 164, 7, 95, 39, 165, 8, 119, 40, 185, 106, 178, 3, 32, 138, 14, 155, 144, 102, 49, 128, 167, 111, 124, 94, 130, 12, 148, 37, 33, 9, 62, 61, 15, 64, 114, 83, 23, 76, 89, 183, 153, 0, 170, 117, 93, 140, 36, 163, 67, 108, 69, 18, 199, 159, 193, 41, 191, 139, 110, 68, 46, 198, 115, 96, 5, 195, 146, 103, 181, 192, 160, 48, 30, 54, 147, 104, 177, 10, 190, 4, 112, 126, 156, 29, 35, 11, 184, 28, 166, 77, 131, 149, 47, 105, 116, 65, 59, 118, 60]","{'distance': {'initial': 164499, 'final': 24485}, 'objective': {'initial': -145742, 'final': 7590}}",164499,24485,-145742,7590,18757,32075,164499,18757,-145742,24485,32075,627,TSPA
lab6,ils,85,647651470,795.003803,True,,"[85, 188, 157, 17, 81, 187, 174, 90, 107, 27, 71, 58, 164, 7, 21, 138, 32, 14, 155, 144, 102, 49, 128, 167, 111, 148, 37, 33, 9, 62, 61, 15, 64, 114, 186, 23, 76, 89, 183, 153, 0, 170, 117, 93, 140, 68, 139, 191, 110, 163, 67, 108, 69, 18, 199, 22, 146, 103, 195, 159, 193, 41, 96, 115, 198, 46, 60, 118, 72, 59, 116, 65, 47, 105, 77, 149, 131, 11, 166, 28, 184, 160, 48, 30, 54, 147, 104, 177, 10, 190, 4, 112, 126, 156, 29, 24, 161, 194, 6, 173, 180, 158, 53, 136, 182, 63, 80, 51, 109, 141, 66, 176, 12, 130, 124, 94, 19, 189, 99, 121, 100, 26, 97, 101, 150, 1, 152, 74, 125, 87, 2, 120, 44, 82, 92, 57, 55, 52, 106, 178, 3, 8, 165, 119, 40, 185, 169, 196, 91, 179, 145, 78, 168, 31, 13, 56, 85]","[85, 188, 157, 17, 196, 169, 81, 187, 174, 90, 107, 27, 71, 58, 164, 7, 21, 132, 144, 155, 102, 49, 128, 167, 111, 148, 37, 33, 9, 62, 61, 15, 64, 114, 186, 23, 76, 89, 183, 153, 0, 170, 117, 93, 140, 36, 163, 67, 108, 69, 18, 20, 22, 146, 103, 195, 159, 193, 41, 96, 115, 198, 46, 60, 141, 66, 51, 109, 72, 118, 59, 65, 116, 105, 77, 166, 11, 184, 28, 192, 160, 48, 30, 54, 147, 104, 177, 10, 190, 4, 112, 126, 156, 29, 24, 161, 194, 6, 173, 180, 158, 53, 136, 182, 63, 130, 12, 124, 94, 19, 189, 99, 121, 100, 26, 101, 150, 1, 97, 152, 74, 125, 87, 2, 120, 44, 82, 92, 57, 55, 52, 106, 178, 3, 32, 138, 8, 165, 119, 40, 185, 91, 179, 145, 78, 168, 31, 13, 56, 85]","{'distance': {'initial': 25304, 'final': 23397}, 'objective': {'initial': 0, 'final': 7651}}",25304,23397,0,7651,31827,31048,25304,31827,0,23397,31048,422,TSPA
lab6,lns,85,647651470,795.306009,True,,"[85, 188, 157, 17, 81, 187, 174, 90, 107, 27, 71, 58, 164, 7, 21, 138, 32, 49, 102, 155, 144, 61, 62, 9, 33, 37, 148, 15, 64, 114, 186, 23, 137, 176, 66, 141, 51, 109, 72, 59, 118, 60, 46, 198, 115, 96, 41, 193, 191, 139, 110, 68, 0, 170, 117, 93, 140, 36, 163, 67, 108, 69, 18, 199, 159, 195, 146, 103, 181, 192, 160, 28, 77, 105, 116, 65, 47, 149, 131, 166, 11, 184, 48, 30, 54, 147, 104, 177, 10, 190, 4, 112, 126, 156, 29, 24, 161, 194, 6, 173, 180, 158, 53, 136, 182, 121, 99, 100, 26, 97, 1, 101, 150, 120, 44, 82, 2, 87, 125, 74, 152, 19, 189, 94, 130, 12, 124, 111, 167, 128, 55, 52, 185, 8, 165, 119, 40, 169, 196, 91, 179, 145, 78, 168, 31, 13, 56, 85]","[85, 188, 157, 17, 196, 169, 81, 187, 174, 90, 107, 27, 71, 58, 164, 7, 95, 39, 165, 8, 119, 40, 185, 106, 178, 3, 32, 138, 14, 155, 144, 102, 49, 128, 167, 111, 124, 94, 130, 12, 148, 37, 33, 9, 62, 61, 15, 64, 114, 83, 23, 76, 89, 183, 153, 0, 170, 117, 93, 140, 36, 67, 108, 69, 163, 68, 46, 198, 139, 110, 191, 41, 193, 159, 22, 146, 103, 181, 192, 160, 48, 30, 54, 147, 104, 177, 10, 190, 4, 112, 126, 156, 29, 24, 149, 131, 11, 184, 28, 166, 77, 105, 116, 65, 59, 118, 60, 141, 66, 51, 109, 72, 162, 161, 194, 6, 173, 180, 158, 53, 136, 182, 121, 99, 189, 19, 100, 26, 101, 150, 1, 97, 152, 74, 125, 87, 2, 82, 120, 44, 25, 78, 145, 179, 91, 168, 31, 13, 56, 85]","{'distance': {'initial': 24222, 'final': 22623}, 'objective': {'initial': 0, 'final': 8306}}",24222,22623,0,8306,30901,30929,24222,30901,0,22623,30929,249,TSPA
lab6,hae_op1_ls,85,647651470,798.284188,True,,"[85, 103, 94, 184, 14, 171, 162, 10, 190, 44, 96, 115, 157, 19, 23, 18, 189, 176, 84, 88, 154, 142, 148, 126, 63, 149, 108, 199, 11, 62, 9, 123, 175, 13, 54, 128, 2, 156, 112, 40, 99, 151, 53, 155, 66, 102, 117, 33, 131, 122, 38, 17, 107, 110, 81, 146, 135, 137, 8, 185, 30, 141, 31, 68, 100, 35, 143, 147, 168, 60, 16, 59, 133, 25, 51, 104, 86, 186, 97, 194, 65, 12, 67, 71, 150, 79, 125, 180, 47, 183, 173, 139, 170, 32, 164, 158, 121, 41, 55, 50, 85]","[7, 164, 58, 71, 27, 107, 90, 174, 187, 81, 196, 169, 91, 179, 145, 78, 168, 157, 188, 85, 31, 13, 56, 113, 171, 88, 16, 25, 44, 120, 82, 2, 87, 125, 74, 152, 97, 1, 150, 101, 26, 100, 19, 124, 111, 167, 33, 37, 148, 12, 130, 94, 189, 99, 121, 182, 136, 53, 158, 180, 173, 6, 194, 161, 162, 72, 59, 118, 109, 51, 66, 141, 60, 46, 198, 115, 116, 105, 65, 47, 77, 131, 149, 24, 29, 156, 126, 112, 4, 190, 10, 177, 104, 147, 54, 30, 48, 160, 184, 11, 166, 28, 42, 5, 96, 41, 193, 159, 163, 69, 108, 67, 36, 140, 93, 117, 170, 0, 153, 183, 89, 76, 23, 83, 114, 64, 15, 61, 9, 62, 102, 49, 144, 155, 14, 138, 32, 3, 178, 106, 185, 40, 119, 8, 165, 39, 95, 7]","{'distance': {'initial': 168240, 'final': 22613}, 'objective': {'initial': -151051, 'final': 7869}}",168240,22613,-151051,7869,17189,30482,168240,17189,-151051,22613,30482,156,TSPA
lab6,hae_op2_ls,85,647651470,794.157275,True,,"[85, 103, 94, 184, 14, 171, 162, 10, 190, 44, 96, 115, 157, 19, 23, 18, 189, 176, 84, 88, 154, 142, 148, 126, 63, 149, 108, 199, 11, 62, 9, 123, 175, 13, 54, 128, 2, 156, 112, 40, 99, 151, 53, 155, 66, 102, 117, 33, 131, 122, 38, 17, 107, 110, 81, 146, 135, 137, 8, 185, 30, 141, 31, 68, 100, 35, 143, 147, 168, 60, 16, 59, 133, 25, 51, 104, 86, 186, 97, 194, 65, 12, 67, 71, 150, 79, 125, 180, 47, 183, 173, 139, 170, 32, 164, 158, 121, 41, 55, 50, 85]","[102, 49, 138, 32, 3, 178, 106, 185, 40, 119, 8, 165, 39, 95, 7, 164, 58, 71, 27, 107, 90, 174, 187, 81, 169, 196, 17, 157, 188, 56, 13, 31, 168, 91, 179, 145, 78, 25, 44, 120, 82, 2, 87, 125, 74, 152, 1, 150, 101, 97, 26, 100, 19, 189, 99, 121, 182, 136, 53, 158, 180, 173, 6, 194, 161, 24, 149, 131, 47, 65, 116, 105, 77, 166, 28, 184, 11, 35, 126, 29, 156, 112, 4, 190, 10, 177, 104, 147, 54, 30, 48, 160, 192, 42, 5, 96, 115, 198, 139, 110, 191, 41, 193, 159, 199, 18, 69, 108, 67, 163, 36, 140, 93, 68, 46, 60, 118, 59, 72, 109, 51, 141, 66, 176, 12, 130, 94, 124, 111, 167, 148, 37, 33, 9, 62, 61, 144, 155, 102]","{'distance': {'initial': 168240, 'final': 20583}, 'objective': {'initial': -151051, 'final': 8272}}",168240,20583,-151051,8272,17189,28855,168240,17189,-151051,20583,28855,193,TSPA
lab6,hae_op3_ls,85,647651470,795.706033,True,,"[85, 103, 94, 184, 14, 171, 162, 10, 190, 44, 96, 115, 157, 19, 23, 18, 189, 176, 84, 88, 154, 142, 148, 126, 63, 149, 108, 199, 11, 62, 9, 123, 175, 13, 54, 128, 2, 156, 112, 40, 99, 151, 53, 155, 66, 102, 117, 33, 131, 122, 38, 17, 107, 110, 81, 146, 135, 137, 8, 185, 30, 141, 31, 68, 100, 35, 143, 147, 168, 60, 16, 59, 133, 25, 51, 104, 86, 186, 97, 194, 65, 12, 67, 71, 150, 79, 125, 180, 47, 183, 173, 139, 170, 32, 164, 158, 121, 41, 55, 50, 85]","[180, 173, 6, 194, 161, 24, 29, 156, 126, 112, 4, 190, 10, 177, 104, 147, 54, 30, 48, 160, 192, 28, 184, 11, 166, 77, 105, 116, 65, 47, 131, 149, 72, 59, 118, 109, 51, 66, 141, 60, 46, 198, 115, 96, 41, 193, 159, 195, 103, 146, 22, 199, 18, 69, 108, 67, 163, 36, 140, 93, 117, 0, 170, 143, 183, 89, 76, 23, 186, 114, 64, 15, 9, 62, 61, 144, 155, 102, 49, 138, 32, 3, 178, 106, 185, 40, 119, 8, 165, 39, 95, 7, 164, 58, 71, 27, 107, 90, 174, 187, 81, 169, 196, 17, 157, 188, 56, 13, 31, 168, 91, 179, 145, 78, 25, 44, 120, 82, 129, 172, 167, 111, 124, 12, 130, 94, 189, 19, 152, 74, 125, 87, 1, 150, 101, 97, 26, 100, 99, 121, 182, 136, 53, 158, 180]","{'distance': {'initial': 168240, 'final': 22594}, 'objective': {'initial': -151051, 'final': 8083}}",168240,22594,-151051,8083,17189,30677,168240,17189,-151051,22594,30677,325,TSPA
lab6,hae_op2_no_ls,85,647651470,794.755417,True,,"[85, 103, 94, 184, 14, 171, 162, 10, 190, 44, 96, 115, 157, 19, 23, 18, 189, 176, 84, 88, 154, 142, 148, 126, 63, 149, 108, 199, 11, 62, 9, 123, 175, 13, 54, 128, 2, 156, 112, 40, 99, 151, 53, 155, 66, 102, 117, 33, 131, 122, 38, 17, 107, 110, 81, 146, 135, 137, 8, 185, 30, 141, 31, 68, 100, 35, 143, 147, 168, 60, 16, 59, 133, 25, 51, 104, 86, 186, 97, 194, 65, 12, 67, 71, 150, 79, 125, 180, 47, 183, 173, 139, 170, 32, 164, 158, 121, 41, 55, 50, 85]","[154, 180, 173, 6, 194, 161, 24, 149, 131, 47, 65, 116, 105, 77, 166, 28, 184, 160, 48, 30, 54, 147, 104, 177, 10, 190, 4, 84, 11, 72, 59, 118, 109, 51, 66, 141, 60, 46, 115, 96, 41, 193, 159, 195, 103, 146, 22, 199, 18, 69, 108, 67, 163, 110, 191, 139, 198, 68, 140, 93, 117, 0, 170, 143, 183, 89, 76, 23, 83, 114, 64, 15, 61, 9, 62, 144, 155, 102, 49, 138, 32, 3, 178, 106, 185, 40, 119, 8, 165, 39, 95, 7, 164, 58, 71, 27, 107, 90, 187, 81, 174, 169, 196, 17, 157, 168, 31, 13, 56, 113, 171, 88, 16, 25, 44, 120, 82, 129, 172, 167, 111, 124, 12, 130, 94, 189, 19, 152, 74, 125, 87, 1, 150, 101, 97, 26, 100, 99, 121, 182, 136, 53, 158, 154]","{'distance': {'initial': 168240, 'final': 23119}, 'objective': {'initial': -151051, 'final': 7039}}",168240,23119,-151051,7039,17189,30158,168240,17189,-151051,23119,30158,543,TSPA
lab6,hae_op3_no_ls,85,647651470,795.179771,True,,"[85, 103, 94, 184, 14, 171, 162, 10, 190, 44, 96, 115, 157, 19, 23, 18, 189, 176, 84, 88, 154, 142, 148, 126, 63, 149, 108, 199, 11, 62, 9, 123, 175, 13, 54, 128, 2, 156, 112, 40, 99, 151, 53, 155, 66, 102, 117, 33, 131, 122, 38, 17, 107, 110, 81, 146, 135, 137, 8, 185, 30, 141, 31, 68, 100, 35, 143, 147, 168, 60, 16, 59, 133, 25, 51, 104, 86, 186, 97, 194, 65, 12, 67, 71, 150, 79, 125, 180, 47, 183, 173, 139, 170, 32, 164, 158, 121, 41, 55, 50, 85]","[154, 180, 173, 6, 194, 161, 24, 149, 131, 47, 65, 116, 105, 77, 166, 28, 184, 160, 48, 30, 54, 147, 104, 177, 10, 190, 4, 84, 11, 72, 59, 118, 109, 51, 66, 141, 60, 46, 115, 96, 41, 193, 159, 195, 103, 146, 22, 199, 18, 69, 108, 67, 163, 110, 191, 139, 198, 68, 140, 93, 117, 0, 170, 143, 183, 89, 76, 23, 83, 114, 64, 15, 61, 9, 62, 144, 155, 102, 49, 138, 32, 3, 178, 106, 185, 40, 119, 8, 165, 39, 95, 7, 164, 58, 71, 27, 107, 90, 187, 81, 174, 169, 196, 17, 157, 168, 31, 13, 56, 113, 171, 88, 16, 25, 44, 120, 82, 129, 172, 167, 111, 124, 12, 130, 94, 189, 19, 152, 74, 125, 87, 1, 150, 101, 97, 26, 100, 99, 121, 182, 136, 53, 158, 154]","{'distance': {'initial': 168240, 'final': 23119}, 'objective': {'initial': -151051, 'final': 7039}}",168240,23119,-151051,7039,17189,30158,168240,17189,-151051,23119,30158,571,TSPA
lab6,ils,85,691680367,794.984594,True,,"[85, 56, 13, 31, 157, 168, 91, 179, 145, 78, 25, 44, 120, 82, 2, 87, 1, 150, 101, 97, 26, 100, 99, 121, 182, 136, 53, 158, 180, 173, 6, 194, 161, 162, 133, 80, 176, 66, 141, 51, 109, 60, 46, 198, 115, 118, 72, 59, 116, 65, 47, 105, 77, 28, 184, 11, 166, 131, 149, 24, 29, 156, 126, 112, 4, 190, 10, 177, 104, 147, 54, 30, 48, 160, 192, 42, 5, 96, 41, 193, 159, 195, 103, 146, 22, 20, 18, 69, 108, 67, 163, 36, 140, 93, 117, 170, 0, 153, 183, 89, 76, 23, 186, 114, 64, 15, 61, 62, 9, 33, 37, 148, 167, 111, 124, 12, 130, 94, 189, 19, 152, 74, 125, 172, 55, 52, 106, 178, 3, 32, 138, 14, 155, 144, 132, 21, 7, 164, 58, 71, 27, 107, 90, 39, 165, 8, 185, 119, 40, 169, 196, 174, 187, 81, 98, 188, 85]","[85, 56, 13, 31, 168, 91, 179, 145, 78, 25, 44, 120, 82, 2, 150, 101, 1, 97, 26, 100, 99, 121, 182, 136, 53, 158, 180, 173, 6, 194, 161, 162, 45, 151, 176, 66, 141, 51, 109, 72, 59, 118, 60, 46, 198, 115, 116, 65, 47, 105, 77, 166, 28, 184, 11, 35, 126, 29, 156, 112, 4, 190, 10, 177, 104, 147, 54, 30, 48, 160, 192, 42, 5, 96, 41, 193, 159, 195, 103, 146, 22, 20, 18, 69, 108, 67, 163, 36, 140, 93, 117, 170, 0, 153, 183, 89, 76, 23, 186, 114, 64, 15, 61, 62, 9, 33, 37, 148, 167, 111, 124, 12, 130, 94, 189, 19, 152, 74, 125, 87, 172, 55, 52, 106, 178, 3, 32, 138, 14, 155, 144, 132, 21, 7, 164, 58, 71, 27, 107, 90, 39, 165, 8, 185, 119, 40, 174, 187, 81, 169, 196, 17, 157, 188, 85]","{'distance': {'initial': 24814, 'final': 23627}, 'objective': {'initial': 0, 'final': 7521}}",24814,23627,0,7521,31699,31148,24814,31699,0,23627,31148,422,TSPA
lab6,lns,85,691680367,794.5513,True,,"[85, 188, 157, 17, 196, 169, 81, 187, 174, 40, 119, 165, 8, 185, 91, 179, 55, 52, 106, 178, 3, 32, 138, 14, 155, 144, 102, 49, 33, 37, 9, 62, 61, 15, 64, 114, 186, 23, 76, 89, 183, 143, 170, 0, 117, 93, 140, 68, 110, 191, 139, 198, 46, 115, 96, 41, 193, 159, 22, 146, 103, 181, 192, 160, 48, 30, 54, 147, 104, 177, 10, 190, 4, 112, 126, 156, 29, 24, 149, 131, 166, 11, 184, 28, 77, 105, 116, 65, 59, 118, 72, 51, 109, 60, 141, 66, 176, 80, 133, 162, 161, 194, 6, 173, 180, 158, 53, 136, 182, 121, 99, 100, 26, 101, 150, 1, 97, 19, 189, 94, 130, 12, 124, 111, 167, 172, 129, 82, 120, 44, 25, 78, 145, 168, 31, 13, 56, 85]","[85, 188, 157, 17, 196, 169, 81, 187, 174, 90, 107, 27, 39, 165, 8, 119, 40, 185, 106, 178, 3, 32, 138, 14, 155, 144, 102, 49, 128, 167, 111, 148, 37, 33, 9, 62, 61, 15, 64, 114, 186, 23, 76, 89, 183, 143, 170, 0, 117, 93, 140, 68, 110, 191, 139, 198, 46, 115, 96, 41, 193, 159, 22, 146, 103, 181, 192, 160, 48, 30, 54, 147, 104, 177, 10, 190, 4, 112, 126, 156, 29, 24, 149, 131, 11, 184, 28, 166, 77, 105, 116, 65, 59, 118, 72, 51, 109, 60, 141, 66, 176, 12, 130, 124, 94, 19, 189, 99, 121, 182, 136, 180, 173, 6, 154, 158, 53, 100, 26, 101, 150, 1, 97, 152, 74, 125, 87, 2, 82, 120, 44, 25, 78, 145, 179, 91, 168, 31, 13, 56, 85]","{'distance': {'initial': 21315, 'final': 21280}, 'objective': {'initial': 0, 'final': 7749}}",21315,21280,0,7749,28219,29029,21315,28219,0,21280,29029,319,TSPA
lab6,hae_op1_ls,85,691680367,795.134441,True,,"[85, 158, 98, 80, 43, 21, 147, 122, 31, 178, 59, 11, 113, 143, 155, 186, 14, 188, 132, 118, 52, 144, 190, 192, 187, 16, 58, 110, 50, 156, 101, 90, 76, 154, 93, 81, 141, 48, 18, 42, 51, 103, 198, 9, 66, 84, 94, 22, 170, 169, 53, 83, 173, 197, 104, 27, 20, 105, 108, 119, 194, 111, 5, 41, 179, 109, 29, 133, 172, 130, 37, 149, 4, 19, 62, 95, 1, 26, 152, 193, 176, 114, 100, 63, 183, 77, 8, 160, 57, 127, 49, 189, 25, 166, 124, 196, 44, 47, 139, 121, 85]","[165, 8, 185, 106, 178, 3, 32, 138, 49, 102, 155, 144, 61, 62, 9, 33, 37, 148, 167, 111, 124, 94, 130, 12, 176, 66, 141, 51, 109, 72, 59, 118, 60, 46, 68, 93, 140, 36, 67, 108, 69, 163, 110, 191, 139, 198, 115, 96, 41, 193, 159, 195, 146, 103, 181, 192, 160, 48, 30, 54, 147, 104, 177, 10, 190, 4, 112, 126, 156, 29, 35, 11, 184, 28, 166, 77, 105, 116, 65, 47, 131, 149, 24, 161, 194, 6, 173, 180, 158, 53, 136, 182, 121, 99, 189, 19, 100, 26, 97, 101, 150, 1, 152, 74, 125, 87, 2, 82, 120, 44, 25, 78, 145, 168, 31, 13, 56, 188, 157, 17, 196, 169, 81, 187, 174, 40, 119, 165]","{'distance': {'initial': 170820, 'final': 18728}, 'objective': {'initial': -152920, 'final': 7883}}",170820,18728,-152920,7883,17900,26611,170820,17900,-152920,18728,26611,170,TSPA
lab6,hae_op2_ls,85,691680367,797.244782,True,,"[85, 158, 98, 80, 43, 21, 147, 122, 31, 178, 59, 11, 113, 143, 155, 186, 14, 188, 132, 118, 52, 144, 190, 192, 187, 16, 58, 110, 50, 156, 101, 90, 76, 154, 93, 81, 141, 48, 18, 42, 51, 103, 198, 9, 66, 84, 94, 22, 170, 169, 53, 83, 173, 197, 104, 27, 20, 105, 108, 119, 194, 111, 5, 41, 179, 109, 29, 133, 172, 130, 37, 149, 4, 19, 62, 95, 1, 26, 152, 193, 176, 114, 100, 63, 183, 77, 8, 160, 57, 127, 49, 189, 25, 166, 124, 196, 44, 47, 139, 121, 85]","[64, 114, 186, 23, 76, 89, 183, 153, 0, 170, 117, 93, 140, 36, 67, 108, 69, 163, 110, 191, 139, 198, 46, 115, 96, 41, 193, 159, 195, 146, 103, 181, 192, 160, 48, 30, 54, 147, 104, 184, 28, 166, 11, 84, 4, 112, 126, 156, 29, 24, 149, 131, 77, 105, 116, 65, 59, 118, 60, 141, 66, 51, 109, 72, 162, 161, 194, 6, 173, 180, 158, 53, 136, 182, 63, 94, 130, 12, 124, 19, 189, 99, 121, 100, 26, 97, 101, 150, 1, 152, 74, 125, 87, 2, 82, 120, 44, 25, 78, 145, 179, 91, 168, 31, 13, 56, 188, 157, 17, 196, 169, 81, 187, 174, 90, 107, 27, 39, 165, 8, 119, 40, 185, 106, 178, 3, 32, 138, 14, 155, 144, 102, 49, 128, 167, 111, 148, 37, 33, 9, 62, 61, 15, 64]","{'distance': {'initial': 170820, 'final': 21547}, 'objective': {'initial': -152920, 'final': 8084}}",170820,21547,-152920,8084,17900,29631,170820,17900,-152920,21547,29631,184,TSPA
lab6,hae_op3_ls,85,691680367,794.062037,True,,"[85, 158, 98, 80, 43, 21, 147, 122, 31, 178, 59, 11, 113, 143, 155, 186, 14, 188, 132, 118, 52, 144, 190, 192, 187, 16, 58, 110, 50, 156, 101, 90, 76, 154, 93, 81, 141, 48, 18, 42, 51, 103, 198, 9, 66, 84, 94, 22, 170, 169, 53, 83, 173, 197, 104, 27, 20, 105, 108, 119, 194, 111, 5, 41, 179, 109, 29, 133, 172, 130, 37, 149, 4, 19, 62, 95, 1, 26, 152, 193, 176, 114, 100, 63, 183, 77, 8, 160, 57, 127, 49, 189, 25, 166, 124, 196, 44, 47, 139, 121, 85]","[109, 51, 66, 141, 60, 118, 59, 65, 116, 105, 77, 131, 149, 24, 29, 156, 126, 112, 4, 84, 11, 166, 28, 184, 104, 147, 54, 30, 48, 160, 192, 181, 103, 146, 195, 159, 193, 41, 96, 115, 46, 198, 139, 191, 110, 163, 69, 108, 67, 36, 140, 93, 117, 170, 0, 153, 183, 89, 76, 23, 186, 114, 64, 15, 61, 62, 9, 33, 37, 148, 12, 130, 94, 124, 111, 167, 128, 49, 102, 144, 155, 14, 138, 32, 3, 178, 106, 185, 40, 119, 8, 165, 39, 27, 107, 90, 174, 187, 81, 196, 169, 91, 179, 145, 78, 168, 157, 188, 85, 31, 13, 56, 113, 171, 88, 16, 25, 44, 120, 82, 2, 87, 125, 74, 152, 97, 1, 150, 101, 26, 100, 19, 189, 99, 121, 182, 136, 53, 158, 180, 173, 6, 194, 161, 162, 72, 109]","{'distance': {'initial': 170820, 'final': 21716}, 'objective': {'initial': -152920, 'final': 8307}}",170820,21716,-152920,8307,17900,30023,170820,17900,-152920,21716,30023,339,TSPA
lab6,hae_op2_no_ls,85,691680367,794.742707,True,,"[85, 158, 98, 80, 43, 21, 147, 122, 31, 178, 59, 11, 113, 143, 155, 186, 14, 188, 132, 118, 52, 144, 190, 192, 187, 16, 58, 110, 50, 156, 101, 90, 76, 154, 93, 81, 141, 48, 18, 42, 51, 103, 198, 9, 66, 84, 94, 22, 170, 169, 53, 83, 173, 197, 104, 27, 20, 105, 108, 119, 194, 111, 5, 41, 179, 109, 29, 133, 172, 130, 37, 149, 4, 19, 62, 95, 1, 26, 152, 193, 176, 114, 100, 63, 183, 77, 8, 160, 57, 127, 49, 189, 25, 166, 124, 196, 44, 47, 139, 121, 85]","[83, 23, 76, 89, 183, 153, 0, 170, 117, 93, 140, 36, 163, 67, 108, 69, 18, 199, 159, 22, 146, 103, 181, 192, 160, 48, 30, 54, 147, 104, 177, 10, 190, 4, 112, 126, 156, 29, 24, 149, 131, 77, 105, 47, 65, 116, 5, 96, 41, 193, 191, 110, 139, 198, 46, 60, 118, 59, 72, 109, 51, 141, 66, 176, 12, 130, 124, 94, 63, 173, 6, 154, 180, 158, 53, 136, 182, 121, 99, 189, 19, 100, 26, 101, 150, 1, 97, 152, 74, 125, 87, 2, 82, 120, 44, 25, 78, 145, 168, 31, 13, 56, 188, 157, 17, 196, 169, 91, 179, 55, 52, 106, 178, 3, 32, 138, 8, 185, 40, 119, 165, 39, 90, 107, 27, 71, 58, 164, 7, 21, 132, 144, 155, 102, 49, 128, 167, 111, 148, 37, 33, 9, 62, 61, 15, 64, 114, 83]","{'distance': {'initial': 170820, 'final': 22614}, 'objective': {'initial': -152920, 'final': 7011}}",170820,22614,-152920,7011,17900,29625,170820,17900,-152920,22614,29625,601,TSPA
lab6,hae_op3_no_ls,85,691680367,794.939754,True,,"[85, 158, 98, 80, 43, 21, 147, 122, 31, 178, 59, 11, 113, 143, 155, 186, 14, 188, 132, 118, 52, 144, 190, 192, 187, 16, 58, 110, 50, 156, 101, 90, 76, 154, 93, 81, 141, 48, 18, 42, 51, 103, 198, 9, 66, 84, 94, 22, 170, 169, 53, 83, 173, 197, 104, 27, 20, 105, 108, 119, 194, 111, 5, 41, 179, 109, 29, 133, 172, 130, 37, 149, 4, 19, 62, 95, 1, 26, 152, 193, 176, 114, 100, 63, 183, 77, 8, 160, 57, 127, 49, 189, 25, 166, 124, 196, 44, 47, 139, 121, 85]","[109, 51, 141, 66, 151, 162, 161, 194, 6, 173, 180, 158, 53, 136, 182, 121, 99, 189, 19, 100, 26, 101, 150, 1, 97, 152, 74, 125, 87, 82, 120, 44, 25, 16, 88, 171, 113, 56, 13, 31, 85, 188, 157, 168, 78, 145, 179, 91, 169, 196, 81, 187, 174, 90, 107, 27, 39, 165, 8, 119, 40, 185, 106, 178, 3, 32, 138, 49, 102, 155, 144, 61, 62, 9, 148, 167, 111, 124, 94, 130, 12, 15, 64, 114, 186, 23, 76, 89, 183, 143, 170, 0, 93, 140, 36, 67, 108, 69, 163, 41, 193, 159, 146, 103, 181, 192, 160, 48, 30, 54, 147, 104, 177, 10, 190, 4, 112, 126, 156, 29, 24, 149, 131, 11, 184, 28, 166, 77, 65, 116, 105, 5, 96, 115, 198, 139, 191, 110, 68, 46, 60, 118, 59, 72, 109]","{'distance': {'initial': 170820, 'final': 23128}, 'objective': {'initial': -152920, 'final': 7405}}",170820,23128,-152920,7405,17900,30533,170820,17900,-152920,23128,30533,627,TSPA
lab6,ils,85,657099353,795.208521,True,,"[85, 188, 157, 17, 196, 81, 187, 174, 169, 40, 119, 185, 8, 165, 39, 90, 107, 27, 71, 58, 164, 7, 21, 132, 144, 155, 102, 49, 138, 32, 3, 178, 106, 52, 55, 128, 167, 111, 148, 37, 33, 9, 62, 61, 15, 64, 114, 83, 89, 183, 76, 23, 137, 12, 130, 124, 94, 19, 189, 99, 121, 182, 136, 63, 133, 151, 51, 109, 72, 59, 118, 60, 141, 0, 170, 117, 93, 140, 36, 163, 67, 108, 69, 18, 199, 159, 193, 41, 191, 110, 139, 198, 46, 115, 96, 5, 116, 65, 47, 105, 77, 166, 28, 192, 160, 48, 30, 54, 147, 104, 184, 11, 84, 4, 112, 126, 156, 29, 24, 161, 194, 6, 173, 180, 158, 53, 100, 26, 101, 150, 1, 97, 152, 74, 125, 87, 2, 82, 120, 44, 25, 78, 145, 168, 31, 13, 56, 85]","[85, 188, 157, 168, 145, 179, 91, 169, 196, 81, 187, 174, 119, 40, 185, 8, 165, 39, 90, 107, 27, 71, 58, 164, 7, 21, 132, 144, 155, 102, 49, 138, 32, 3, 178, 128, 167, 111, 148, 37, 33, 9, 62, 61, 15, 64, 114, 186, 23, 137, 141, 60, 46, 68, 0, 170, 117, 93, 140, 36, 163, 67, 108, 69, 18, 20, 22, 146, 103, 195, 159, 193, 41, 191, 110, 139, 198, 115, 96, 5, 42, 192, 160, 48, 30, 54, 147, 104, 184, 28, 166, 11, 84, 4, 112, 126, 156, 29, 24, 149, 131, 77, 105, 116, 65, 59, 118, 72, 109, 51, 66, 176, 12, 130, 124, 94, 19, 189, 99, 121, 182, 136, 63, 133, 162, 161, 194, 6, 173, 180, 158, 53, 100, 26, 101, 150, 1, 97, 152, 74, 125, 87, 2, 82, 120, 44, 25, 78, 31, 13, 56, 85]","{'distance': {'initial': 23659, 'final': 24287}, 'objective': {'initial': 0, 'final': 7153}}",23659,24287,0,7153,30073,31440,23659,30073,0,24287,31440,421,TSPA
lab6,lns,85,657099353,795.703033,True,,"[85, 56, 13, 31, 168, 145, 78, 25, 44, 120, 82, 2, 87, 125, 74, 152, 97, 1, 150, 101, 26, 100, 19, 189, 99, 121, 53, 158, 180, 136, 182, 63, 133, 162, 161, 194, 6, 70, 127, 29, 156, 126, 112, 4, 24, 149, 131, 77, 166, 11, 28, 184, 104, 147, 54, 30, 48, 160, 192, 43, 105, 116, 65, 59, 72, 51, 109, 118, 60, 46, 198, 139, 110, 191, 41, 193, 159, 199, 18, 69, 108, 67, 163, 36, 140, 93, 117, 0, 170, 143, 183, 89, 76, 23, 83, 114, 64, 15, 148, 12, 130, 94, 124, 111, 167, 33, 37, 9, 62, 61, 144, 155, 102, 49, 138, 32, 3, 178, 106, 185, 40, 119, 8, 165, 39, 27, 107, 90, 174, 187, 81, 169, 196, 17, 157, 188, 85]","[85, 56, 13, 31, 168, 145, 78, 25, 44, 120, 82, 2, 87, 125, 74, 152, 97, 1, 150, 101, 26, 100, 19, 189, 99, 121, 182, 136, 53, 158, 180, 173, 6, 194, 161, 162, 72, 109, 51, 66, 141, 60, 118, 59, 65, 116, 105, 77, 131, 149, 24, 29, 156, 126, 112, 4, 84, 11, 166, 28, 184, 104, 147, 54, 30, 48, 160, 192, 181, 159, 193, 41, 96, 115, 46, 198, 139, 191, 110, 163, 69, 108, 67, 36, 140, 93, 117, 0, 170, 143, 183, 89, 76, 23, 83, 114, 64, 15, 61, 62, 9, 33, 37, 148, 12, 130, 94, 124, 111, 167, 128, 49, 102, 144, 155, 14, 138, 32, 3, 178, 106, 185, 40, 119, 8, 165, 39, 27, 107, 90, 174, 187, 81, 169, 196, 17, 157, 188, 85]","{'distance': {'initial': 21690, 'final': 20629}, 'objective': {'initial': 0, 'final': 7769}}",21690,20629,0,7769,27990,28398,21690,27990,0,20629,28398,324,TSPA
lab6,hae_op1_ls,85,657099353,797.125974,True,,"[85, 0, 29, 75, 177, 162, 125, 118, 147, 24, 67, 138, 55, 182, 166, 82, 158, 57, 135, 189, 170, 59, 60, 63, 181, 124, 95, 149, 139, 37, 80, 174, 48, 13, 104, 32, 194, 142, 137, 110, 151, 39, 15, 94, 195, 76, 184, 83, 106, 79, 28, 46, 9, 131, 143, 20, 121, 31, 196, 197, 78, 161, 185, 165, 25, 66, 156, 107, 175, 113, 169, 58, 154, 77, 187, 126, 160, 136, 101, 108, 157, 102, 2, 105, 42, 89, 193, 61, 71, 128, 116, 111, 70, 18, 199, 144, 74, 52, 8, 73, 85]","[87, 125, 74, 152, 97, 1, 150, 101, 26, 100, 19, 189, 99, 121, 182, 136, 53, 158, 180, 173, 6, 194, 161, 162, 72, 109, 51, 66, 141, 60, 118, 59, 116, 65, 47, 105, 77, 131, 149, 24, 29, 156, 126, 112, 4, 190, 10, 177, 104, 147, 54, 30, 48, 184, 11, 166, 28, 160, 192, 181, 103, 146, 195, 159, 193, 41, 96, 115, 46, 198, 139, 191, 110, 163, 69, 108, 67, 36, 140, 93, 117, 170, 0, 153, 183, 89, 76, 23, 186, 114, 64, 15, 61, 62, 9, 33, 37, 148, 12, 130, 94, 124, 111, 167, 128, 178, 3, 32, 49, 102, 144, 155, 14, 138, 8, 185, 40, 119, 165, 39, 27, 107, 90, 174, 187, 81, 169, 196, 17, 157, 188, 56, 13, 31, 168, 78, 145, 91, 179, 92, 82, 44, 120, 2, 87]","{'distance': {'initial': 162111, 'final': 22142}, 'objective': {'initial': -145442, 'final': 7904}}",162111,22142,-145442,7904,16669,30046,162111,16669,-145442,22142,30046,169,TSPA
lab6,hae_op2_ls,85,657099353,796.337624,True,,"[85, 0, 29, 75, 177, 162, 125, 118, 147, 24, 67, 138, 55, 182, 166, 82, 158, 57, 135, 189, 170, 59, 60, 63, 181, 124, 95, 149, 139, 37, 80, 174, 48, 13, 104, 32, 194, 142, 137, 110, 151, 39, 15, 94, 195, 76, 184, 83, 106, 79, 28, 46, 9, 131, 143, 20, 121, 31, 196, 197, 78, 161, 185, 165, 25, 66, 156, 107, 175, 113, 169, 58, 154, 77, 187, 126, 160, 136, 101, 108, 157, 102, 2, 105, 42, 89, 193, 61, 71, 128, 116, 111, 70, 18, 199, 144, 74, 52, 8, 73, 85]","[6, 194, 161, 162, 72, 118, 59, 149, 131, 24, 29, 156, 126, 112, 4, 190, 10, 177, 104, 147, 54, 30, 48, 160, 192, 28, 184, 11, 166, 77, 47, 65, 116, 105, 5, 96, 41, 193, 159, 163, 69, 108, 67, 36, 140, 93, 68, 110, 191, 139, 198, 46, 60, 109, 51, 141, 66, 176, 12, 130, 94, 124, 111, 167, 148, 37, 33, 9, 62, 61, 144, 155, 102, 49, 138, 32, 3, 178, 106, 185, 40, 119, 8, 165, 39, 95, 7, 164, 58, 71, 27, 107, 90, 174, 187, 81, 196, 169, 91, 179, 145, 168, 157, 188, 56, 13, 31, 78, 25, 44, 120, 82, 2, 87, 125, 74, 152, 97, 1, 150, 101, 26, 100, 19, 189, 99, 121, 182, 136, 53, 158, 180, 173, 6]","{'distance': {'initial': 162111, 'final': 20398}, 'objective': {'initial': -145442, 'final': 7902}}",162111,20398,-145442,7902,16669,28300,162111,16669,-145442,20398,28300,198,TSPA
lab6,hae_op3_ls,85,657099353,794.874885,True,,"[85, 0, 29, 75, 177, 162, 125, 118, 147, 24, 67, 138, 55, 182, 166, 82, 158, 57, 135, 189, 170, 59, 60, 63, 181, 124, 95, 149, 139, 37, 80, 174, 48, 13, 104, 32, 194, 142, 137, 110, 151, 39, 15, 94, 195, 76, 184, 83, 106, 79, 28, 46, 9, 131, 143, 20, 121, 31, 196, 197, 78, 161, 185, 165, 25, 66, 156, 107, 175, 113, 169, 58, 154, 77, 187, 126, 160, 136, 101, 108, 157, 102, 2, 105, 42, 89, 193, 61, 71, 128, 116, 111, 70, 18, 199, 144, 74, 52, 8, 73, 85]","[47, 65, 116, 105, 77, 166, 28, 184, 11, 84, 4, 190, 10, 177, 104, 147, 54, 30, 48, 160, 192, 42, 5, 96, 41, 193, 159, 163, 69, 108, 67, 36, 140, 93, 68, 110, 191, 139, 198, 46, 60, 118, 59, 72, 109, 51, 141, 66, 176, 12, 130, 94, 124, 111, 167, 148, 37, 33, 9, 62, 61, 144, 155, 102, 49, 178, 3, 32, 138, 8, 185, 40, 119, 165, 39, 95, 7, 164, 58, 71, 27, 107, 90, 174, 187, 81, 169, 196, 17, 157, 188, 56, 13, 31, 168, 91, 179, 145, 78, 25, 44, 120, 82, 2, 87, 125, 74, 152, 97, 1, 150, 101, 26, 100, 19, 189, 99, 121, 182, 136, 53, 158, 180, 173, 6, 194, 161, 24, 149, 131, 47]","{'distance': {'initial': 162111, 'final': 19483}, 'objective': {'initial': -145442, 'final': 8191}}",162111,19483,-145442,8191,16669,27674,162111,16669,-145442,19483,27674,412,TSPA
lab6,hae_op2_no_ls,85,657099353,794.526651,True,,"[85, 0, 29, 75, 177, 162, 125, 118, 147, 24, 67, 138, 55, 182, 166, 82, 158, 57, 135, 189, 170, 59, 60, 63, 181, 124, 95, 149, 139, 37, 80, 174, 48, 13, 104, 32, 194, 142, 137, 110, 151, 39, 15, 94, 195, 76, 184, 83, 106, 79, 28, 46, 9, 131, 143, 20, 121, 31, 196, 197, 78, 161, 185, 165, 25, 66, 156, 107, 175, 113, 169, 58, 154, 77, 187, 126, 160, 136, 101, 108, 157, 102, 2, 105, 42, 89, 193, 61, 71, 128, 116, 111, 70, 18, 199, 144, 74, 52, 8, 73, 85]","[140, 36, 67, 108, 69, 163, 110, 139, 191, 142, 159, 193, 41, 96, 5, 42, 192, 160, 48, 30, 54, 147, 104, 177, 10, 190, 184, 28, 11, 166, 77, 105, 116, 65, 47, 131, 149, 24, 4, 112, 126, 156, 29, 127, 194, 161, 162, 133, 173, 6, 154, 180, 158, 53, 136, 182, 121, 99, 189, 19, 100, 26, 101, 150, 1, 97, 152, 74, 125, 87, 2, 82, 120, 44, 25, 78, 31, 13, 56, 188, 157, 168, 145, 179, 91, 196, 169, 174, 81, 187, 90, 107, 27, 71, 58, 164, 7, 95, 39, 165, 8, 119, 40, 185, 106, 178, 3, 32, 138, 14, 155, 144, 102, 49, 128, 167, 111, 124, 94, 130, 12, 148, 37, 33, 9, 62, 61, 15, 64, 114, 83, 23, 89, 183, 76, 137, 176, 66, 141, 51, 109, 72, 59, 118, 60, 46, 68, 93, 140]","{'distance': {'initial': 162111, 'final': 23162}, 'objective': {'initial': -145442, 'final': 7374}}",162111,23162,-145442,7374,16669,30536,162111,16669,-145442,23162,30536,552,TSPA
lab6,hae_op3_no_ls,85,657099353,794.444642,True,,"[85, 0, 29, 75, 177, 162, 125, 118, 147, 24, 67, 138, 55, 182, 166, 82, 158, 57, 135, 189, 170, 59, 60, 63, 181, 124, 95, 149, 139, 37, 80, 174, 48, 13, 104, 32, 194, 142, 137, 110, 151, 39, 15, 94, 195, 76, 184, 83, 106, 79, 28, 46, 9, 131, 143, 20, 121, 31, 196, 197, 78, 161, 185, 165, 25, 66, 156, 107, 175, 113, 169, 58, 154, 77, 187, 126, 160, 136, 101, 108, 157, 102, 2, 105, 42, 89, 193, 61, 71, 128, 116, 111, 70, 18, 199, 144, 74, 52, 8, 73, 85]","[140, 36, 67, 108, 69, 163, 110, 139, 191, 142, 159, 193, 41, 96, 5, 42, 192, 160, 48, 30, 54, 147, 104, 177, 10, 190, 184, 28, 11, 166, 77, 105, 116, 65, 47, 131, 149, 24, 4, 112, 126, 156, 29, 127, 194, 161, 162, 133, 173, 6, 154, 180, 158, 53, 136, 182, 121, 99, 189, 19, 100, 26, 101, 150, 1, 97, 152, 74, 125, 87, 2, 82, 120, 44, 25, 78, 31, 13, 56, 188, 157, 168, 145, 179, 91, 196, 169, 174, 81, 187, 90, 107, 27, 71, 58, 164, 7, 95, 39, 165, 8, 119, 40, 185, 106, 178, 3, 32, 138, 14, 155, 144, 102, 49, 128, 167, 111, 124, 94, 130, 12, 148, 37, 33, 9, 62, 61, 15, 64, 114, 83, 23, 89, 183, 76, 137, 176, 66, 141, 51, 109, 72, 59, 118, 60, 46, 68, 93, 140]","{'distance': {'initial': 162111, 'final': 23162}, 'objective': {'initial': -145442, 'final': 7374}}",162111,23162,-145442,7374,16669,30536,162111,16669,-145442,23162,30536,571,TSPA
lab6,ils,85,1142192430,794.477591,True,,"[85, 56, 113, 171, 88, 16, 13, 31, 168, 145, 78, 25, 44, 120, 82, 92, 179, 91, 40, 119, 165, 8, 185, 106, 178, 3, 32, 138, 49, 128, 167, 111, 33, 37, 148, 12, 130, 124, 94, 189, 19, 152, 74, 125, 87, 1, 150, 101, 97, 26, 100, 99, 121, 182, 136, 53, 158, 154, 6, 173, 180, 63, 80, 176, 66, 141, 51, 109, 72, 118, 59, 65, 116, 105, 77, 43, 96, 5, 42, 192, 160, 28, 166, 11, 184, 190, 10, 177, 104, 147, 54, 30, 48, 34, 103, 146, 195, 159, 193, 41, 142, 69, 108, 67, 163, 36, 140, 93, 68, 46, 198, 115, 60, 0, 153, 183, 89, 76, 23, 186, 114, 64, 15, 61, 9, 62, 102, 155, 144, 132, 21, 7, 164, 58, 71, 27, 107, 90, 174, 187, 81, 169, 196, 17, 157, 188, 85]","[85, 56, 13, 31, 168, 145, 78, 25, 44, 120, 82, 92, 179, 91, 185, 40, 119, 165, 8, 138, 32, 3, 178, 128, 167, 111, 124, 12, 130, 94, 189, 19, 152, 74, 125, 87, 150, 101, 1, 97, 26, 100, 99, 121, 182, 136, 53, 158, 180, 154, 6, 173, 133, 80, 176, 66, 141, 60, 109, 51, 72, 118, 59, 65, 116, 105, 77, 166, 28, 184, 11, 84, 4, 190, 10, 177, 104, 147, 54, 30, 48, 160, 192, 181, 103, 146, 195, 159, 193, 41, 96, 115, 198, 46, 68, 163, 69, 108, 67, 36, 140, 93, 117, 170, 0, 153, 183, 89, 76, 23, 186, 114, 64, 15, 61, 9, 62, 102, 49, 155, 144, 132, 21, 7, 164, 58, 71, 27, 107, 90, 174, 187, 81, 169, 196, 17, 157, 188, 85]","{'distance': {'initial': 24011, 'final': 21717}, 'objective': {'initial': 0, 'final': 7739}}",24011,21717,0,7739,29939,29456,24011,29939,0,21717,29456,450,TSPA
lab6,lns,85,1142192430,795.832161,True,,"[85, 188, 157, 17, 196, 169, 81, 187, 174, 40, 119, 185, 8, 106, 178, 3, 32, 138, 165, 39, 90, 107, 27, 71, 58, 164, 7, 21, 132, 144, 155, 49, 102, 62, 9, 61, 15, 64, 114, 186, 23, 76, 89, 183, 153, 0, 170, 117, 93, 140, 36, 67, 108, 69, 163, 110, 191, 139, 198, 46, 60, 118, 59, 109, 51, 72, 162, 161, 24, 149, 131, 77, 105, 47, 65, 116, 5, 96, 41, 193, 159, 195, 146, 103, 181, 192, 160, 48, 30, 54, 147, 104, 177, 10, 190, 184, 28, 166, 11, 84, 4, 112, 126, 156, 29, 127, 70, 6, 154, 180, 173, 63, 130, 12, 124, 94, 19, 189, 99, 121, 182, 136, 158, 53, 100, 26, 101, 150, 1, 97, 152, 74, 125, 87, 2, 82, 120, 44, 25, 78, 145, 168, 31, 13, 16, 88, 171, 113, 56, 85]","[85, 188, 157, 17, 196, 169, 81, 187, 174, 119, 40, 185, 8, 165, 39, 90, 107, 27, 71, 58, 164, 7, 21, 132, 144, 155, 14, 138, 32, 3, 178, 49, 102, 62, 9, 61, 15, 64, 114, 186, 23, 76, 89, 183, 153, 0, 170, 117, 93, 140, 36, 67, 108, 69, 163, 110, 191, 139, 198, 46, 60, 141, 66, 51, 109, 118, 59, 72, 162, 161, 24, 149, 131, 11, 184, 28, 166, 77, 105, 47, 65, 116, 5, 96, 41, 193, 159, 195, 146, 103, 181, 192, 160, 48, 30, 54, 147, 104, 177, 10, 190, 4, 112, 126, 156, 29, 127, 70, 6, 173, 180, 158, 53, 136, 182, 63, 130, 12, 124, 94, 19, 189, 99, 121, 100, 26, 101, 150, 1, 97, 152, 74, 125, 87, 2, 82, 120, 44, 25, 78, 145, 168, 31, 13, 16, 88, 171, 113, 56, 85]","{'distance': {'initial': 23225, 'final': 22848}, 'objective': {'initial': 0, 'final': 7778}}",23225,22848,0,7778,30274,30626,23225,30274,0,22848,30626,244,TSPA
lab6,hae_op1_ls,85,1142192430,796.296325,True,,"[85, 98, 64, 107, 108, 187, 41, 78, 18, 70, 15, 81, 0, 151, 122, 25, 163, 182, 170, 195, 103, 174, 21, 124, 23, 155, 20, 131, 168, 60, 176, 53, 198, 11, 152, 6, 102, 97, 132, 129, 136, 95, 127, 105, 185, 171, 87, 16, 32, 67, 50, 92, 8, 88, 5, 193, 27, 39, 153, 93, 17, 101, 72, 173, 59, 154, 19, 65, 177, 69, 58, 30, 118, 51, 162, 112, 56, 106, 116, 36, 37, 35, 138, 148, 109, 192, 80, 115, 160, 166, 55, 181, 42, 125, 110, 10, 184, 83, 38, 164, 85]","[166, 77, 105, 116, 65, 59, 72, 118, 60, 109, 51, 141, 66, 176, 80, 63, 182, 136, 180, 173, 6, 154, 158, 53, 121, 99, 189, 19, 100, 26, 101, 150, 1, 97, 152, 74, 125, 87, 2, 82, 120, 44, 25, 16, 88, 171, 113, 56, 13, 31, 85, 188, 157, 168, 78, 145, 179, 91, 169, 196, 81, 187, 174, 90, 107, 27, 71, 58, 164, 7, 95, 39, 165, 119, 40, 185, 8, 138, 14, 155, 144, 102, 49, 32, 3, 178, 128, 167, 111, 124, 94, 130, 12, 148, 37, 33, 9, 62, 61, 15, 64, 114, 186, 23, 76, 89, 183, 153, 0, 170, 117, 93, 140, 68, 46, 198, 139, 191, 110, 163, 67, 108, 69, 18, 199, 159, 193, 41, 96, 5, 42, 192, 160, 48, 30, 54, 147, 104, 177, 10, 190, 4, 112, 126, 156, 29, 127, 194, 161, 24, 149, 131, 11, 184, 28, 166]","{'distance': {'initial': 165975, 'final': 23976}, 'objective': {'initial': -148567, 'final': 7773}}",165975,23976,-148567,7773,17408,31749,165975,17408,-148567,23976,31749,159,TSPA
lab6,hae_op2_ls,85,1142192430,796.824677,True,,"[85, 98, 64, 107, 108, 187, 41, 78, 18, 70, 15, 81, 0, 151, 122, 25, 163, 182, 170, 195, 103, 174, 21, 124, 23, 155, 20, 131, 168, 60, 176, 53, 198, 11, 152, 6, 102, 97, 132, 129, 136, 95, 127, 105, 185, 171, 87, 16, 32, 67, 50, 92, 8, 88, 5, 193, 27, 39, 153, 93, 17, 101, 72, 173, 59, 154, 19, 65, 177, 69, 58, 30, 118, 51, 162, 112, 56, 106, 116, 36, 37, 35, 138, 148, 109, 192, 80, 115, 160, 166, 55, 181, 42, 125, 110, 10, 184, 83, 38, 164, 85]","[119, 40, 174, 187, 81, 169, 196, 17, 157, 188, 56, 13, 31, 168, 91, 179, 145, 78, 25, 44, 120, 82, 2, 87, 125, 74, 152, 97, 1, 150, 101, 26, 100, 121, 99, 189, 19, 124, 12, 130, 94, 63, 182, 136, 53, 158, 180, 154, 6, 173, 133, 162, 161, 194, 127, 29, 156, 126, 112, 4, 190, 10, 177, 104, 147, 54, 30, 48, 160, 192, 28, 184, 11, 166, 131, 149, 77, 105, 47, 65, 116, 5, 96, 41, 193, 159, 195, 103, 146, 22, 20, 18, 69, 108, 67, 163, 36, 140, 93, 68, 110, 191, 139, 198, 46, 60, 118, 59, 72, 109, 51, 141, 66, 176, 137, 23, 186, 114, 64, 15, 61, 62, 9, 33, 37, 148, 111, 167, 128, 49, 178, 3, 32, 138, 14, 155, 144, 132, 21, 7, 164, 58, 71, 27, 107, 90, 39, 165, 8, 185, 119]","{'distance': {'initial': 165975, 'final': 23517}, 'objective': {'initial': -148567, 'final': 7647}}",165975,23517,-148567,7647,17408,31164,165975,17408,-148567,23517,31164,186,TSPA
lab6,hae_op3_ls,85,1142192430,795.949631,True,,"[85, 98, 64, 107, 108, 187, 41, 78, 18, 70, 15, 81, 0, 151, 122, 25, 163, 182, 170, 195, 103, 174, 21, 124, 23, 155, 20, 131, 168, 60, 176, 53, 198, 11, 152, 6, 102, 97, 132, 129, 136, 95, 127, 105, 185, 171, 87, 16, 32, 67, 50, 92, 8, 88, 5, 193, 27, 39, 153, 93, 17, 101, 72, 173, 59, 154, 19, 65, 177, 69, 58, 30, 118, 51, 162, 112, 56, 106, 116, 36, 37, 35, 138, 148, 109, 192, 80, 115, 160, 166, 55, 181, 42, 125, 110, 10, 184, 83, 38, 164, 85]","[90, 174, 187, 81, 169, 196, 17, 157, 188, 56, 13, 31, 168, 91, 179, 145, 78, 25, 44, 120, 82, 2, 87, 125, 74, 152, 97, 1, 150, 101, 26, 100, 19, 189, 99, 121, 182, 136, 53, 158, 180, 173, 6, 194, 161, 24, 149, 131, 47, 65, 116, 105, 77, 166, 28, 184, 11, 84, 4, 190, 10, 177, 104, 147, 54, 30, 48, 160, 192, 181, 103, 146, 195, 159, 193, 41, 96, 115, 198, 139, 191, 110, 163, 69, 108, 67, 36, 140, 93, 68, 46, 60, 118, 59, 72, 109, 51, 141, 66, 176, 12, 130, 94, 124, 111, 167, 148, 37, 33, 9, 62, 61, 144, 155, 102, 49, 32, 138, 8, 185, 40, 119, 165, 39, 27, 107, 90]","{'distance': {'initial': 165975, 'final': 19054}, 'objective': {'initial': -148567, 'final': 8187}}",165975,19054,-148567,8187,17408,27241,165975,17408,-148567,19054,27241,421,TSPA
lab6,hae_op2_no_ls,85,1142192430,795.603205,True,,"[85, 98, 64, 107, 108, 187, 41, 78, 18, 70, 15, 81, 0, 151, 122, 25, 163, 182, 170, 195, 103, 174, 21, 124, 23, 155, 20, 131, 168, 60, 176, 53, 198, 11, 152, 6, 102, 97, 132, 129, 136, 95, 127, 105, 185, 171, 87, 16, 32, 67, 50, 92, 8, 88, 5, 193, 27, 39, 153, 93, 17, 101, 72, 173, 59, 154, 19, 65, 177, 69, 58, 30, 118, 51, 162, 112, 56, 106, 116, 36, 37, 35, 138, 148, 109, 192, 80, 115, 160, 166, 55, 181, 42, 125, 110, 10, 184, 83, 38, 164, 85]","[31, 13, 56, 113, 171, 88, 16, 25, 44, 120, 82, 78, 168, 145, 179, 91, 55, 52, 106, 178, 3, 32, 49, 102, 62, 9, 33, 37, 148, 167, 111, 124, 94, 130, 12, 176, 66, 141, 51, 109, 60, 118, 59, 72, 151, 133, 63, 136, 182, 121, 99, 189, 19, 152, 74, 125, 87, 1, 150, 101, 97, 26, 100, 53, 158, 180, 173, 6, 194, 161, 24, 29, 156, 126, 112, 4, 84, 11, 166, 77, 105, 47, 65, 116, 43, 28, 184, 104, 147, 54, 30, 48, 160, 192, 42, 5, 96, 115, 198, 46, 68, 110, 139, 191, 41, 193, 159, 195, 103, 146, 22, 199, 18, 69, 108, 67, 163, 36, 140, 93, 117, 170, 0, 153, 183, 89, 76, 23, 186, 114, 64, 15, 61, 144, 155, 14, 138, 8, 165, 39, 27, 107, 90, 119, 40, 185, 169, 174, 187, 81, 196, 17, 157, 188, 85, 31]","{'distance': {'initial': 165975, 'final': 24296}, 'objective': {'initial': -148567, 'final': 6986}}",165975,24296,-148567,6986,17408,31282,165975,17408,-148567,24296,31282,490,TSPA
lab6,hae_op3_no_ls,85,1142192430,794.140426,True,,"[85, 98, 64, 107, 108, 187, 41, 78, 18, 70, 15, 81, 0, 151, 122, 25, 163, 182, 170, 195, 103, 174, 21, 124, 23, 155, 20, 131, 168, 60, 176, 53, 198, 11, 152, 6, 102, 97, 132, 129, 136, 95, 127, 105, 185, 171, 87, 16, 32, 67, 50, 92, 8, 88, 5, 193, 27, 39, 153, 93, 17, 101, 72, 173, 59, 154, 19, 65, 177, 69, 58, 30, 118, 51, 162, 112, 56, 106, 116, 36, 37, 35, 138, 148, 109, 192, 80, 115, 160, 166, 55, 181, 42, 125, 110, 10, 184, 83, 38, 164, 85]","[31, 13, 56, 113, 171, 88, 16, 25, 44, 120, 82, 78, 168, 145, 179, 91, 55, 52, 106, 178, 3, 32, 49, 102, 62, 9, 33, 37, 148, 167, 111, 124, 94, 130, 12, 176, 66, 141, 51, 109, 60, 118, 59, 72, 151, 133, 63, 136, 182, 121, 99, 189, 19, 152, 74, 125, 87, 1, 150, 101, 97, 26, 100, 53, 158, 180, 173, 6, 194, 161, 24, 29, 156, 126, 112, 4, 84, 11, 166, 77, 105, 47, 65, 116, 43, 28, 184, 104, 147, 54, 30, 48, 160, 192, 42, 5, 96, 115, 198, 46, 68, 110, 139, 191, 41, 193, 159, 195, 103, 146, 22, 199, 18, 69, 108, 67, 163, 36, 140, 93, 117, 170, 0, 153, 183, 89, 76, 23, 186, 114, 64, 15, 61, 144, 155, 14, 138, 8, 165, 39, 27, 107, 90, 119, 40, 185, 169, 174, 187, 81, 196, 17, 157, 188, 85, 31]","{'distance': {'initial': 165975, 'final': 24296}, 'objective': {'initial': -148567, 'final': 6986}}",165975,24296,-148567,6986,17408,31282,165975,17408,-148567,24296,31282,514,TSPA
lab6,ils,85,1817737901,795.587216,True,,"[85, 188, 157, 17, 196, 169, 174, 81, 187, 90, 107, 27, 39, 165, 119, 40, 185, 8, 138, 32, 49, 102, 155, 144, 61, 62, 9, 33, 37, 148, 15, 64, 114, 83, 23, 76, 89, 183, 143, 170, 0, 153, 12, 130, 94, 124, 111, 167, 87, 125, 74, 152, 1, 97, 19, 189, 99, 121, 182, 136, 63, 133, 151, 72, 109, 51, 66, 141, 60, 118, 59, 115, 96, 41, 193, 159, 181, 192, 160, 48, 30, 54, 147, 104, 184, 28, 11, 166, 77, 105, 116, 65, 47, 131, 149, 24, 4, 112, 126, 156, 29, 123, 161, 194, 6, 173, 180, 158, 53, 100, 26, 101, 150, 120, 44, 82, 78, 145, 168, 31, 13, 16, 88, 171, 113, 56, 85]","[85, 188, 157, 17, 196, 169, 81, 187, 174, 90, 107, 27, 39, 165, 119, 40, 185, 8, 138, 32, 3, 178, 49, 102, 155, 144, 61, 62, 9, 15, 64, 114, 186, 23, 76, 89, 183, 143, 170, 0, 117, 93, 140, 68, 46, 60, 118, 59, 65, 116, 105, 77, 43, 42, 5, 96, 41, 193, 159, 195, 146, 103, 181, 192, 160, 48, 30, 54, 147, 104, 184, 28, 166, 11, 84, 4, 112, 126, 156, 29, 24, 161, 194, 6, 173, 180, 158, 53, 136, 182, 63, 133, 151, 72, 109, 51, 141, 66, 176, 12, 130, 124, 94, 19, 189, 99, 121, 100, 26, 101, 150, 1, 97, 152, 74, 125, 87, 2, 82, 120, 44, 25, 78, 145, 179, 91, 168, 31, 13, 56, 85]","{'distance': {'initial': 21280, 'final': 20089}, 'objective': {'initial': 0, 'final': 7402}}",21280,20089,0,7402,26321,27491,21280,26321,0,20089,27491,447,TSPA
lab6,lns,85,1817737901,794.297783,True,,"[85, 188, 157, 17, 196, 169, 174, 81, 187, 90, 107, 27, 39, 165, 119, 40, 185, 8, 138, 32, 49, 102, 155, 144, 61, 62, 9, 33, 37, 148, 15, 64, 114, 186, 23, 76, 89, 183, 143, 170, 0, 117, 93, 140, 68, 110, 139, 191, 41, 193, 159, 195, 146, 103, 181, 192, 160, 48, 30, 54, 147, 104, 184, 28, 166, 11, 35, 24, 149, 131, 77, 47, 65, 116, 105, 5, 96, 115, 198, 46, 60, 118, 59, 72, 109, 51, 141, 66, 176, 80, 133, 173, 6, 154, 180, 158, 53, 136, 182, 63, 130, 12, 124, 94, 19, 189, 99, 121, 100, 26, 101, 150, 1, 97, 152, 74, 125, 87, 2, 120, 44, 82, 92, 179, 91, 145, 168, 78, 16, 88, 171, 113, 56, 13, 31, 85]","[85, 188, 157, 17, 196, 169, 81, 187, 174, 90, 107, 27, 39, 165, 119, 40, 185, 8, 138, 32, 14, 155, 144, 102, 49, 128, 167, 111, 148, 37, 33, 9, 62, 61, 15, 64, 114, 186, 23, 76, 89, 183, 143, 170, 0, 117, 93, 140, 68, 46, 198, 139, 110, 191, 41, 193, 159, 195, 146, 103, 181, 192, 160, 48, 30, 54, 147, 104, 184, 28, 166, 11, 131, 149, 77, 105, 116, 65, 59, 118, 72, 51, 109, 60, 141, 66, 176, 12, 130, 124, 94, 19, 189, 99, 121, 182, 136, 180, 173, 6, 154, 158, 53, 100, 26, 101, 150, 1, 97, 152, 74, 125, 87, 2, 120, 44, 82, 92, 179, 91, 145, 168, 78, 16, 88, 171, 113, 56, 13, 31, 85]","{'distance': {'initial': 20678, 'final': 19819}, 'objective': {'initial': 0, 'final': 7156}}",20678,19819,0,7156,27613,26975,20678,27613,0,19819,26975,391,TSPA
lab6,hae_op1_ls,85,1817737901,794.383722,True,,"[85, 102, 185, 131, 125, 137, 30, 122, 189, 49, 112, 2, 66, 90, 98, 103, 9, 97, 24, 74, 118, 119, 198, 27, 107, 181, 100, 126, 196, 83, 13, 130, 169, 75, 6, 17, 44, 65, 59, 101, 31, 170, 52, 12, 133, 58, 168, 38, 186, 172, 35, 86, 96, 92, 123, 33, 11, 71, 10, 195, 5, 76, 42, 40, 105, 18, 120, 23, 79, 138, 188, 143, 14, 62, 68, 115, 153, 197, 63, 171, 41, 155, 184, 43, 36, 148, 64, 173, 89, 158, 88, 150, 26, 139, 15, 116, 132, 167, 37, 160, 85]","[181, 192, 160, 48, 30, 54, 147, 104, 177, 10, 190, 4, 112, 126, 156, 29, 35, 11, 184, 28, 166, 131, 149, 77, 105, 116, 65, 59, 118, 60, 141, 66, 51, 109, 72, 162, 161, 194, 6, 173, 180, 158, 53, 136, 182, 121, 100, 26, 97, 101, 150, 1, 87, 125, 74, 152, 19, 189, 99, 94, 130, 12, 124, 111, 167, 172, 129, 82, 120, 44, 25, 78, 145, 179, 91, 168, 31, 13, 56, 188, 157, 17, 196, 169, 81, 187, 174, 90, 107, 27, 39, 165, 8, 119, 40, 185, 106, 178, 3, 32, 138, 49, 102, 155, 144, 61, 62, 9, 15, 64, 114, 186, 23, 76, 89, 183, 153, 0, 170, 117, 93, 140, 36, 67, 108, 69, 163, 68, 46, 198, 115, 96, 41, 193, 159, 195, 146, 103, 181]","{'distance': {'initial': 171231, 'final': 21368}, 'objective': {'initial': -154588, 'final': 8045}}",171231,21368,-154588,8045,16643,29413,171231,16643,-154588,21368,29413,169,TSPA
lab6,hae_op2_ls,85,1817737901,797.663395,True,,"[85, 102, 185, 131, 125, 137, 30, 122, 189, 49, 112, 2, 66, 90, 98, 103, 9, 97, 24, 74, 118, 119, 198, 27, 107, 181, 100, 126, 196, 83, 13, 130, 169, 75, 6, 17, 44, 65, 59, 101, 31, 170, 52, 12, 133, 58, 168, 38, 186, 172, 35, 86, 96, 92, 123, 33, 11, 71, 10, 195, 5, 76, 42, 40, 105, 18, 120, 23, 79, 138, 188, 143, 14, 62, 68, 115, 153, 197, 63, 171, 41, 155, 184, 43, 36, 148, 64, 173, 89, 158, 88, 150, 26, 139, 15, 116, 132, 167, 37, 160, 85]","[68, 46, 198, 115, 96, 41, 193, 159, 195, 146, 103, 181, 192, 160, 48, 30, 54, 147, 104, 177, 10, 190, 4, 112, 126, 156, 29, 35, 11, 184, 28, 166, 77, 105, 116, 65, 47, 131, 149, 24, 161, 162, 72, 59, 118, 60, 109, 51, 141, 66, 176, 80, 63, 173, 6, 154, 180, 158, 53, 136, 182, 121, 99, 100, 26, 101, 150, 1, 97, 19, 189, 94, 130, 12, 124, 111, 167, 152, 74, 125, 87, 2, 82, 120, 44, 25, 16, 88, 171, 113, 56, 13, 31, 85, 188, 157, 168, 78, 145, 179, 91, 169, 196, 81, 187, 174, 90, 107, 27, 39, 165, 119, 40, 185, 8, 106, 178, 3, 32, 138, 14, 155, 144, 102, 49, 33, 37, 9, 62, 61, 15, 64, 114, 186, 23, 76, 89, 183, 153, 0, 170, 117, 93, 140, 36, 67, 108, 69, 163, 68]","{'distance': {'initial': 171231, 'final': 22840}, 'objective': {'initial': -154588, 'final': 7834}}",171231,22840,-154588,7834,16643,30674,171231,16643,-154588,22840,30674,171,TSPA
lab6,hae_op3_ls,85,1817737901,794.602989,True,,"[85, 102, 185, 131, 125, 137, 30, 122, 189, 49, 112, 2, 66, 90, 98, 103, 9, 97, 24, 74, 118, 119, 198, 27, 107, 181, 100, 126, 196, 83, 13, 130, 169, 75, 6, 17, 44, 65, 59, 101, 31, 170, 52, 12, 133, 58, 168, 38, 186, 172, 35, 86, 96, 92, 123, 33, 11, 71, 10, 195, 5, 76, 42, 40, 105, 18, 120, 23, 79, 138, 188, 143, 14, 62, 68, 115, 153, 197, 63, 171, 41, 155, 184, 43, 36, 148, 64, 173, 89, 158, 88, 150, 26, 139, 15, 116, 132, 167, 37, 160, 85]","[114, 64, 15, 9, 62, 61, 144, 155, 102, 49, 138, 32, 3, 178, 106, 185, 40, 119, 8, 165, 39, 27, 107, 90, 174, 187, 81, 169, 196, 17, 157, 188, 56, 13, 31, 168, 91, 179, 145, 78, 25, 44, 120, 82, 2, 87, 125, 74, 152, 97, 1, 150, 101, 26, 100, 53, 158, 154, 6, 173, 180, 136, 182, 121, 99, 189, 19, 94, 124, 130, 12, 176, 66, 141, 60, 109, 51, 72, 118, 59, 65, 116, 105, 77, 166, 28, 184, 11, 35, 126, 29, 156, 112, 4, 190, 10, 177, 104, 147, 54, 30, 48, 160, 192, 42, 5, 96, 41, 193, 159, 199, 18, 69, 108, 67, 163, 110, 191, 139, 198, 46, 68, 140, 93, 117, 170, 0, 153, 183, 89, 76, 23, 186, 114]","{'distance': {'initial': 171231, 'final': 20100}, 'objective': {'initial': -154588, 'final': 7953}}",171231,20100,-154588,7953,16643,28053,171231,16643,-154588,20100,28053,384,TSPA
lab6,hae_op2_no_ls,85,1817737901,794.613839,True,,"[85, 102, 185, 131, 125, 137, 30, 122, 189, 49, 112, 2, 66, 90, 98, 103, 9, 97, 24, 74, 118, 119, 198, 27, 107, 181, 100, 126, 196, 83, 13, 130, 169, 75, 6, 17, 44, 65, 59, 101, 31, 170, 52, 12, 133, 58, 168, 38, 186, 172, 35, 86, 96, 92, 123, 33, 11, 71, 10, 195, 5, 76, 42, 40, 105, 18, 120, 23, 79, 138, 188, 143, 14, 62, 68, 115, 153, 197, 63, 171, 41, 155, 184, 43, 36, 148, 64, 173, 89, 158, 88, 150, 26, 139, 15, 116, 132, 167, 37, 160, 85]","[157, 17, 196, 81, 187, 174, 169, 40, 119, 165, 8, 185, 106, 178, 3, 32, 138, 14, 155, 144, 102, 49, 128, 167, 111, 148, 37, 33, 9, 62, 61, 15, 64, 114, 186, 23, 137, 176, 66, 141, 51, 109, 60, 118, 59, 72, 162, 161, 24, 149, 131, 77, 105, 47, 65, 116, 115, 198, 46, 68, 0, 170, 117, 93, 140, 36, 163, 67, 108, 69, 18, 199, 159, 193, 41, 96, 5, 42, 192, 160, 48, 30, 54, 147, 104, 184, 28, 166, 11, 84, 4, 112, 126, 156, 29, 127, 70, 6, 173, 180, 158, 53, 136, 182, 63, 130, 12, 124, 94, 19, 189, 99, 121, 100, 26, 101, 150, 1, 97, 152, 74, 125, 87, 2, 120, 44, 82, 92, 179, 91, 145, 78, 168, 31, 16, 88, 171, 13, 56, 188, 157]","{'distance': {'initial': 171231, 'final': 21799}, 'objective': {'initial': -154588, 'final': 7078}}",171231,21799,-154588,7078,16643,28877,171231,16643,-154588,21799,28877,563,TSPA
lab6,hae_op3_no_ls,85,1817737901,794.748617,True,,"[85, 102, 185, 131, 125, 137, 30, 122, 189, 49, 112, 2, 66, 90, 98, 103, 9, 97, 24, 74, 118, 119, 198, 27, 107, 181, 100, 126, 196, 83, 13, 130, 169, 75, 6, 17, 44, 65, 59, 101, 31, 170, 52, 12, 133, 58, 168, 38, 186, 172, 35, 86, 96, 92, 123, 33, 11, 71, 10, 195, 5, 76, 42, 40, 105, 18, 120, 23, 79, 138, 188, 143, 14, 62, 68, 115, 153, 197, 63, 171, 41, 155, 184, 43, 36, 148, 64, 173, 89, 158, 88, 150, 26, 139, 15, 116, 132, 167, 37, 160, 85]","[157, 17, 196, 81, 187, 174, 169, 40, 119, 165, 8, 185, 106, 178, 3, 32, 138, 14, 155, 144, 102, 49, 128, 167, 111, 148, 37, 33, 9, 62, 61, 15, 64, 114, 186, 23, 137, 176, 66, 141, 51, 109, 60, 118, 59, 72, 162, 161, 24, 149, 131, 77, 105, 47, 65, 116, 115, 198, 46, 68, 0, 170, 117, 93, 140, 36, 163, 67, 108, 69, 18, 199, 159, 193, 41, 96, 5, 42, 192, 160, 48, 30, 54, 147, 104, 184, 28, 166, 11, 84, 4, 112, 126, 156, 29, 127, 70, 6, 173, 180, 158, 53, 136, 182, 63, 130, 12, 124, 94, 19, 189, 99, 121, 100, 26, 101, 150, 1, 97, 152, 74, 125, 87, 2, 120, 44, 82, 92, 179, 91, 145, 78, 168, 31, 16, 88, 171, 13, 56, 188, 157]","{'distance': {'initial': 171231, 'final': 21799}, 'objective': {'initial': -154588, 'final': 7078}}",171231,21799,-154588,7078,16643,28877,171231,16643,-154588,21799,28877,572,TSPA
lab6,ils,85,764256717,794.938204,True,,"[85, 56, 13, 16, 88, 171, 113, 50, 188, 157, 17, 196, 169, 81, 187, 174, 40, 119, 165, 8, 185, 91, 179, 55, 52, 106, 178, 3, 32, 138, 14, 155, 144, 61, 62, 9, 33, 37, 148, 167, 111, 124, 12, 130, 94, 63, 133, 151, 72, 109, 51, 66, 141, 60, 118, 59, 65, 116, 105, 77, 43, 42, 5, 96, 159, 193, 41, 115, 198, 46, 68, 93, 140, 36, 163, 67, 108, 69, 18, 20, 22, 146, 103, 181, 192, 160, 48, 30, 54, 147, 104, 184, 28, 166, 11, 131, 149, 24, 4, 112, 126, 156, 29, 127, 194, 6, 173, 180, 158, 53, 136, 182, 121, 99, 100, 26, 101, 150, 1, 97, 189, 19, 152, 74, 125, 87, 2, 82, 120, 44, 25, 78, 145, 168, 31, 85]","[85, 56, 13, 31, 168, 145, 78, 25, 44, 120, 82, 2, 87, 125, 74, 152, 97, 1, 150, 101, 26, 100, 19, 189, 99, 121, 182, 136, 53, 158, 180, 173, 6, 194, 127, 29, 156, 126, 112, 4, 84, 11, 166, 28, 184, 104, 147, 54, 30, 48, 160, 192, 181, 103, 146, 22, 20, 18, 69, 108, 67, 163, 36, 140, 93, 68, 46, 198, 139, 191, 110, 142, 159, 193, 41, 96, 5, 42, 43, 77, 105, 116, 65, 59, 118, 60, 141, 66, 51, 109, 72, 151, 133, 63, 94, 130, 12, 124, 111, 167, 148, 37, 33, 9, 62, 61, 144, 155, 102, 49, 138, 32, 3, 178, 106, 52, 55, 179, 91, 185, 8, 165, 119, 40, 174, 187, 81, 169, 196, 17, 157, 188, 85]","{'distance': {'initial': 20919, 'final': 19472}, 'objective': {'initial': 0, 'final': 7187}}",20919,19472,0,7187,27351,26659,20919,27351,0,19472,26659,443,TSPA
lab6,lns,85,764256717,794.977054,True,,"[85, 188, 157, 17, 196, 169, 81, 187, 174, 40, 119, 165, 8, 138, 14, 155, 144, 61, 9, 62, 102, 49, 32, 3, 178, 106, 52, 55, 91, 179, 92, 82, 2, 87, 125, 74, 152, 167, 111, 124, 94, 130, 12, 176, 66, 141, 51, 109, 60, 46, 68, 110, 139, 191, 41, 193, 159, 22, 146, 103, 181, 42, 5, 96, 116, 105, 43, 192, 160, 48, 30, 54, 147, 104, 177, 10, 190, 4, 112, 156, 29, 126, 35, 11, 184, 28, 166, 77, 47, 65, 59, 118, 72, 162, 161, 194, 6, 173, 180, 158, 53, 136, 182, 121, 99, 189, 19, 100, 26, 97, 1, 101, 150, 120, 44, 25, 78, 145, 168, 31, 13, 16, 88, 171, 113, 56, 85]","[85, 13, 31, 157, 168, 78, 145, 179, 91, 169, 196, 81, 187, 174, 90, 107, 27, 39, 165, 8, 119, 40, 185, 106, 178, 3, 32, 138, 49, 102, 155, 144, 61, 62, 9, 128, 167, 111, 124, 94, 130, 12, 176, 66, 141, 51, 109, 72, 59, 118, 60, 46, 198, 139, 110, 191, 41, 193, 159, 22, 146, 103, 181, 192, 160, 48, 30, 54, 147, 104, 177, 10, 190, 4, 112, 156, 29, 126, 35, 11, 184, 28, 166, 77, 105, 116, 65, 47, 131, 149, 24, 161, 194, 6, 173, 180, 158, 53, 136, 182, 121, 99, 189, 19, 100, 26, 101, 150, 1, 97, 152, 74, 125, 87, 2, 82, 120, 44, 25, 16, 88, 171, 113, 56, 188, 85]","{'distance': {'initial': 19512, 'final': 18348}, 'objective': {'initial': 0, 'final': 7949}}",19512,18348,0,7949,25516,26297,19512,25516,0,18348,26297,413,TSPA
lab6,hae_op1_ls,85,764256717,796.572162,True,,"[85, 131, 14, 194, 15, 9, 6, 185, 152, 172, 29, 96, 16, 110, 115, 159, 134, 173, 198, 12, 160, 19, 2, 119, 39, 80, 18, 55, 65, 74, 40, 174, 42, 3, 127, 132, 191, 17, 51, 99, 100, 188, 104, 146, 120, 180, 32, 181, 171, 148, 105, 113, 53, 44, 168, 158, 91, 26, 22, 21, 63, 37, 187, 166, 43, 59, 165, 68, 61, 25, 179, 122, 138, 156, 28, 135, 92, 186, 75, 58, 81, 169, 0, 56, 20, 112, 50, 197, 151, 48, 103, 155, 147, 47, 178, 144, 154, 70, 34, 111, 85]","[138, 14, 155, 144, 102, 49, 128, 167, 111, 124, 94, 130, 12, 148, 37, 33, 9, 62, 61, 15, 64, 114, 186, 23, 76, 89, 183, 153, 0, 170, 117, 93, 140, 68, 110, 191, 139, 198, 46, 115, 96, 41, 193, 159, 195, 146, 103, 181, 192, 160, 48, 30, 54, 147, 104, 177, 10, 190, 184, 28, 166, 11, 84, 4, 112, 126, 156, 29, 24, 149, 131, 77, 105, 116, 65, 59, 118, 60, 141, 66, 51, 109, 72, 162, 161, 194, 6, 173, 180, 158, 53, 136, 182, 121, 99, 189, 19, 152, 74, 125, 87, 1, 97, 26, 100, 101, 150, 120, 44, 82, 92, 179, 91, 145, 78, 168, 31, 13, 56, 188, 157, 17, 196, 169, 81, 187, 174, 90, 107, 27, 39, 165, 8, 119, 40, 185, 106, 178, 3, 32, 138]","{'distance': {'initial': 173637, 'final': 21400}, 'objective': {'initial': -156561, 'final': 7814}}",173637,21400,-156561,7814,17076,29214,173637,17076,-156561,21400,29214,169,TSPA
lab6,hae_op2_ls,85,764256717,796.478073,True,,"[85, 131, 14, 194, 15, 9, 6, 185, 152, 172, 29, 96, 16, 110, 115, 159, 134, 173, 198, 12, 160, 19, 2, 119, 39, 80, 18, 55, 65, 74, 40, 174, 42, 3, 127, 132, 191, 17, 51, 99, 100, 188, 104, 146, 120, 180, 32, 181, 171, 148, 105, 113, 53, 44, 168, 158, 91, 26, 22, 21, 63, 37, 187, 166, 43, 59, 165, 68, 61, 25, 179, 122, 138, 156, 28, 135, 92, 186, 75, 58, 81, 169, 0, 56, 20, 112, 50, 197, 151, 48, 103, 155, 147, 47, 178, 144, 154, 70, 34, 111, 85]","[19, 189, 99, 121, 182, 136, 53, 158, 180, 173, 6, 194, 161, 162, 72, 59, 118, 109, 51, 66, 141, 60, 46, 198, 139, 110, 191, 115, 116, 65, 47, 105, 77, 131, 149, 24, 29, 156, 126, 112, 4, 84, 11, 166, 28, 184, 190, 10, 177, 104, 147, 54, 30, 48, 160, 192, 42, 5, 96, 41, 193, 159, 163, 69, 108, 67, 36, 140, 93, 117, 170, 0, 153, 183, 89, 76, 23, 186, 114, 64, 15, 12, 130, 94, 124, 111, 167, 148, 37, 33, 9, 62, 61, 144, 155, 14, 138, 32, 3, 178, 106, 185, 40, 119, 8, 165, 39, 95, 7, 164, 58, 71, 27, 107, 90, 187, 81, 174, 169, 196, 17, 157, 188, 56, 13, 31, 168, 78, 145, 91, 179, 92, 82, 44, 120, 2, 87, 125, 74, 152, 97, 1, 150, 101, 26, 100, 19]","{'distance': {'initial': 173637, 'final': 22365}, 'objective': {'initial': -156561, 'final': 7857}}",173637,22365,-156561,7857,17076,30222,173637,17076,-156561,22365,30222,192,TSPA
lab6,hae_op3_ls,85,764256717,794.917404,True,,"[85, 131, 14, 194, 15, 9, 6, 185, 152, 172, 29, 96, 16, 110, 115, 159, 134, 173, 198, 12, 160, 19, 2, 119, 39, 80, 18, 55, 65, 74, 40, 174, 42, 3, 127, 132, 191, 17, 51, 99, 100, 188, 104, 146, 120, 180, 32, 181, 171, 148, 105, 113, 53, 44, 168, 158, 91, 26, 22, 21, 63, 37, 187, 166, 43, 59, 165, 68, 61, 25, 179, 122, 138, 156, 28, 135, 92, 186, 75, 58, 81, 169, 0, 56, 20, 112, 50, 197, 151, 48, 103, 155, 147, 47, 178, 144, 154, 70, 34, 111, 85]","[180, 173, 6, 194, 161, 162, 72, 109, 51, 66, 141, 60, 118, 59, 65, 116, 105, 77, 131, 149, 24, 29, 156, 126, 112, 4, 84, 11, 166, 28, 184, 104, 147, 54, 30, 48, 160, 192, 181, 159, 193, 41, 96, 115, 198, 46, 68, 140, 93, 117, 170, 0, 153, 183, 89, 76, 23, 186, 114, 64, 15, 61, 62, 9, 33, 37, 148, 12, 130, 94, 124, 111, 167, 128, 49, 102, 144, 155, 14, 138, 32, 3, 178, 106, 52, 55, 179, 91, 185, 40, 119, 8, 165, 39, 95, 7, 164, 58, 71, 27, 107, 90, 174, 187, 81, 169, 196, 17, 157, 188, 56, 13, 31, 168, 145, 78, 25, 44, 120, 82, 2, 87, 125, 74, 152, 97, 1, 150, 101, 26, 100, 19, 189, 99, 121, 182, 136, 53, 158, 180]","{'distance': {'initial': 173637, 'final': 20922}, 'objective': {'initial': -156561, 'final': 7964}}",173637,20922,-156561,7964,17076,28886,173637,17076,-156561,20922,28886,383,TSPA
lab6,hae_op2_no_ls,85,764256717,794.234665,True,,"[85, 131, 14, 194, 15, 9, 6, 185, 152, 172, 29, 96, 16, 110, 115, 159, 134, 173, 198, 12, 160, 19, 2, 119, 39, 80, 18, 55, 65, 74, 40, 174, 42, 3, 127, 132, 191, 17, 51, 99, 100, 188, 104, 146, 120, 180, 32, 181, 171, 148, 105, 113, 53, 44, 168, 158, 91, 26, 22, 21, 63, 37, 187, 166, 43, 59, 165, 68, 61, 25, 179, 122, 138, 156, 28, 135, 92, 186, 75, 58, 81, 169, 0, 56, 20, 112, 50, 197, 151, 48, 103, 155, 147, 47, 178, 144, 154, 70, 34, 111, 85]","[180, 154, 6, 173, 133, 151, 72, 109, 51, 66, 141, 60, 46, 68, 110, 191, 139, 198, 115, 118, 59, 65, 116, 105, 47, 131, 149, 24, 29, 156, 126, 112, 35, 11, 84, 4, 190, 10, 177, 104, 147, 54, 30, 34, 103, 146, 181, 192, 160, 48, 184, 28, 166, 77, 43, 42, 5, 96, 41, 193, 159, 199, 18, 69, 108, 67, 163, 36, 140, 93, 117, 170, 0, 153, 183, 89, 76, 23, 83, 114, 64, 15, 9, 62, 61, 144, 155, 14, 138, 32, 3, 178, 106, 52, 55, 179, 91, 185, 40, 119, 8, 165, 39, 95, 7, 164, 58, 71, 27, 107, 90, 187, 81, 174, 169, 196, 17, 157, 188, 56, 13, 31, 168, 145, 78, 25, 44, 120, 82, 2, 150, 101, 100, 26, 97, 1, 152, 74, 125, 87, 167, 111, 124, 12, 130, 94, 19, 189, 99, 121, 182, 136, 53, 158, 180]","{'distance': {'initial': 173637, 'final': 24268}, 'objective': {'initial': -156561, 'final': 6945}}",173637,24268,-156561,6945,17076,31213,173637,17076,-156561,24268,31213,570,TSPA
lab6,hae_op3_no_ls,85,764256717,794.845816,True,,"[85, 131, 14, 194, 15, 9, 6, 185, 152, 172, 29, 96, 16, 110, 115, 159, 134, 173, 198, 12, 160, 19, 2, 119, 39, 80, 18, 55, 65, 74, 40, 174, 42, 3, 127, 132, 191, 17, 51, 99, 100, 188, 104, 146, 120, 180, 32, 181, 171, 148, 105, 113, 53, 44, 168, 158, 91, 26, 22, 21, 63, 37, 187, 166, 43, 59, 165, 68, 61, 25, 179, 122, 138, 156, 28, 135, 92, 186, 75, 58, 81, 169, 0, 56, 20, 112, 50, 197, 151, 48, 103, 155, 147, 47, 178, 144, 154, 70, 34, 111, 85]","[180, 154, 173, 6, 24, 149, 47, 65, 105, 77, 166, 28, 184, 11, 29, 156, 126, 112, 4, 190, 10, 177, 104, 147, 54, 30, 48, 160, 192, 181, 103, 146, 159, 193, 41, 191, 139, 110, 163, 69, 108, 67, 36, 140, 93, 68, 198, 115, 46, 60, 118, 59, 72, 109, 51, 141, 66, 23, 114, 64, 61, 9, 62, 144, 155, 138, 32, 3, 178, 106, 185, 40, 119, 8, 165, 39, 95, 7, 164, 58, 71, 27, 107, 90, 174, 187, 81, 169, 196, 17, 157, 188, 56, 13, 31, 168, 91, 179, 145, 78, 44, 120, 82, 2, 87, 125, 74, 152, 97, 1, 150, 101, 26, 100, 19, 189, 99, 121, 182, 136, 53, 158, 180]","{'distance': {'initial': 173637, 'final': 19853}, 'objective': {'initial': -156561, 'final': 7014}}",173637,19853,-156561,7014,17076,26867,173637,17076,-156561,19853,26867,596,TSPA
lab6,ils,85,1964499638,794.099646,True,,"[85, 56, 13, 31, 168, 145, 78, 25, 44, 120, 82, 2, 87, 1, 150, 101, 100, 26, 97, 152, 74, 167, 111, 124, 94, 19, 189, 99, 121, 182, 136, 53, 158, 180, 173, 6, 194, 161, 24, 149, 131, 47, 65, 116, 105, 77, 166, 11, 84, 4, 190, 10, 177, 104, 147, 54, 30, 48, 160, 184, 28, 42, 5, 96, 41, 193, 195, 103, 146, 22, 159, 163, 69, 108, 67, 36, 140, 93, 68, 110, 191, 139, 198, 46, 115, 59, 118, 60, 141, 66, 51, 109, 72, 151, 133, 63, 130, 12, 137, 23, 76, 183, 89, 83, 114, 64, 15, 61, 9, 62, 144, 155, 102, 49, 32, 138, 39, 165, 8, 185, 40, 119, 174, 187, 81, 169, 196, 17, 157, 188, 85]","[85, 56, 13, 31, 168, 91, 179, 145, 78, 25, 44, 120, 82, 2, 87, 125, 74, 152, 97, 1, 150, 101, 26, 100, 19, 189, 99, 121, 182, 136, 53, 158, 180, 173, 6, 194, 161, 24, 149, 131, 47, 65, 116, 105, 77, 166, 28, 184, 11, 84, 4, 190, 10, 177, 104, 147, 54, 30, 48, 160, 192, 42, 5, 96, 41, 193, 159, 195, 103, 146, 22, 20, 18, 69, 108, 67, 163, 36, 140, 93, 68, 110, 191, 139, 198, 46, 60, 141, 66, 51, 109, 118, 59, 72, 151, 133, 63, 94, 124, 130, 12, 137, 23, 186, 114, 64, 15, 9, 62, 61, 144, 155, 102, 49, 32, 138, 39, 165, 8, 185, 40, 119, 174, 187, 81, 169, 196, 17, 157, 188, 85]","{'distance': {'initial': 21702, 'final': 20043}, 'objective': {'initial': 0, 'final': 7391}}",21702,20043,0,7391,27746,27434,21702,27746,0,20043,27434,460,TSPA
lab6,lns,85,1964499638,794.937744,True,,"[85, 13, 31, 168, 157, 17, 196, 169, 81, 187, 174, 40, 119, 185, 8, 165, 39, 138, 32, 49, 102, 155, 144, 61, 62, 9, 128, 167, 111, 124, 12, 130, 94, 63, 133, 151, 51, 109, 141, 66, 176, 137, 23, 76, 89, 183, 143, 170, 0, 117, 93, 140, 36, 163, 67, 108, 69, 18, 199, 159, 195, 146, 103, 181, 192, 160, 28, 184, 48, 30, 54, 147, 104, 177, 10, 190, 4, 84, 11, 166, 77, 47, 65, 116, 105, 5, 96, 41, 193, 191, 110, 139, 198, 46, 60, 118, 59, 72, 162, 161, 194, 6, 173, 180, 158, 53, 136, 182, 121, 99, 189, 19, 100, 26, 97, 101, 150, 1, 152, 74, 125, 87, 2, 82, 120, 44, 25, 16, 88, 171, 113, 56, 188, 85]","[85, 13, 31, 168, 157, 17, 196, 169, 81, 187, 174, 119, 40, 185, 8, 165, 39, 138, 32, 14, 155, 144, 102, 49, 128, 167, 111, 124, 94, 130, 12, 148, 37, 33, 9, 62, 61, 15, 64, 114, 83, 23, 76, 89, 183, 153, 0, 170, 117, 93, 140, 36, 67, 108, 69, 163, 110, 191, 139, 198, 46, 115, 96, 41, 193, 159, 22, 146, 103, 181, 192, 160, 48, 30, 54, 147, 104, 177, 10, 190, 4, 84, 11, 184, 28, 166, 131, 149, 77, 105, 116, 65, 59, 118, 60, 141, 66, 51, 109, 72, 162, 161, 194, 6, 173, 180, 158, 53, 136, 182, 121, 99, 189, 19, 100, 26, 101, 150, 1, 97, 152, 74, 125, 87, 2, 82, 120, 44, 25, 16, 88, 171, 113, 56, 188, 85]","{'distance': {'initial': 21101, 'final': 20630}, 'objective': {'initial': 0, 'final': 7359}}",21101,20630,0,7359,27358,27989,21101,27358,0,20630,27989,376,TSPA
lab6,hae_op1_ls,85,1964499638,794.575599,True,,"[85, 180, 60, 22, 124, 135, 84, 159, 58, 87, 39, 25, 6, 13, 74, 72, 57, 12, 131, 0, 127, 16, 155, 89, 147, 152, 181, 150, 100, 167, 45, 122, 11, 103, 4, 24, 71, 62, 197, 185, 17, 111, 50, 113, 86, 157, 97, 67, 153, 36, 105, 138, 54, 162, 128, 174, 93, 56, 38, 104, 132, 133, 188, 76, 151, 139, 109, 191, 9, 195, 146, 120, 117, 101, 66, 77, 116, 158, 10, 18, 143, 80, 78, 63, 198, 130, 183, 187, 199, 142, 81, 184, 43, 140, 141, 126, 96, 136, 47, 64, 85]","[167, 111, 124, 94, 130, 12, 176, 66, 141, 60, 109, 51, 72, 59, 118, 115, 198, 46, 68, 93, 140, 36, 67, 108, 69, 163, 110, 139, 191, 41, 193, 159, 195, 146, 103, 181, 192, 160, 48, 30, 54, 147, 104, 177, 10, 190, 4, 112, 126, 156, 29, 35, 11, 184, 28, 166, 77, 105, 116, 65, 47, 131, 149, 24, 161, 194, 6, 173, 180, 158, 53, 136, 182, 121, 99, 189, 19, 100, 26, 101, 150, 1, 97, 152, 74, 125, 87, 2, 120, 44, 82, 92, 179, 91, 145, 78, 168, 31, 13, 56, 188, 157, 17, 196, 169, 81, 187, 174, 90, 107, 27, 39, 165, 119, 40, 185, 8, 138, 32, 3, 178, 49, 102, 155, 144, 61, 62, 9, 33, 37, 148, 167]","{'distance': {'initial': 158354, 'final': 19825}, 'objective': {'initial': -141620, 'final': 8097}}",158354,19825,-141620,8097,16734,27922,158354,16734,-141620,19825,27922,167,TSPA
lab6,hae_op2_ls,85,1964499638,796.460643,True,,"[85, 180, 60, 22, 124, 135, 84, 159, 58, 87, 39, 25, 6, 13, 74, 72, 57, 12, 131, 0, 127, 16, 155, 89, 147, 152, 181, 150, 100, 167, 45, 122, 11, 103, 4, 24, 71, 62, 197, 185, 17, 111, 50, 113, 86, 157, 97, 67, 153, 36, 105, 138, 54, 162, 128, 174, 93, 56, 38, 104, 132, 133, 188, 76, 151, 139, 109, 191, 9, 195, 146, 120, 117, 101, 66, 77, 116, 158, 10, 18, 143, 80, 78, 63, 198, 130, 183, 187, 199, 142, 81, 184, 43, 140, 141, 126, 96, 136, 47, 64, 85]","[48, 160, 192, 181, 103, 146, 195, 159, 193, 41, 191, 110, 139, 198, 46, 68, 163, 69, 108, 67, 36, 140, 93, 117, 170, 0, 153, 183, 89, 76, 23, 186, 114, 64, 15, 148, 37, 33, 9, 62, 61, 144, 155, 102, 49, 178, 3, 32, 138, 8, 165, 39, 95, 7, 164, 58, 71, 27, 107, 90, 119, 40, 174, 187, 81, 169, 196, 17, 157, 188, 56, 13, 31, 168, 145, 78, 25, 44, 120, 82, 92, 179, 91, 55, 52, 128, 167, 111, 124, 12, 130, 94, 189, 19, 152, 74, 125, 87, 150, 101, 1, 97, 26, 100, 99, 121, 182, 136, 53, 158, 180, 173, 6, 194, 161, 162, 72, 109, 51, 66, 141, 60, 118, 59, 116, 65, 47, 105, 77, 131, 149, 24, 29, 156, 126, 112, 4, 84, 11, 166, 28, 184, 104, 147, 54, 30, 48]","{'distance': {'initial': 158354, 'final': 22369}, 'objective': {'initial': -141620, 'final': 7830}}",158354,22369,-141620,7830,16734,30199,158354,16734,-141620,22369,30199,188,TSPA
lab6,hae_op3_ls,85,1964499638,795.573346,True,,"[85, 180, 60, 22, 124, 135, 84, 159, 58, 87, 39, 25, 6, 13, 74, 72, 57, 12, 131, 0, 127, 16, 155, 89, 147, 152, 181, 150, 100, 167, 45, 122, 11, 103, 4, 24, 71, 62, 197, 185, 17, 111, 50, 113, 86, 157, 97, 67, 153, 36, 105, 138, 54, 162, 128, 174, 93, 56, 38, 104, 132, 133, 188, 76, 151, 139, 109, 191, 9, 195, 146, 120, 117, 101, 66, 77, 116, 158, 10, 18, 143, 80, 78, 63, 198, 130, 183, 187, 199, 142, 81, 184, 43, 140, 141, 126, 96, 136, 47, 64, 85]","[145, 78, 25, 44, 120, 82, 2, 87, 125, 74, 152, 97, 1, 150, 101, 26, 100, 19, 189, 99, 121, 182, 136, 53, 158, 180, 173, 6, 194, 161, 162, 72, 118, 59, 65, 116, 105, 77, 166, 28, 184, 11, 84, 4, 190, 10, 177, 104, 147, 54, 30, 48, 160, 192, 181, 103, 146, 195, 159, 193, 41, 96, 115, 198, 139, 191, 110, 163, 69, 108, 67, 36, 140, 93, 68, 46, 60, 109, 51, 141, 66, 176, 12, 130, 94, 124, 111, 167, 148, 37, 33, 9, 62, 61, 144, 155, 102, 49, 178, 3, 32, 138, 8, 185, 40, 119, 165, 39, 27, 107, 90, 174, 187, 81, 169, 196, 17, 157, 188, 56, 13, 31, 168, 91, 179, 145]","{'distance': {'initial': 158354, 'final': 18962}, 'objective': {'initial': -141620, 'final': 8083}}",158354,18962,-141620,8083,16734,27045,158354,16734,-141620,18962,27045,420,TSPA
lab6,hae_op2_no_ls,85,1964499638,794.156596,True,,"[85, 180, 60, 22, 124, 135, 84, 159, 58, 87, 39, 25, 6, 13, 74, 72, 57, 12, 131, 0, 127, 16, 155, 89, 147, 152, 181, 150, 100, 167, 45, 122, 11, 103, 4, 24, 71, 62, 197, 185, 17, 111, 50, 113, 86, 157, 97, 67, 153, 36, 105, 138, 54, 162, 128, 174, 93, 56, 38, 104, 132, 133, 188, 76, 151, 139, 109, 191, 9, 195, 146, 120, 117, 101, 66, 77, 116, 158, 10, 18, 143, 80, 78, 63, 198, 130, 183, 187, 199, 142, 81, 184, 43, 140, 141, 126, 96, 136, 47, 64, 85]","[4, 112, 126, 156, 29, 24, 149, 131, 77, 105, 47, 65, 116, 5, 96, 41, 193, 191, 110, 139, 198, 46, 60, 141, 66, 51, 109, 118, 59, 72, 162, 161, 194, 6, 173, 180, 158, 53, 136, 182, 121, 99, 100, 26, 97, 1, 101, 150, 120, 44, 25, 16, 88, 171, 113, 56, 13, 31, 85, 188, 157, 17, 81, 187, 174, 90, 107, 27, 71, 58, 164, 7, 95, 39, 165, 8, 185, 119, 40, 169, 196, 91, 179, 145, 168, 78, 82, 2, 87, 125, 74, 152, 19, 189, 94, 130, 12, 124, 111, 167, 148, 37, 33, 9, 62, 102, 49, 32, 138, 14, 155, 144, 61, 15, 64, 114, 186, 23, 76, 89, 183, 143, 170, 0, 117, 93, 140, 36, 163, 67, 108, 69, 18, 199, 159, 195, 146, 103, 34, 30, 54, 147, 48, 160, 184, 28, 166, 11, 84, 4]","{'distance': {'initial': 158354, 'final': 23077}, 'objective': {'initial': -141620, 'final': 7410}}",158354,23077,-141620,7410,16734,30487,158354,16734,-141620,23077,30487,491,TSPA
lab6,hae_op3_no_ls,85,1964499638,794.030037,True,,"[85, 180, 60, 22, 124, 135, 84, 159, 58, 87, 39, 25, 6, 13, 74, 72, 57, 12, 131, 0, 127, 16, 155, 89, 147, 152, 181, 150, 100, 167, 45, 122, 11, 103, 4, 24, 71, 62, 197, 185, 17, 111, 50, 113, 86, 157, 97, 67, 153, 36, 105, 138, 54, 162, 128, 174, 93, 56, 38, 104, 132, 133, 188, 76, 151, 139, 109, 191, 9, 195, 146, 120, 117, 101, 66, 77, 116, 158, 10, 18, 143, 80, 78, 63, 198, 130, 183, 187, 199, 142, 81, 184, 43, 140, 141, 126, 96, 136, 47, 64, 85]","[4, 112, 126, 156, 29, 24, 149, 131, 77, 105, 47, 65, 116, 5, 96, 41, 193, 191, 110, 139, 198, 46, 60, 141, 66, 51, 109, 118, 59, 72, 162, 161, 194, 6, 173, 180, 158, 53, 136, 182, 121, 99, 100, 26, 97, 1, 101, 150, 120, 44, 25, 16, 88, 171, 113, 56, 13, 31, 85, 188, 157, 17, 81, 187, 174, 90, 107, 27, 71, 58, 164, 7, 95, 39, 165, 8, 185, 119, 40, 169, 196, 91, 179, 145, 168, 78, 82, 2, 87, 125, 74, 152, 19, 189, 94, 130, 12, 124, 111, 167, 148, 37, 33, 9, 62, 102, 49, 32, 138, 14, 155, 144, 61, 15, 64, 114, 186, 23, 76, 89, 183, 143, 170, 0, 117, 93, 140, 36, 163, 67, 108, 69, 18, 199, 159, 195, 146, 103, 34, 30, 54, 147, 48, 160, 184, 28, 166, 11, 84, 4]","{'distance': {'initial': 158354, 'final': 23077}, 'objective': {'initial': -141620, 'final': 7410}}",158354,23077,-141620,7410,16734,30487,158354,16734,-141620,23077,30487,482,TSPA
lab6,ils,85,1946045837,794.988124,True,,"[85, 188, 157, 17, 196, 169, 81, 187, 174, 90, 107, 27, 39, 165, 119, 40, 185, 8, 106, 178, 3, 32, 138, 95, 58, 164, 7, 21, 132, 73, 64, 114, 186, 23, 137, 176, 66, 141, 60, 109, 51, 72, 118, 59, 116, 65, 47, 105, 77, 43, 42, 5, 96, 115, 198, 46, 68, 93, 140, 36, 163, 67, 108, 69, 18, 199, 193, 41, 159, 22, 146, 103, 181, 192, 160, 48, 30, 54, 147, 104, 177, 10, 190, 4, 84, 11, 184, 28, 166, 131, 149, 24, 112, 126, 156, 29, 127, 70, 6, 194, 161, 162, 133, 63, 130, 12, 124, 94, 19, 189, 99, 121, 182, 136, 180, 158, 53, 100, 26, 101, 150, 1, 97, 152, 74, 125, 87, 2, 120, 44, 82, 78, 145, 179, 91, 168, 31, 13, 56, 85]","[85, 188, 157, 17, 196, 169, 81, 187, 174, 119, 40, 185, 106, 178, 3, 32, 138, 8, 165, 39, 90, 107, 27, 71, 58, 164, 7, 21, 132, 73, 64, 114, 186, 23, 137, 176, 66, 141, 60, 109, 51, 72, 118, 59, 65, 116, 105, 77, 43, 42, 5, 96, 115, 198, 46, 68, 93, 140, 36, 67, 108, 69, 163, 110, 139, 191, 41, 193, 159, 195, 146, 103, 181, 192, 160, 48, 30, 54, 147, 104, 177, 10, 190, 4, 84, 11, 184, 28, 166, 131, 149, 24, 112, 126, 156, 29, 127, 70, 6, 194, 161, 162, 133, 63, 130, 12, 148, 37, 33, 9, 62, 61, 144, 155, 102, 49, 128, 167, 111, 124, 94, 19, 189, 99, 121, 182, 136, 180, 158, 53, 100, 26, 101, 150, 1, 97, 152, 74, 125, 87, 2, 120, 44, 82, 92, 179, 91, 145, 78, 168, 31, 13, 56, 85]","{'distance': {'initial': 23452, 'final': 24836}, 'objective': {'initial': 0, 'final': 6610}}",23452,24836,0,6610,28955,31446,23452,28955,0,24836,31446,437,TSPA
lab6,lns,85,1946045837,794.744827,True,,"[85, 56, 13, 31, 168, 145, 78, 82, 44, 120, 150, 101, 1, 97, 26, 100, 99, 121, 182, 136, 53, 158, 180, 173, 6, 194, 161, 162, 133, 80, 176, 66, 141, 51, 109, 60, 118, 59, 72, 149, 131, 77, 105, 47, 65, 116, 43, 28, 166, 11, 184, 190, 10, 177, 104, 147, 54, 30, 48, 160, 192, 181, 103, 146, 22, 199, 18, 69, 108, 67, 163, 159, 193, 41, 96, 115, 198, 46, 68, 140, 93, 117, 170, 0, 153, 183, 89, 76, 23, 186, 114, 64, 15, 61, 62, 9, 33, 37, 148, 167, 111, 124, 12, 130, 94, 189, 19, 152, 74, 125, 87, 129, 92, 179, 91, 55, 52, 106, 178, 3, 32, 138, 49, 102, 155, 144, 132, 21, 7, 164, 58, 95, 39, 165, 8, 185, 119, 40, 174, 187, 81, 169, 196, 17, 157, 188, 85]","[85, 56, 13, 31, 168, 91, 179, 145, 78, 25, 44, 120, 82, 2, 87, 125, 74, 152, 97, 1, 150, 101, 26, 100, 19, 189, 99, 121, 182, 136, 53, 158, 180, 173, 6, 194, 161, 162, 72, 109, 51, 66, 141, 60, 118, 59, 65, 116, 105, 77, 149, 131, 166, 28, 184, 11, 84, 4, 190, 10, 177, 104, 147, 54, 30, 48, 160, 192, 181, 103, 146, 22, 159, 193, 41, 96, 115, 46, 198, 139, 191, 110, 163, 69, 108, 67, 36, 140, 93, 117, 170, 0, 153, 183, 89, 76, 23, 186, 114, 64, 15, 61, 62, 9, 33, 37, 148, 12, 130, 94, 124, 111, 167, 128, 178, 3, 32, 138, 49, 102, 155, 144, 132, 21, 7, 164, 58, 95, 39, 165, 8, 185, 119, 40, 174, 187, 81, 169, 196, 17, 157, 188, 85]","{'distance': {'initial': 23608, 'final': 21933}, 'objective': {'initial': 0, 'final': 7529}}",23608,21933,0,7529,29981,29462,23608,29981,0,21933,29462,291,TSPA
lab6,hae_op1_ls,85,1946045837,797.615737,True,,"[85, 49, 95, 70, 148, 129, 56, 21, 170, 193, 12, 69, 111, 162, 11, 182, 76, 40, 142, 23, 177, 72, 50, 106, 45, 81, 15, 36, 169, 196, 132, 125, 6, 131, 1, 154, 119, 41, 153, 160, 199, 168, 80, 124, 161, 8, 102, 166, 96, 126, 68, 94, 117, 100, 103, 133, 188, 120, 197, 179, 175, 78, 152, 29, 24, 67, 176, 115, 16, 178, 19, 157, 82, 17, 28, 108, 105, 90, 158, 43, 46, 190, 53, 42, 92, 89, 38, 163, 185, 93, 147, 13, 3, 2, 39, 136, 22, 114, 145, 47, 85]","[139, 191, 110, 142, 159, 193, 41, 96, 115, 60, 141, 66, 51, 109, 118, 59, 72, 162, 161, 24, 149, 131, 47, 65, 116, 105, 77, 166, 11, 184, 28, 192, 160, 48, 30, 54, 147, 104, 177, 10, 190, 4, 112, 126, 156, 29, 127, 194, 6, 173, 180, 158, 53, 136, 182, 121, 99, 189, 19, 100, 26, 97, 101, 150, 1, 152, 74, 125, 87, 2, 120, 44, 82, 92, 179, 91, 145, 78, 168, 31, 13, 56, 188, 157, 17, 196, 169, 81, 187, 174, 90, 107, 27, 39, 165, 8, 119, 40, 185, 106, 178, 3, 32, 138, 14, 155, 144, 102, 49, 128, 167, 111, 124, 94, 130, 12, 148, 37, 33, 9, 62, 61, 15, 64, 114, 186, 23, 76, 89, 183, 153, 0, 170, 117, 93, 140, 36, 67, 108, 69, 163, 68, 46, 198, 139]","{'distance': {'initial': 167398, 'final': 22089}, 'objective': {'initial': -149603, 'final': 7778}}",167398,22089,-149603,7778,17795,29867,167398,17795,-149603,22089,29867,158,TSPA
lab6,hae_op2_ls,85,1946045837,794.089906,True,,"[85, 49, 95, 70, 148, 129, 56, 21, 170, 193, 12, 69, 111, 162, 11, 182, 76, 40, 142, 23, 177, 72, 50, 106, 45, 81, 15, 36, 169, 196, 132, 125, 6, 131, 1, 154, 119, 41, 153, 160, 199, 168, 80, 124, 161, 8, 102, 166, 96, 126, 68, 94, 117, 100, 103, 133, 188, 120, 197, 179, 175, 78, 152, 29, 24, 67, 176, 115, 16, 178, 19, 157, 82, 17, 28, 108, 105, 90, 158, 43, 46, 190, 53, 42, 92, 89, 38, 163, 185, 93, 147, 13, 3, 2, 39, 136, 22, 114, 145, 47, 85]","[72, 162, 161, 194, 6, 173, 180, 158, 53, 136, 182, 121, 99, 100, 26, 97, 1, 101, 150, 87, 125, 74, 152, 19, 189, 94, 130, 12, 124, 111, 148, 37, 33, 167, 172, 129, 82, 120, 44, 25, 78, 145, 179, 91, 168, 31, 13, 56, 188, 157, 17, 196, 169, 81, 187, 174, 90, 107, 27, 39, 165, 8, 119, 40, 185, 106, 178, 3, 32, 138, 14, 155, 144, 49, 102, 62, 9, 61, 15, 64, 114, 186, 23, 76, 89, 183, 153, 0, 170, 117, 93, 140, 36, 163, 67, 108, 69, 18, 199, 159, 195, 146, 103, 181, 192, 160, 48, 30, 54, 147, 104, 184, 28, 166, 11, 84, 4, 112, 126, 156, 29, 24, 149, 131, 47, 65, 116, 105, 77, 43, 42, 5, 96, 41, 193, 115, 198, 46, 60, 141, 66, 51, 109, 118, 59, 72]","{'distance': {'initial': 167398, 'final': 21971}, 'objective': {'initial': -149603, 'final': 7618}}",167398,21971,-149603,7618,17795,29589,167398,17795,-149603,21971,29589,189,TSPA
lab6,hae_op3_ls,85,1946045837,794.299513,True,,"[85, 49, 95, 70, 148, 129, 56, 21, 170, 193, 12, 69, 111, 162, 11, 182, 76, 40, 142, 23, 177, 72, 50, 106, 45, 81, 15, 36, 169, 196, 132, 125, 6, 131, 1, 154, 119, 41, 153, 160, 199, 168, 80, 124, 161, 8, 102, 166, 96, 126, 68, 94, 117, 100, 103, 133, 188, 120, 197, 179, 175, 78, 152, 29, 24, 67, 176, 115, 16, 178, 19, 157, 82, 17, 28, 108, 105, 90, 158, 43, 46, 190, 53, 42, 92, 89, 38, 163, 185, 93, 147, 13, 3, 2, 39, 136, 22, 114, 145, 47, 85]","[44, 120, 82, 78, 168, 145, 179, 91, 55, 52, 106, 178, 3, 128, 167, 111, 124, 12, 130, 94, 189, 19, 152, 74, 125, 87, 1, 150, 101, 97, 26, 100, 99, 121, 182, 136, 53, 158, 180, 173, 6, 194, 161, 162, 72, 51, 109, 118, 59, 65, 116, 105, 77, 131, 149, 24, 29, 156, 126, 112, 4, 84, 11, 166, 28, 184, 104, 147, 54, 30, 48, 160, 192, 42, 5, 96, 41, 193, 159, 199, 18, 69, 108, 67, 163, 36, 140, 93, 68, 46, 60, 141, 66, 176, 137, 23, 186, 114, 64, 15, 9, 62, 61, 144, 155, 102, 49, 32, 138, 95, 7, 164, 58, 71, 27, 107, 90, 39, 165, 8, 185, 119, 40, 174, 187, 81, 169, 196, 17, 157, 188, 85, 31, 13, 56, 113, 171, 88, 16, 25, 44]","{'distance': {'initial': 167398, 'final': 21545}, 'objective': {'initial': -149603, 'final': 7831}}",167398,21545,-149603,7831,17795,29376,167398,17795,-149603,21545,29376,373,TSPA
lab6,hae_op2_no_ls,85,1946045837,794.928115,True,,"[85, 49, 95, 70, 148, 129, 56, 21, 170, 193, 12, 69, 111, 162, 11, 182, 76, 40, 142, 23, 177, 72, 50, 106, 45, 81, 15, 36, 169, 196, 132, 125, 6, 131, 1, 154, 119, 41, 153, 160, 199, 168, 80, 124, 161, 8, 102, 166, 96, 126, 68, 94, 117, 100, 103, 133, 188, 120, 197, 179, 175, 78, 152, 29, 24, 67, 176, 115, 16, 178, 19, 157, 82, 17, 28, 108, 105, 90, 158, 43, 46, 190, 53, 42, 92, 89, 38, 163, 185, 93, 147, 13, 3, 2, 39, 136, 22, 114, 145, 47, 85]","[76, 153, 0, 170, 117, 93, 140, 36, 163, 67, 108, 69, 18, 199, 22, 146, 103, 195, 159, 193, 41, 96, 5, 42, 192, 160, 48, 30, 54, 147, 104, 184, 28, 166, 11, 131, 149, 77, 105, 116, 65, 59, 72, 118, 60, 109, 51, 141, 66, 176, 12, 130, 124, 94, 19, 189, 99, 121, 182, 136, 180, 173, 6, 154, 158, 53, 100, 26, 101, 150, 1, 97, 152, 74, 125, 87, 2, 82, 120, 44, 25, 78, 145, 168, 31, 13, 56, 188, 157, 17, 196, 169, 174, 81, 187, 90, 107, 27, 71, 58, 164, 7, 95, 39, 165, 8, 119, 40, 185, 91, 179, 55, 52, 106, 178, 3, 32, 138, 14, 155, 144, 61, 62, 9, 128, 167, 111, 148, 37, 33, 15, 64, 114, 186, 23, 89, 183, 76]","{'distance': {'initial': 167398, 'final': 20994}, 'objective': {'initial': -149603, 'final': 7197}}",167398,20994,-149603,7197,17795,28191,167398,17795,-149603,20994,28191,556,TSPA
lab6,hae_op3_no_ls,85,1946045837,794.162305,True,,"[85, 49, 95, 70, 148, 129, 56, 21, 170, 193, 12, 69, 111, 162, 11, 182, 76, 40, 142, 23, 177, 72, 50, 106, 45, 81, 15, 36, 169, 196, 132, 125, 6, 131, 1, 154, 119, 41, 153, 160, 199, 168, 80, 124, 161, 8, 102, 166, 96, 126, 68, 94, 117, 100, 103, 133, 188, 120, 197, 179, 175, 78, 152, 29, 24, 67, 176, 115, 16, 178, 19, 157, 82, 17, 28, 108, 105, 90, 158, 43, 46, 190, 53, 42, 92, 89, 38, 163, 185, 93, 147, 13, 3, 2, 39, 136, 22, 114, 145, 47, 85]","[76, 153, 0, 170, 117, 93, 140, 36, 163, 67, 108, 69, 18, 199, 22, 146, 103, 195, 159, 193, 41, 96, 5, 42, 192, 160, 48, 30, 54, 147, 104, 184, 28, 166, 11, 131, 149, 77, 105, 116, 65, 59, 72, 118, 60, 109, 51, 141, 66, 176, 12, 130, 124, 94, 19, 189, 99, 121, 182, 136, 180, 173, 6, 154, 158, 53, 100, 26, 101, 150, 1, 97, 152, 74, 125, 87, 2, 82, 120, 44, 25, 78, 145, 168, 31, 13, 56, 188, 157, 17, 196, 169, 174, 81, 187, 90, 107, 27, 71, 58, 164, 7, 95, 39, 165, 8, 119, 40, 185, 91, 179, 55, 52, 106, 178, 3, 32, 138, 14, 155, 144, 61, 62, 9, 128, 167, 111, 148, 37, 33, 15, 64, 114, 186, 23, 89, 183, 76]","{'distance': {'initial': 167398, 'final': 20994}, 'objective': {'initial': -149603, 'final': 7197}}",167398,20994,-149603,7197,17795,28191,167398,17795,-149603,20994,28191,599,TSPA
lab6,ils,85,1537573762,794.955504,True,,"[85, 188, 56, 13, 171, 88, 16, 168, 145, 78, 25, 44, 120, 82, 92, 179, 91, 185, 40, 119, 165, 8, 138, 32, 3, 178, 49, 102, 62, 9, 33, 37, 148, 111, 167, 87, 125, 74, 152, 97, 1, 150, 101, 26, 100, 19, 189, 99, 121, 182, 136, 53, 158, 180, 173, 6, 194, 161, 162, 72, 59, 118, 109, 51, 66, 141, 60, 46, 198, 139, 191, 110, 142, 159, 193, 41, 96, 5, 105, 116, 65, 47, 149, 131, 77, 166, 28, 184, 11, 35, 29, 156, 126, 112, 4, 190, 10, 177, 104, 147, 54, 30, 48, 160, 192, 181, 103, 146, 22, 20, 18, 69, 108, 67, 163, 36, 140, 93, 117, 0, 170, 143, 183, 89, 76, 23, 83, 114, 64, 15, 61, 155, 144, 132, 21, 7, 164, 58, 71, 27, 107, 90, 187, 81, 174, 169, 196, 17, 157, 31, 85]","[85, 56, 13, 31, 168, 145, 78, 25, 44, 120, 82, 92, 179, 91, 185, 40, 119, 165, 8, 138, 32, 3, 178, 49, 102, 62, 9, 33, 37, 148, 111, 167, 87, 125, 74, 152, 97, 1, 150, 101, 26, 100, 19, 189, 99, 121, 182, 136, 53, 158, 180, 173, 6, 194, 161, 162, 72, 59, 118, 109, 51, 66, 141, 60, 46, 198, 139, 191, 110, 142, 159, 193, 41, 96, 5, 116, 65, 47, 105, 77, 166, 28, 184, 11, 35, 126, 29, 156, 112, 4, 190, 10, 177, 104, 147, 54, 30, 48, 160, 192, 181, 103, 146, 22, 20, 18, 69, 108, 67, 163, 36, 140, 93, 117, 170, 0, 153, 183, 89, 76, 23, 186, 114, 64, 15, 61, 155, 144, 132, 21, 7, 164, 58, 71, 27, 107, 90, 174, 187, 81, 169, 196, 17, 157, 188, 85]","{'distance': {'initial': 23465, 'final': 22347}, 'objective': {'initial': 0, 'final': 7463}}",23465,22347,0,7463,30624,29810,23465,30624,0,22347,29810,434,TSPA
lab6,lns,85,1537573762,795.999319,True,,"[85, 188, 157, 17, 196, 169, 174, 81, 187, 90, 107, 27, 71, 58, 164, 7, 95, 39, 165, 8, 119, 40, 185, 106, 178, 3, 32, 138, 14, 155, 144, 61, 62, 9, 37, 33, 167, 111, 148, 15, 64, 114, 83, 23, 76, 89, 183, 143, 170, 0, 46, 68, 93, 140, 36, 67, 108, 69, 163, 110, 139, 191, 41, 193, 159, 195, 146, 103, 181, 192, 160, 28, 166, 11, 184, 48, 30, 54, 147, 104, 177, 10, 190, 4, 112, 126, 156, 29, 24, 149, 131, 77, 47, 65, 105, 116, 59, 118, 60, 141, 66, 51, 109, 72, 162, 161, 194, 6, 173, 180, 158, 53, 136, 182, 121, 99, 189, 19, 100, 26, 101, 150, 1, 97, 152, 74, 125, 87, 2, 82, 120, 44, 25, 78, 145, 168, 31, 13, 16, 88, 171, 113, 56, 85]","[85, 31, 13, 56, 113, 171, 88, 16, 168, 91, 179, 145, 78, 25, 44, 120, 82, 2, 87, 125, 74, 152, 97, 1, 150, 101, 26, 100, 19, 189, 99, 121, 182, 136, 53, 158, 180, 173, 6, 194, 161, 162, 72, 109, 51, 66, 141, 60, 118, 59, 65, 116, 105, 77, 131, 149, 24, 29, 156, 126, 112, 4, 84, 11, 166, 28, 184, 190, 10, 177, 104, 147, 54, 30, 48, 160, 192, 181, 103, 146, 195, 159, 193, 41, 96, 115, 46, 198, 139, 191, 110, 163, 69, 108, 67, 36, 140, 93, 117, 170, 0, 153, 183, 89, 76, 23, 83, 114, 64, 15, 12, 130, 94, 124, 111, 167, 148, 37, 33, 9, 62, 61, 144, 155, 102, 49, 178, 3, 32, 138, 8, 185, 40, 119, 165, 39, 95, 7, 164, 58, 71, 27, 107, 90, 174, 187, 81, 169, 196, 17, 157, 188, 85]","{'distance': {'initial': 21990, 'final': 23337}, 'objective': {'initial': 0, 'final': 8159}}",21990,23337,0,8159,29419,31496,21990,29419,0,23337,31496,274,TSPA
lab6,hae_op1_ls,85,1537573762,794.705158,True,,"[85, 84, 136, 112, 77, 178, 181, 145, 95, 13, 186, 83, 161, 10, 59, 92, 4, 30, 197, 96, 87, 171, 69, 129, 82, 105, 131, 191, 101, 60, 56, 33, 159, 141, 73, 61, 57, 182, 76, 132, 165, 155, 168, 78, 194, 62, 175, 7, 18, 2, 42, 110, 149, 162, 183, 119, 153, 198, 135, 54, 94, 108, 88, 113, 152, 14, 167, 32, 148, 51, 47, 3, 40, 6, 120, 9, 134, 116, 187, 8, 126, 46, 27, 188, 28, 143, 50, 36, 146, 190, 34, 117, 58, 164, 93, 19, 163, 114, 111, 169, 85]","[32, 49, 102, 144, 155, 14, 138, 8, 165, 39, 27, 107, 90, 174, 187, 81, 196, 169, 40, 119, 185, 91, 179, 145, 78, 168, 157, 188, 85, 31, 13, 56, 113, 171, 88, 16, 25, 44, 120, 82, 2, 87, 125, 74, 152, 1, 150, 101, 97, 26, 100, 19, 189, 99, 121, 182, 136, 53, 158, 180, 173, 6, 194, 161, 162, 47, 65, 116, 105, 77, 131, 149, 24, 29, 156, 126, 112, 4, 84, 11, 166, 28, 184, 104, 147, 54, 30, 48, 160, 192, 181, 103, 146, 195, 159, 193, 41, 96, 115, 198, 139, 191, 110, 163, 69, 108, 67, 36, 140, 93, 68, 46, 60, 118, 59, 72, 109, 51, 141, 66, 176, 137, 23, 76, 183, 89, 83, 114, 64, 15, 61, 62, 9, 33, 37, 148, 12, 130, 94, 124, 111, 167, 128, 178, 3, 32]","{'distance': {'initial': 158589, 'final': 22467}, 'objective': {'initial': -140750, 'final': 7706}}",158589,22467,-140750,7706,17839,30173,158589,17839,-140750,22467,30173,159,TSPA
lab6,hae_op2_ls,85,1537573762,797.33129,True,,"[85, 84, 136, 112, 77, 178, 181, 145, 95, 13, 186, 83, 161, 10, 59, 92, 4, 30, 197, 96, 87, 171, 69, 129, 82, 105, 131, 191, 101, 60, 56, 33, 159, 141, 73, 61, 57, 182, 76, 132, 165, 155, 168, 78, 194, 62, 175, 7, 18, 2, 42, 110, 149, 162, 183, 119, 153, 198, 135, 54, 94, 108, 88, 113, 152, 14, 167, 32, 148, 51, 47, 3, 40, 6, 120, 9, 134, 116, 187, 8, 126, 46, 27, 188, 28, 143, 50, 36, 146, 190, 34, 117, 58, 164, 93, 19, 163, 114, 111, 169, 85]","[29, 156, 126, 112, 4, 84, 11, 166, 28, 184, 104, 147, 54, 30, 48, 160, 192, 42, 5, 96, 41, 193, 159, 163, 69, 108, 67, 36, 140, 93, 68, 46, 60, 109, 51, 141, 66, 176, 12, 130, 94, 124, 111, 167, 148, 37, 33, 9, 62, 61, 144, 155, 102, 49, 138, 32, 3, 178, 106, 185, 40, 119, 8, 165, 39, 27, 107, 90, 174, 187, 81, 196, 169, 91, 179, 145, 78, 168, 157, 188, 85, 31, 13, 56, 113, 171, 88, 16, 25, 44, 120, 82, 2, 87, 125, 74, 152, 97, 1, 150, 101, 26, 100, 19, 189, 99, 121, 182, 136, 53, 158, 180, 173, 6, 194, 161, 162, 72, 118, 59, 65, 116, 105, 77, 131, 149, 24, 29]","{'distance': {'initial': 158589, 'final': 18884}, 'objective': {'initial': -140750, 'final': 7982}}",158589,18884,-140750,7982,17839,26866,158589,17839,-140750,18884,26866,204,TSPA
lab6,hae_op3_ls,85,1537573762,795.400558,True,,"[85, 84, 136, 112, 77, 178, 181, 145, 95, 13, 186, 83, 161, 10, 59, 92, 4, 30, 197, 96, 87, 171, 69, 129, 82, 105, 131, 191, 101, 60, 56, 33, 159, 141, 73, 61, 57, 182, 76, 132, 165, 155, 168, 78, 194, 62, 175, 7, 18, 2, 42, 110, 149, 162, 183, 119, 153, 198, 135, 54, 94, 108, 88, 113, 152, 14, 167, 32, 148, 51, 47, 3, 40, 6, 120, 9, 134, 116, 187, 8, 126, 46, 27, 188, 28, 143, 50, 36, 146, 190, 34, 117, 58, 164, 93, 19, 163, 114, 111, 169, 85]","[116, 5, 96, 41, 193, 159, 163, 69, 108, 67, 36, 140, 93, 68, 110, 191, 139, 198, 46, 60, 118, 59, 72, 109, 51, 141, 66, 176, 12, 130, 94, 124, 111, 167, 148, 37, 33, 9, 62, 61, 144, 155, 14, 138, 32, 3, 178, 106, 185, 40, 119, 8, 165, 39, 95, 7, 164, 58, 71, 27, 107, 90, 174, 187, 81, 196, 169, 91, 179, 145, 78, 168, 157, 188, 85, 31, 13, 56, 113, 171, 88, 16, 25, 44, 120, 82, 2, 87, 125, 74, 152, 97, 1, 150, 101, 26, 100, 19, 189, 99, 121, 182, 136, 53, 158, 180, 173, 6, 194, 161, 24, 29, 156, 126, 112, 4, 190, 10, 177, 104, 147, 54, 30, 48, 160, 192, 28, 184, 11, 166, 77, 105, 47, 65, 116]","{'distance': {'initial': 158589, 'final': 20084}, 'objective': {'initial': -140750, 'final': 8289}}",158589,20084,-140750,8289,17839,28373,158589,17839,-140750,20084,28373,368,TSPA
lab6,hae_op2_no_ls,85,1537573762,794.590389,True,,"[85, 84, 136, 112, 77, 178, 181, 145, 95, 13, 186, 83, 161, 10, 59, 92, 4, 30, 197, 96, 87, 171, 69, 129, 82, 105, 131, 191, 101, 60, 56, 33, 159, 141, 73, 61, 57, 182, 76, 132, 165, 155, 168, 78, 194, 62, 175, 7, 18, 2, 42, 110, 149, 162, 183, 119, 153, 198, 135, 54, 94, 108, 88, 113, 152, 14, 167, 32, 148, 51, 47, 3, 40, 6, 120, 9, 134, 116, 187, 8, 126, 46, 27, 188, 28, 143, 50, 36, 146, 190, 34, 117, 58, 164, 93, 19, 163, 114, 111, 169, 85]","[64, 114, 83, 89, 183, 76, 23, 137, 176, 66, 141, 51, 109, 60, 118, 59, 72, 162, 161, 24, 149, 131, 47, 65, 116, 105, 77, 43, 42, 5, 96, 115, 198, 46, 68, 93, 140, 36, 67, 108, 69, 163, 110, 139, 191, 41, 193, 159, 195, 146, 103, 181, 192, 160, 48, 30, 54, 147, 104, 184, 28, 166, 11, 84, 4, 112, 126, 156, 29, 127, 194, 6, 173, 180, 158, 53, 136, 182, 121, 99, 189, 19, 100, 26, 97, 1, 101, 150, 120, 44, 25, 16, 88, 171, 113, 56, 13, 31, 85, 188, 157, 17, 196, 169, 81, 187, 174, 40, 119, 185, 8, 165, 39, 138, 14, 155, 144, 61, 9, 62, 102, 49, 32, 3, 178, 106, 52, 55, 91, 179, 145, 168, 78, 82, 2, 87, 125, 74, 152, 94, 130, 12, 124, 111, 167, 33, 37, 148, 15, 64]","{'distance': {'initial': 158589, 'final': 22872}, 'objective': {'initial': -140750, 'final': 7019}}",158589,22872,-140750,7019,17839,29891,158589,17839,-140750,22872,29891,527,TSPA
lab6,hae_op3_no_ls,85,1537573762,795.29804,True,,"[85, 84, 136, 112, 77, 178, 181, 145, 95, 13, 186, 83, 161, 10, 59, 92, 4, 30, 197, 96, 87, 171, 69, 129, 82, 105, 131, 191, 101, 60, 56, 33, 159, 141, 73, 61, 57, 182, 76, 132, 165, 155, 168, 78, 194, 62, 175, 7, 18, 2, 42, 110, 149, 162, 183, 119, 153, 198, 135, 54, 94, 108, 88, 113, 152, 14, 167, 32, 148, 51, 47, 3, 40, 6, 120, 9, 134, 116, 187, 8, 126, 46, 27, 188, 28, 143, 50, 36, 146, 190, 34, 117, 58, 164, 93, 19, 163, 114, 111, 169, 85]","[116, 105, 77, 166, 28, 184, 11, 126, 29, 156, 112, 4, 190, 10, 177, 104, 147, 54, 30, 48, 160, 192, 41, 193, 159, 199, 18, 69, 108, 67, 163, 36, 140, 93, 68, 110, 191, 139, 198, 46, 60, 118, 59, 72, 109, 51, 141, 66, 176, 137, 23, 114, 64, 15, 148, 37, 33, 9, 62, 61, 144, 155, 102, 49, 178, 106, 3, 32, 138, 8, 185, 40, 119, 165, 39, 27, 107, 90, 174, 187, 81, 169, 196, 17, 157, 188, 56, 113, 171, 88, 16, 13, 31, 168, 91, 179, 145, 78, 25, 44, 120, 82, 129, 172, 167, 111, 124, 12, 130, 94, 189, 19, 152, 74, 125, 87, 97, 1, 150, 101, 26, 100, 99, 121, 182, 136, 53, 158, 180, 173, 6, 161, 24, 149, 131, 47, 65, 116]","{'distance': {'initial': 158589, 'final': 21471}, 'objective': {'initial': -140750, 'final': 7367}}",158589,21471,-140750,7367,17839,28838,158589,17839,-140750,21471,28838,475,TSPA
lab6,ils,85,997618963,795.178361,True,,"[85, 188, 157, 17, 81, 187, 174, 90, 107, 27, 71, 58, 164, 7, 95, 39, 165, 119, 40, 8, 138, 14, 155, 144, 61, 62, 9, 15, 64, 114, 83, 89, 183, 143, 170, 0, 46, 60, 141, 109, 51, 66, 176, 137, 23, 186, 148, 37, 33, 102, 49, 32, 3, 178, 106, 185, 169, 196, 91, 179, 145, 168, 78, 82, 2, 87, 125, 74, 152, 19, 189, 99, 121, 182, 136, 63, 133, 151, 72, 59, 118, 115, 198, 139, 191, 110, 68, 93, 140, 36, 67, 108, 69, 163, 142, 41, 193, 159, 195, 146, 103, 181, 192, 160, 48, 30, 54, 147, 104, 177, 10, 190, 4, 84, 11, 184, 28, 166, 77, 105, 116, 65, 47, 131, 149, 24, 161, 194, 6, 173, 180, 158, 53, 100, 26, 97, 1, 101, 150, 120, 44, 25, 16, 88, 171, 113, 56, 13, 31, 85]","[85, 188, 157, 17, 196, 169, 81, 187, 174, 90, 107, 27, 71, 58, 164, 7, 95, 39, 165, 119, 40, 185, 8, 138, 14, 155, 144, 61, 15, 64, 114, 186, 23, 76, 89, 183, 143, 170, 0, 46, 198, 139, 191, 110, 68, 93, 140, 36, 67, 108, 69, 163, 142, 41, 193, 159, 195, 146, 103, 181, 192, 160, 48, 30, 54, 147, 104, 177, 10, 190, 4, 84, 11, 184, 28, 166, 77, 105, 116, 65, 47, 131, 149, 24, 161, 194, 6, 173, 180, 158, 53, 100, 26, 97, 1, 101, 150, 87, 125, 74, 152, 19, 189, 99, 121, 182, 136, 63, 133, 151, 72, 59, 118, 60, 109, 51, 141, 66, 176, 12, 130, 94, 124, 111, 167, 148, 37, 33, 9, 62, 102, 49, 32, 3, 178, 106, 52, 55, 91, 179, 145, 168, 78, 82, 120, 44, 25, 16, 88, 171, 113, 56, 13, 31, 85]","{'distance': {'initial': 24568, 'final': 23793}, 'objective': {'initial': 0, 'final': 7445}}",24568,23793,0,7445,30178,31238,24568,30178,0,23793,31238,425,TSPA
lab6,lns,85,997618963,794.951914,True,,"[85, 188, 157, 17, 196, 169, 81, 187, 174, 90, 107, 27, 71, 58, 164, 7, 95, 39, 165, 119, 40, 185, 8, 138, 32, 3, 178, 49, 102, 155, 144, 61, 62, 9, 15, 64, 114, 83, 23, 76, 89, 183, 153, 0, 46, 68, 93, 140, 36, 67, 108, 69, 163, 159, 193, 41, 96, 5, 116, 65, 47, 105, 77, 43, 160, 192, 181, 146, 103, 34, 48, 30, 54, 147, 104, 177, 10, 190, 4, 84, 11, 184, 28, 166, 131, 149, 59, 118, 60, 141, 66, 51, 109, 72, 162, 161, 194, 6, 173, 180, 158, 53, 136, 182, 121, 99, 189, 19, 100, 26, 97, 101, 150, 1, 152, 74, 125, 87, 2, 120, 44, 82, 78, 145, 168, 31, 13, 56, 85]","[85, 188, 157, 17, 196, 169, 81, 187, 174, 90, 107, 27, 71, 58, 164, 7, 95, 39, 165, 8, 119, 40, 185, 106, 178, 3, 32, 138, 49, 102, 155, 144, 61, 62, 9, 15, 64, 114, 83, 23, 76, 89, 183, 153, 0, 170, 117, 93, 140, 36, 67, 108, 69, 163, 110, 191, 139, 68, 46, 198, 115, 96, 41, 193, 159, 195, 146, 103, 181, 192, 160, 48, 30, 54, 147, 104, 177, 10, 190, 4, 84, 11, 184, 28, 166, 131, 149, 77, 105, 116, 65, 59, 118, 60, 141, 66, 51, 109, 72, 162, 161, 194, 6, 173, 180, 158, 53, 136, 182, 121, 99, 189, 19, 100, 26, 101, 150, 1, 97, 152, 74, 125, 87, 2, 82, 120, 44, 25, 78, 145, 168, 31, 13, 56, 85]","{'distance': {'initial': 20611, 'final': 20231}, 'objective': {'initial': 0, 'final': 8013}}",20611,20231,0,8013,27312,28244,20611,27312,0,20231,28244,361,TSPA
lab6,hae_op1_ls,85,997618963,797.157053,True,,"[85, 76, 125, 9, 142, 72, 193, 37, 107, 169, 55, 61, 163, 116, 62, 184, 81, 123, 110, 93, 174, 78, 46, 98, 183, 162, 1, 171, 180, 44, 43, 154, 69, 190, 166, 122, 119, 132, 182, 83, 185, 121, 115, 159, 177, 67, 90, 105, 19, 34, 23, 120, 3, 49, 18, 64, 74, 10, 11, 58, 17, 63, 66, 102, 27, 71, 194, 188, 6, 160, 100, 51, 165, 53, 148, 56, 181, 170, 113, 59, 131, 5, 126, 70, 0, 97, 164, 28, 104, 197, 31, 173, 103, 146, 38, 108, 141, 168, 151, 137, 85]","[61, 62, 9, 33, 37, 148, 12, 130, 94, 124, 111, 167, 128, 49, 102, 144, 155, 14, 138, 32, 3, 178, 106, 185, 40, 119, 8, 165, 39, 27, 107, 90, 187, 81, 174, 169, 196, 17, 157, 188, 56, 13, 31, 168, 78, 145, 91, 179, 92, 82, 44, 120, 2, 87, 125, 74, 152, 1, 150, 101, 97, 26, 100, 19, 189, 99, 121, 182, 136, 53, 158, 180, 173, 6, 194, 161, 162, 72, 109, 51, 66, 141, 60, 118, 59, 65, 116, 105, 47, 149, 131, 77, 166, 28, 184, 11, 35, 29, 156, 126, 112, 4, 190, 10, 177, 104, 147, 54, 30, 48, 160, 192, 181, 103, 146, 195, 159, 193, 41, 96, 115, 198, 139, 191, 110, 163, 69, 108, 67, 36, 140, 93, 68, 46, 0, 170, 143, 183, 89, 76, 23, 186, 114, 64, 15, 61]","{'distance': {'initial': 170162, 'final': 22103}, 'objective': {'initial': -151614, 'final': 7920}}",170162,22103,-151614,7920,18548,30023,170162,18548,-151614,22103,30023,157,TSPA
lab6,hae_op2_ls,85,997618963,797.35939,True,,"[85, 76, 125, 9, 142, 72, 193, 37, 107, 169, 55, 61, 163, 116, 62, 184, 81, 123, 110, 93, 174, 78, 46, 98, 183, 162, 1, 171, 180, 44, 43, 154, 69, 190, 166, 122, 119, 132, 182, 83, 185, 121, 115, 159, 177, 67, 90, 105, 19, 34, 23, 120, 3, 49, 18, 64, 74, 10, 11, 58, 17, 63, 66, 102, 27, 71, 194, 188, 6, 160, 100, 51, 165, 53, 148, 56, 181, 170, 113, 59, 131, 5, 126, 70, 0, 97, 164, 28, 104, 197, 31, 173, 103, 146, 38, 108, 141, 168, 151, 137, 85]","[77, 105, 116, 65, 47, 131, 149, 24, 29, 156, 126, 112, 4, 84, 11, 184, 104, 147, 54, 30, 48, 160, 192, 181, 103, 146, 195, 159, 193, 41, 191, 139, 110, 163, 69, 108, 67, 36, 140, 93, 117, 170, 0, 153, 183, 89, 76, 23, 186, 114, 64, 15, 61, 62, 9, 33, 37, 148, 12, 130, 94, 124, 111, 167, 128, 49, 102, 144, 155, 14, 138, 32, 3, 178, 106, 185, 40, 119, 8, 165, 39, 27, 107, 90, 174, 187, 81, 196, 169, 91, 179, 92, 82, 78, 145, 168, 157, 188, 85, 31, 13, 56, 113, 171, 88, 16, 25, 44, 120, 2, 87, 125, 74, 152, 1, 150, 101, 97, 26, 100, 19, 189, 99, 121, 182, 136, 53, 158, 180, 173, 6, 194, 161, 162, 72, 59, 118, 109, 51, 66, 141, 60, 46, 198, 115, 96, 5, 42, 28, 166, 77]","{'distance': {'initial': 170162, 'final': 22587}, 'objective': {'initial': -151614, 'final': 7731}}",170162,22587,-151614,7731,18548,30318,170162,18548,-151614,22587,30318,171,TSPA
lab6,hae_op3_ls,85,997618963,795.289429,True,,"[85, 76, 125, 9, 142, 72, 193, 37, 107, 169, 55, 61, 163, 116, 62, 184, 81, 123, 110, 93, 174, 78, 46, 98, 183, 162, 1, 171, 180, 44, 43, 154, 69, 190, 166, 122, 119, 132, 182, 83, 185, 121, 115, 159, 177, 67, 90, 105, 19, 34, 23, 120, 3, 49, 18, 64, 74, 10, 11, 58, 17, 63, 66, 102, 27, 71, 194, 188, 6, 160, 100, 51, 165, 53, 148, 56, 181, 170, 113, 59, 131, 5, 126, 70, 0, 97, 164, 28, 104, 197, 31, 173, 103, 146, 38, 108, 141, 168, 151, 137, 85]","[31, 13, 56, 188, 157, 17, 196, 169, 81, 187, 174, 90, 107, 27, 71, 58, 164, 7, 95, 39, 165, 8, 119, 40, 185, 106, 178, 3, 32, 138, 14, 155, 144, 102, 49, 128, 167, 111, 124, 94, 130, 12, 148, 37, 33, 9, 62, 61, 15, 64, 114, 186, 23, 76, 89, 183, 153, 0, 170, 117, 93, 140, 36, 67, 108, 69, 163, 110, 191, 139, 198, 46, 115, 96, 41, 193, 159, 195, 146, 103, 181, 192, 160, 48, 30, 54, 147, 104, 177, 10, 190, 4, 112, 156, 29, 126, 35, 11, 184, 28, 166, 77, 105, 116, 65, 59, 118, 60, 141, 66, 51, 109, 72, 162, 161, 194, 6, 173, 180, 158, 53, 136, 182, 121, 99, 189, 19, 100, 26, 101, 150, 1, 97, 152, 74, 125, 87, 2, 82, 120, 44, 25, 78, 145, 179, 91, 168, 31]","{'distance': {'initial': 170162, 'final': 22089}, 'objective': {'initial': -151614, 'final': 8459}}",170162,22089,-151614,8459,18548,30548,170162,18548,-151614,22089,30548,307,TSPA
lab6,hae_op2_no_ls,85,997618963,795.336989,True,,"[85, 76, 125, 9, 142, 72, 193, 37, 107, 169, 55, 61, 163, 116, 62, 184, 81, 123, 110, 93, 174, 78, 46, 98, 183, 162, 1, 171, 180, 44, 43, 154, 69, 190, 166, 122, 119, 132, 182, 83, 185, 121, 115, 159, 177, 67, 90, 105, 19, 34, 23, 120, 3, 49, 18, 64, 74, 10, 11, 58, 17, 63, 66, 102, 27, 71, 194, 188, 6, 160, 100, 51, 165, 53, 148, 56, 181, 170, 113, 59, 131, 5, 126, 70, 0, 97, 164, 28, 104, 197, 31, 173, 103, 146, 38, 108, 141, 168, 151, 137, 85]","[124, 94, 19, 189, 99, 182, 136, 180, 173, 194, 161, 24, 149, 131, 77, 105, 116, 65, 59, 118, 72, 109, 51, 66, 141, 60, 46, 68, 110, 191, 139, 198, 115, 96, 41, 193, 142, 163, 67, 108, 69, 18, 199, 159, 195, 146, 103, 181, 192, 160, 48, 30, 54, 147, 104, 184, 28, 166, 11, 84, 4, 112, 126, 156, 29, 127, 70, 6, 154, 158, 53, 121, 100, 26, 101, 150, 1, 97, 152, 74, 125, 87, 2, 82, 120, 44, 25, 16, 88, 171, 113, 56, 13, 31, 85, 188, 157, 168, 78, 145, 179, 91, 169, 196, 81, 187, 174, 40, 119, 185, 8, 165, 39, 138, 32, 3, 178, 49, 102, 155, 144, 62, 9, 61, 15, 64, 114, 186, 23, 137, 130, 12, 148, 37, 33, 167, 111, 124]","{'distance': {'initial': 170162, 'final': 21778}, 'objective': {'initial': -151614, 'final': 6769}}",170162,21778,-151614,6769,18548,28547,170162,18548,-151614,21778,28547,494,TSPA
lab6,hae_op3_no_ls,85,997618963,794.503041,True,,"[85, 76, 125, 9, 142, 72, 193, 37, 107, 169, 55, 61, 163, 116, 62, 184, 81, 123, 110, 93, 174, 78, 46, 98, 183, 162, 1, 171, 180, 44, 43, 154, 69, 190, 166, 122, 119, 132, 182, 83, 185, 121, 115, 159, 177, 67, 90, 105, 19, 34, 23, 120, 3, 49, 18, 64, 74, 10, 11, 58, 17, 63, 66, 102, 27, 71, 194, 188, 6, 160, 100, 51, 165, 53, 148, 56, 181, 170, 113, 59, 131, 5, 126, 70, 0, 97, 164, 28, 104, 197, 31, 173, 103, 146, 38, 108, 141, 168, 151, 137, 85]","[67, 108, 69, 163, 110, 139, 191, 41, 193, 159, 146, 103, 181, 192, 160, 48, 30, 54, 147, 104, 184, 28, 166, 11, 4, 112, 126, 156, 29, 161, 162, 173, 6, 154, 180, 158, 53, 136, 182, 121, 99, 189, 19, 100, 26, 101, 150, 1, 97, 152, 74, 125, 87, 2, 82, 120, 44, 25, 16, 88, 171, 113, 56, 13, 31, 85, 188, 157, 179, 91, 169, 196, 81, 187, 174, 90, 107, 27, 71, 58, 164, 7, 39, 165, 119, 40, 185, 8, 138, 178, 3, 32, 155, 144, 102, 49, 128, 167, 111, 124, 94, 130, 12, 148, 37, 33, 9, 62, 61, 15, 64, 114, 83, 23, 137, 176, 66, 141, 51, 109, 60, 118, 59, 72, 149, 131, 77, 105, 47, 65, 116, 5, 96, 115, 198, 46, 0, 170, 117, 93, 140, 36, 67]","{'distance': {'initial': 170162, 'final': 22849}, 'objective': {'initial': -151614, 'final': 6885}}",170162,22849,-151614,6885,18548,29734,170162,18548,-151614,22849,29734,439,TSPA
lab6,ils,85,2056187347,795.630254,True,,"[85, 56, 13, 31, 168, 91, 179, 145, 78, 25, 44, 120, 82, 2, 87, 125, 74, 152, 97, 1, 150, 101, 26, 100, 19, 189, 99, 121, 182, 136, 53, 158, 180, 173, 6, 194, 161, 162, 72, 109, 51, 66, 141, 60, 118, 59, 65, 116, 105, 77, 166, 11, 28, 184, 104, 147, 54, 30, 48, 160, 192, 42, 5, 96, 41, 193, 159, 163, 69, 108, 67, 36, 140, 93, 117, 170, 0, 153, 183, 89, 76, 23, 83, 114, 64, 15, 61, 9, 62, 102, 49, 155, 144, 132, 21, 7, 164, 58, 71, 27, 107, 90, 39, 165, 8, 185, 119, 40, 174, 187, 81, 169, 196, 17, 157, 188, 85]","[85, 56, 13, 31, 168, 91, 179, 145, 78, 25, 44, 120, 82, 2, 87, 125, 74, 152, 97, 1, 150, 101, 26, 100, 19, 189, 99, 121, 182, 136, 53, 158, 180, 173, 6, 194, 161, 162, 72, 109, 51, 66, 141, 60, 118, 59, 65, 116, 105, 77, 166, 11, 28, 184, 104, 147, 54, 30, 48, 160, 192, 42, 5, 96, 41, 193, 159, 199, 18, 69, 108, 67, 163, 36, 140, 93, 117, 170, 0, 153, 183, 89, 76, 23, 186, 114, 64, 15, 9, 62, 61, 144, 155, 102, 49, 178, 3, 32, 138, 21, 7, 164, 58, 71, 27, 107, 90, 39, 165, 8, 185, 40, 119, 174, 187, 81, 169, 196, 17, 157, 188, 85]","{'distance': {'initial': 17852, 'final': 18364}, 'objective': {'initial': 0, 'final': 7573}}",17852,18364,0,7573,25101,25937,17852,25101,0,18364,25937,479,TSPA
lab6,lns,85,2056187347,794.071756,True,,"[85, 188, 157, 17, 196, 169, 81, 187, 174, 40, 119, 185, 8, 165, 39, 90, 107, 27, 71, 58, 164, 7, 21, 155, 144, 61, 64, 114, 83, 89, 183, 153, 0, 170, 117, 93, 140, 36, 163, 67, 108, 69, 110, 191, 139, 198, 46, 115, 118, 72, 59, 65, 47, 77, 105, 116, 5, 96, 41, 193, 159, 195, 146, 103, 181, 192, 160, 48, 30, 54, 147, 104, 184, 28, 166, 11, 131, 149, 24, 161, 194, 6, 173, 180, 158, 53, 100, 26, 97, 101, 150, 1, 87, 125, 74, 152, 19, 189, 99, 121, 182, 136, 63, 80, 176, 66, 51, 109, 60, 141, 137, 23, 186, 15, 9, 62, 102, 49, 138, 32, 3, 178, 106, 52, 55, 91, 179, 92, 82, 120, 44, 25, 78, 145, 168, 31, 13, 56, 85]","[85, 188, 157, 17, 196, 169, 81, 187, 174, 90, 107, 27, 71, 58, 164, 7, 95, 39, 165, 8, 119, 40, 185, 106, 178, 3, 32, 138, 49, 102, 155, 144, 61, 62, 9, 15, 64, 114, 186, 23, 76, 89, 183, 153, 0, 170, 117, 93, 140, 36, 67, 108, 69, 163, 110, 191, 139, 198, 46, 60, 141, 66, 51, 109, 72, 59, 118, 115, 96, 41, 193, 159, 22, 146, 103, 181, 192, 160, 48, 30, 54, 147, 104, 184, 28, 11, 166, 77, 105, 116, 65, 47, 131, 149, 24, 161, 194, 6, 173, 180, 158, 53, 136, 182, 121, 99, 189, 19, 100, 26, 101, 150, 1, 97, 152, 74, 125, 87, 2, 82, 120, 44, 25, 78, 145, 179, 91, 168, 31, 13, 56, 85]","{'distance': {'initial': 22787, 'final': 19980}, 'objective': {'initial': 0, 'final': 7914}}",22787,19980,0,7914,28672,27894,22787,28672,0,19980,27894,351,TSPA
lab6,hae_op1_ls,85,2056187347,795.394098,True,,"[85, 134, 11, 145, 7, 41, 0, 71, 91, 43, 15, 101, 187, 65, 121, 182, 81, 176, 27, 66, 160, 140, 157, 110, 99, 189, 146, 152, 17, 115, 175, 199, 104, 78, 133, 183, 198, 102, 13, 82, 51, 5, 86, 70, 34, 161, 28, 3, 153, 53, 125, 132, 88, 144, 123, 180, 97, 38, 92, 142, 67, 155, 79, 47, 188, 151, 44, 57, 141, 19, 8, 72, 89, 59, 185, 22, 172, 120, 24, 83, 33, 74, 62, 150, 159, 147, 64, 163, 94, 127, 31, 55, 63, 128, 118, 14, 135, 60, 56, 48, 85]","[124, 111, 167, 148, 37, 33, 9, 62, 61, 102, 49, 144, 155, 14, 138, 32, 3, 178, 106, 185, 40, 119, 8, 165, 39, 27, 107, 90, 187, 81, 174, 169, 196, 17, 157, 188, 56, 13, 31, 168, 78, 145, 91, 179, 92, 82, 44, 120, 2, 87, 125, 74, 152, 1, 150, 101, 97, 26, 100, 19, 189, 99, 121, 182, 136, 53, 158, 180, 173, 6, 194, 161, 24, 149, 131, 47, 65, 116, 105, 77, 166, 28, 184, 11, 35, 126, 29, 156, 112, 4, 190, 10, 177, 104, 147, 54, 30, 48, 160, 192, 181, 103, 146, 195, 159, 193, 41, 96, 115, 46, 198, 139, 191, 110, 163, 69, 108, 67, 36, 140, 93, 117, 170, 0, 153, 183, 89, 76, 23, 186, 114, 64, 15, 137, 141, 60, 118, 59, 72, 109, 51, 66, 176, 12, 130, 94, 124]","{'distance': {'initial': 177188, 'final': 22702}, 'objective': {'initial': -159385, 'final': 7623}}",177188,22702,-159385,7623,17803,30325,177188,17803,-159385,22702,30325,168,TSPA
lab6,hae_op2_ls,85,2056187347,797.067244,True,,"[85, 134, 11, 145, 7, 41, 0, 71, 91, 43, 15, 101, 187, 65, 121, 182, 81, 176, 27, 66, 160, 140, 157, 110, 99, 189, 146, 152, 17, 115, 175, 199, 104, 78, 133, 183, 198, 102, 13, 82, 51, 5, 86, 70, 34, 161, 28, 3, 153, 53, 125, 132, 88, 144, 123, 180, 97, 38, 92, 142, 67, 155, 79, 47, 188, 151, 44, 57, 141, 19, 8, 72, 89, 59, 185, 22, 172, 120, 24, 83, 33, 74, 62, 150, 159, 147, 64, 163, 94, 127, 31, 55, 63, 128, 118, 14, 135, 60, 56, 48, 85]","[72, 162, 161, 194, 6, 173, 180, 158, 53, 136, 182, 121, 99, 189, 19, 100, 26, 101, 150, 1, 97, 152, 74, 125, 87, 129, 92, 179, 91, 145, 82, 120, 44, 25, 78, 168, 31, 13, 56, 188, 157, 17, 196, 169, 81, 187, 174, 90, 107, 27, 71, 58, 164, 7, 95, 39, 165, 119, 40, 185, 8, 138, 32, 3, 178, 49, 102, 155, 144, 61, 62, 9, 33, 37, 148, 167, 111, 124, 94, 130, 12, 15, 64, 114, 186, 23, 76, 89, 183, 153, 0, 170, 117, 93, 140, 68, 46, 198, 139, 191, 110, 163, 67, 108, 69, 18, 199, 159, 193, 41, 96, 5, 42, 192, 160, 48, 30, 54, 147, 104, 177, 10, 190, 4, 112, 126, 156, 29, 35, 11, 184, 28, 166, 77, 105, 47, 65, 116, 59, 118, 60, 141, 66, 51, 109, 72]","{'distance': {'initial': 177188, 'final': 22368}, 'objective': {'initial': -159385, 'final': 7822}}",177188,22368,-159385,7822,17803,30190,177188,17803,-159385,22368,30190,191,TSPA
lab6,hae_op3_ls,85,2056187347,794.742047,True,,"[85, 134, 11, 145, 7, 41, 0, 71, 91, 43, 15, 101, 187, 65, 121, 182, 81, 176, 27, 66, 160, 140, 157, 110, 99, 189, 146, 152, 17, 115, 175, 199, 104, 78, 133, 183, 198, 102, 13, 82, 51, 5, 86, 70, 34, 161, 28, 3, 153, 53, 125, 132, 88, 144, 123, 180, 97, 38, 92, 142, 67, 155, 79, 47, 188, 151, 44, 57, 141, 19, 8, 72, 89, 59, 185, 22, 172, 120, 24, 83, 33, 74, 62, 150, 159, 147, 64, 163, 94, 127, 31, 55, 63, 128, 118, 14, 135, 60, 56, 48, 85]","[111, 167, 148, 37, 33, 9, 62, 61, 144, 155, 14, 138, 32, 3, 178, 106, 185, 40, 119, 8, 165, 39, 27, 107, 90, 174, 187, 81, 98, 188, 56, 13, 31, 157, 17, 196, 169, 91, 179, 145, 168, 78, 25, 44, 120, 82, 2, 87, 125, 74, 152, 97, 1, 150, 101, 26, 100, 19, 189, 99, 121, 182, 136, 53, 158, 180, 173, 6, 194, 161, 24, 149, 131, 47, 65, 116, 105, 77, 166, 28, 184, 11, 84, 4, 190, 10, 177, 104, 147, 54, 30, 48, 160, 192, 42, 5, 96, 41, 193, 159, 163, 69, 108, 67, 36, 140, 93, 68, 46, 60, 118, 59, 72, 109, 51, 141, 66, 176, 12, 130, 94, 124, 111]","{'distance': {'initial': 177188, 'final': 18176}, 'objective': {'initial': -159385, 'final': 7838}}",177188,18176,-159385,7838,17803,26014,177188,17803,-159385,18176,26014,463,TSPA
lab6,hae_op2_no_ls,85,2056187347,794.693888,True,,"[85, 134, 11, 145, 7, 41, 0, 71, 91, 43, 15, 101, 187, 65, 121, 182, 81, 176, 27, 66, 160, 140, 157, 110, 99, 189, 146, 152, 17, 115, 175, 199, 104, 78, 133, 183, 198, 102, 13, 82, 51, 5, 86, 70, 34, 161, 28, 3, 153, 53, 125, 132, 88, 144, 123, 180, 97, 38, 92, 142, 67, 155, 79, 47, 188, 151, 44, 57, 141, 19, 8, 72, 89, 59, 185, 22, 172, 120, 24, 83, 33, 74, 62, 150, 159, 147, 64, 163, 94, 127, 31, 55, 63, 128, 118, 14, 135, 60, 56, 48, 85]","[74, 152, 19, 189, 97, 1, 150, 101, 26, 100, 99, 121, 182, 136, 53, 158, 180, 173, 6, 70, 127, 29, 156, 126, 112, 4, 190, 10, 177, 104, 147, 54, 30, 48, 160, 184, 28, 166, 11, 35, 24, 149, 131, 47, 65, 116, 105, 77, 43, 192, 181, 103, 146, 22, 159, 199, 18, 69, 108, 67, 163, 36, 140, 93, 68, 46, 198, 139, 110, 191, 193, 41, 96, 115, 59, 72, 118, 60, 109, 51, 141, 66, 176, 12, 130, 94, 124, 111, 167, 148, 37, 33, 9, 62, 61, 15, 114, 186, 23, 76, 183, 89, 83, 64, 144, 155, 102, 49, 138, 32, 3, 178, 106, 52, 55, 179, 91, 185, 40, 119, 8, 165, 39, 95, 7, 164, 58, 71, 27, 107, 90, 187, 81, 174, 169, 196, 17, 157, 188, 56, 13, 31, 168, 145, 78, 25, 44, 120, 82, 2, 87, 125, 74]","{'distance': {'initial': 177188, 'final': 24308}, 'objective': {'initial': -159385, 'final': 7062}}",177188,24308,-159385,7062,17803,31370,177188,17803,-159385,24308,31370,572,TSPA
lab6,hae_op3_no_ls,85,2056187347,794.722197,True,,"[85, 134, 11, 145, 7, 41, 0, 71, 91, 43, 15, 101, 187, 65, 121, 182, 81, 176, 27, 66, 160, 140, 157, 110, 99, 189, 146, 152, 17, 115, 175, 199, 104, 78, 133, 183, 198, 102, 13, 82, 51, 5, 86, 70, 34, 161, 28, 3, 153, 53, 125, 132, 88, 144, 123, 180, 97, 38, 92, 142, 67, 155, 79, 47, 188, 151, 44, 57, 141, 19, 8, 72, 89, 59, 185, 22, 172, 120, 24, 83, 33, 74, 62, 150, 159, 147, 64, 163, 94, 127, 31, 55, 63, 128, 118, 14, 135, 60, 56, 48, 85]","[97, 152, 74, 125, 87, 2, 82, 120, 44, 78, 145, 179, 91, 168, 31, 13, 56, 188, 157, 17, 196, 169, 81, 187, 174, 90, 107, 27, 39, 165, 8, 119, 40, 185, 178, 3, 32, 138, 155, 144, 102, 49, 128, 167, 111, 148, 37, 33, 9, 62, 61, 15, 64, 114, 23, 137, 176, 66, 141, 51, 109, 72, 59, 118, 60, 46, 198, 68, 93, 140, 36, 163, 67, 108, 69, 146, 103, 159, 193, 41, 96, 5, 192, 160, 48, 30, 54, 147, 104, 177, 10, 190, 4, 112, 156, 29, 126, 11, 184, 28, 166, 77, 105, 116, 65, 47, 131, 149, 161, 194, 6, 173, 180, 158, 53, 136, 182, 121, 99, 189, 19, 100, 26, 101, 150, 1, 97]","{'distance': {'initial': 177188, 'final': 20325}, 'objective': {'initial': -159385, 'final': 7323}}",177188,20325,-159385,7323,17803,27648,177188,17803,-159385,20325,27648,540,TSPA
lab6,ils,85,7147683,795.037623,True,,"[85, 56, 13, 31, 168, 78, 145, 91, 179, 92, 82, 44, 120, 2, 87, 1, 150, 101, 97, 26, 100, 99, 121, 182, 136, 53, 158, 180, 173, 6, 194, 161, 162, 45, 151, 51, 66, 141, 109, 72, 59, 118, 60, 46, 198, 115, 193, 41, 96, 5, 116, 65, 47, 105, 77, 131, 149, 24, 29, 156, 126, 112, 4, 84, 11, 166, 28, 184, 104, 147, 54, 30, 48, 160, 192, 181, 103, 146, 195, 159, 199, 18, 69, 108, 67, 163, 36, 140, 93, 117, 0, 170, 143, 183, 89, 76, 23, 186, 114, 64, 15, 61, 62, 9, 33, 37, 148, 167, 111, 124, 12, 130, 94, 189, 19, 152, 74, 125, 172, 55, 52, 106, 178, 3, 32, 49, 102, 144, 155, 14, 138, 95, 7, 164, 58, 71, 27, 107, 90, 39, 165, 8, 185, 119, 40, 174, 187, 81, 169, 196, 17, 157, 188, 85]","[85, 56, 13, 31, 168, 91, 179, 145, 78, 25, 44, 120, 82, 2, 150, 101, 1, 97, 26, 100, 99, 121, 182, 136, 53, 158, 180, 173, 6, 194, 161, 162, 72, 109, 51, 66, 141, 60, 118, 59, 65, 116, 105, 77, 131, 149, 24, 29, 156, 126, 112, 4, 84, 11, 166, 28, 184, 104, 147, 54, 30, 48, 160, 192, 181, 103, 146, 195, 159, 193, 41, 96, 115, 46, 198, 139, 191, 110, 163, 69, 108, 67, 36, 140, 93, 117, 0, 170, 143, 183, 89, 76, 23, 186, 114, 64, 15, 61, 62, 9, 33, 37, 148, 111, 124, 12, 130, 94, 189, 19, 152, 74, 125, 87, 167, 128, 49, 102, 144, 155, 14, 138, 32, 3, 178, 106, 185, 40, 119, 8, 165, 39, 95, 7, 164, 58, 71, 27, 107, 90, 174, 187, 81, 169, 196, 17, 157, 188, 85]","{'distance': {'initial': 23827, 'final': 22585}, 'objective': {'initial': 0, 'final': 7894}}",23827,22585,0,7894,30823,30479,23827,30823,0,22585,30479,428,TSPA
lab6,lns,85,7147683,794.395292,True,,"[85, 56, 13, 31, 168, 145, 78, 25, 44, 120, 82, 2, 87, 125, 74, 152, 1, 150, 101, 97, 26, 100, 19, 189, 99, 121, 182, 136, 53, 158, 180, 173, 6, 70, 127, 29, 156, 126, 112, 4, 84, 11, 166, 28, 184, 104, 147, 54, 30, 48, 160, 192, 181, 103, 146, 195, 159, 199, 18, 69, 108, 67, 163, 110, 139, 191, 193, 41, 96, 5, 105, 116, 65, 47, 77, 131, 149, 24, 161, 162, 72, 59, 118, 60, 109, 51, 141, 66, 176, 12, 130, 94, 124, 111, 167, 148, 37, 33, 9, 62, 15, 186, 23, 76, 153, 0, 170, 143, 183, 89, 83, 114, 64, 61, 144, 155, 102, 49, 32, 138, 8, 165, 39, 27, 107, 90, 119, 40, 174, 187, 81, 169, 196, 17, 157, 188, 85]","[85, 56, 13, 31, 168, 145, 78, 25, 44, 120, 82, 2, 87, 125, 74, 152, 97, 1, 150, 101, 26, 100, 19, 189, 99, 121, 182, 136, 53, 158, 180, 173, 6, 194, 161, 162, 72, 109, 51, 66, 141, 60, 118, 59, 65, 116, 105, 77, 149, 131, 166, 28, 184, 11, 35, 126, 29, 156, 112, 4, 190, 10, 177, 104, 147, 54, 30, 48, 160, 192, 181, 103, 146, 22, 159, 193, 41, 191, 110, 139, 198, 46, 68, 163, 69, 108, 67, 36, 140, 93, 117, 170, 0, 153, 183, 89, 76, 23, 186, 114, 64, 15, 61, 62, 9, 33, 37, 148, 12, 130, 94, 124, 111, 167, 128, 49, 102, 144, 155, 14, 32, 138, 8, 185, 40, 119, 165, 39, 27, 107, 90, 174, 187, 81, 169, 196, 17, 157, 188, 85]","{'distance': {'initial': 21484, 'final': 21043}, 'objective': {'initial': 0, 'final': 7810}}",21484,21043,0,7810,27865,28853,21484,27865,0,21043,28853,329,TSPA
lab6,hae_op1_ls,85,7147683,796.104608,True,,"[85, 159, 6, 122, 1, 41, 142, 193, 61, 83, 178, 64, 125, 110, 52, 9, 148, 184, 111, 79, 57, 102, 35, 190, 51, 21, 103, 186, 0, 11, 2, 176, 106, 120, 18, 109, 66, 137, 42, 59, 26, 96, 70, 157, 97, 98, 8, 146, 40, 160, 89, 199, 124, 39, 82, 136, 80, 196, 38, 71, 14, 180, 32, 112, 135, 151, 99, 153, 58, 152, 189, 131, 88, 62, 116, 24, 31, 107, 161, 48, 170, 143, 12, 173, 5, 181, 67, 87, 65, 93, 15, 154, 155, 17, 156, 23, 149, 172, 92, 163, 85]","[91, 179, 92, 82, 44, 120, 2, 87, 125, 74, 152, 124, 12, 130, 94, 189, 19, 97, 1, 150, 101, 26, 100, 99, 121, 182, 136, 53, 158, 180, 173, 6, 194, 161, 149, 131, 24, 29, 156, 126, 112, 4, 190, 10, 177, 104, 147, 54, 30, 48, 160, 192, 28, 184, 11, 166, 77, 47, 65, 116, 105, 5, 96, 41, 193, 159, 199, 18, 69, 108, 67, 163, 36, 140, 93, 68, 46, 60, 118, 59, 72, 109, 51, 141, 66, 176, 137, 23, 186, 114, 64, 15, 61, 62, 9, 33, 37, 148, 111, 167, 128, 49, 102, 144, 155, 14, 138, 32, 3, 178, 106, 185, 8, 165, 119, 40, 174, 187, 81, 169, 196, 17, 157, 188, 56, 13, 31, 168, 78, 145, 91]","{'distance': {'initial': 152575, 'final': 20025}, 'objective': {'initial': -135486, 'final': 7396}}",152575,20025,-135486,7396,17089,27421,152575,17089,-135486,20025,27421,169,TSPA
lab6,hae_op2_ls,85,7147683,796.374834,True,,"[85, 159, 6, 122, 1, 41, 142, 193, 61, 83, 178, 64, 125, 110, 52, 9, 148, 184, 111, 79, 57, 102, 35, 190, 51, 21, 103, 186, 0, 11, 2, 176, 106, 120, 18, 109, 66, 137, 42, 59, 26, 96, 70, 157, 97, 98, 8, 146, 40, 160, 89, 199, 124, 39, 82, 136, 80, 196, 38, 71, 14, 180, 32, 112, 135, 151, 99, 153, 58, 152, 189, 131, 88, 62, 116, 24, 31, 107, 161, 48, 170, 143, 12, 173, 5, 181, 67, 87, 65, 93, 15, 154, 155, 17, 156, 23, 149, 172, 92, 163, 85]","[46, 198, 115, 96, 41, 193, 159, 142, 110, 191, 139, 68, 163, 69, 108, 67, 36, 140, 93, 117, 170, 0, 153, 183, 89, 76, 23, 186, 114, 64, 15, 61, 62, 9, 33, 37, 148, 111, 167, 128, 49, 102, 144, 155, 14, 138, 32, 3, 178, 106, 185, 40, 119, 8, 165, 39, 27, 107, 90, 174, 187, 81, 169, 196, 17, 157, 188, 56, 13, 31, 168, 91, 179, 145, 78, 25, 44, 120, 82, 2, 87, 125, 74, 152, 97, 1, 150, 101, 26, 100, 121, 99, 189, 19, 124, 12, 130, 94, 63, 182, 136, 53, 158, 180, 173, 6, 194, 127, 29, 156, 126, 112, 4, 190, 10, 177, 104, 147, 54, 30, 48, 160, 192, 28, 184, 11, 166, 131, 149, 77, 105, 47, 65, 116, 59, 118, 72, 109, 51, 66, 141, 60, 46]","{'distance': {'initial': 152575, 'final': 21726}, 'objective': {'initial': -135486, 'final': 7666}}",152575,21726,-135486,7666,17089,29392,152575,17089,-135486,21726,29392,189,TSPA
lab6,hae_op3_ls,85,7147683,795.367738,True,,"[85, 159, 6, 122, 1, 41, 142, 193, 61, 83, 178, 64, 125, 110, 52, 9, 148, 184, 111, 79, 57, 102, 35, 190, 51, 21, 103, 186, 0, 11, 2, 176, 106, 120, 18, 109, 66, 137, 42, 59, 26, 96, 70, 157, 97, 98, 8, 146, 40, 160, 89, 199, 124, 39, 82, 136, 80, 196, 38, 71, 14, 180, 32, 112, 135, 151, 99, 153, 58, 152, 189, 131, 88, 62, 116, 24, 31, 107, 161, 48, 170, 143, 12, 173, 5, 181, 67, 87, 65, 93, 15, 154, 155, 17, 156, 23, 149, 172, 92, 163, 85]","[41, 193, 159, 199, 18, 69, 108, 67, 163, 36, 140, 93, 68, 46, 60, 141, 66, 176, 137, 23, 186, 114, 64, 15, 61, 62, 9, 33, 37, 148, 12, 130, 94, 124, 111, 167, 128, 49, 102, 144, 155, 14, 138, 32, 3, 178, 106, 185, 40, 119, 8, 165, 39, 95, 7, 164, 58, 71, 27, 107, 90, 174, 187, 81, 169, 196, 17, 157, 188, 56, 13, 31, 168, 91, 179, 145, 78, 25, 44, 120, 82, 2, 87, 125, 74, 152, 97, 1, 150, 101, 26, 100, 19, 189, 99, 121, 182, 136, 53, 158, 180, 173, 6, 194, 161, 162, 72, 51, 109, 118, 59, 65, 116, 105, 77, 166, 28, 184, 11, 35, 29, 156, 126, 112, 4, 190, 10, 177, 104, 147, 54, 30, 48, 160, 192, 42, 5, 96, 41]","{'distance': {'initial': 152575, 'final': 20897}, 'objective': {'initial': -135486, 'final': 8145}}",152575,20897,-135486,8145,17089,29042,152575,17089,-135486,20897,29042,330,TSPA
lab6,hae_op2_no_ls,85,7147683,794.449491,True,,"[85, 159, 6, 122, 1, 41, 142, 193, 61, 83, 178, 64, 125, 110, 52, 9, 148, 184, 111, 79, 57, 102, 35, 190, 51, 21, 103, 186, 0, 11, 2, 176, 106, 120, 18, 109, 66, 137, 42, 59, 26, 96, 70, 157, 97, 98, 8, 146, 40, 160, 89, 199, 124, 39, 82, 136, 80, 196, 38, 71, 14, 180, 32, 112, 135, 151, 99, 153, 58, 152, 189, 131, 88, 62, 116, 24, 31, 107, 161, 48, 170, 143, 12, 173, 5, 181, 67, 87, 65, 93, 15, 154, 155, 17, 156, 23, 149, 172, 92, 163, 85]","[114, 186, 23, 76, 89, 183, 153, 0, 170, 117, 93, 140, 36, 67, 108, 69, 163, 110, 191, 139, 198, 46, 60, 141, 66, 51, 109, 72, 118, 59, 65, 116, 105, 77, 43, 42, 5, 96, 41, 193, 159, 195, 146, 103, 181, 192, 160, 48, 30, 54, 147, 104, 177, 10, 190, 184, 28, 166, 11, 84, 4, 112, 126, 156, 29, 127, 194, 161, 162, 133, 173, 6, 154, 180, 158, 53, 136, 182, 121, 99, 100, 26, 97, 1, 101, 150, 120, 44, 82, 2, 87, 125, 74, 152, 19, 189, 94, 130, 12, 124, 111, 167, 148, 37, 33, 3, 178, 106, 185, 119, 40, 169, 91, 179, 145, 78, 168, 31, 13, 16, 88, 171, 113, 56, 188, 157, 17, 196, 81, 187, 174, 90, 107, 27, 71, 58, 164, 7, 95, 39, 165, 8, 138, 32, 49, 102, 155, 144, 61, 62, 9, 15, 64, 114]","{'distance': {'initial': 152575, 'final': 23924}, 'objective': {'initial': -135486, 'final': 7335}}",152575,23924,-135486,7335,17089,31259,152575,17089,-135486,23924,31259,531,TSPA
lab6,hae_op3_no_ls,85,7147683,795.031284,True,,"[85, 159, 6, 122, 1, 41, 142, 193, 61, 83, 178, 64, 125, 110, 52, 9, 148, 184, 111, 79, 57, 102, 35, 190, 51, 21, 103, 186, 0, 11, 2, 176, 106, 120, 18, 109, 66, 137, 42, 59, 26, 96, 70, 157, 97, 98, 8, 146, 40, 160, 89, 199, 124, 39, 82, 136, 80, 196, 38, 71, 14, 180, 32, 112, 135, 151, 99, 153, 58, 152, 189, 131, 88, 62, 116, 24, 31, 107, 161, 48, 170, 143, 12, 173, 5, 181, 67, 87, 65, 93, 15, 154, 155, 17, 156, 23, 149, 172, 92, 163, 85]","[114, 186, 23, 76, 89, 183, 153, 0, 170, 117, 93, 140, 36, 67, 108, 69, 163, 110, 191, 139, 198, 46, 60, 141, 66, 51, 109, 72, 118, 59, 65, 116, 105, 77, 43, 42, 5, 96, 41, 193, 159, 195, 146, 103, 181, 192, 160, 48, 30, 54, 147, 104, 177, 10, 190, 184, 28, 166, 11, 84, 4, 112, 126, 156, 29, 127, 194, 161, 162, 133, 173, 6, 154, 180, 158, 53, 136, 182, 121, 99, 100, 26, 97, 1, 101, 150, 120, 44, 82, 2, 87, 125, 74, 152, 19, 189, 94, 130, 12, 124, 111, 167, 148, 37, 33, 3, 178, 106, 185, 119, 40, 169, 91, 179, 145, 78, 168, 31, 13, 16, 88, 171, 113, 56, 188, 157, 17, 196, 81, 187, 174, 90, 107, 27, 71, 58, 164, 7, 95, 39, 165, 8, 138, 32, 49, 102, 155, 144, 61, 62, 9, 15, 64, 114]","{'distance': {'initial': 152575, 'final': 23924}, 'objective': {'initial': -135486, 'final': 7335}}",152575,23924,-135486,7335,17089,31259,152575,17089,-135486,23924,31259,471,TSPA
lab6,msls,85,668058399,837.980347,True,,"[163, 60, 96, 137, 68, 51, 155, 9, 156, 169, 24, 5, 93, 184, 21, 100, 174, 188, 78, 119, 144, 76, 132, 145, 19, 27, 80, 190, 160, 180, 152, 54, 22, 6, 48, 59, 77, 65, 90, 120, 186, 106, 129, 139, 140, 177, 138, 42, 195, 125, 47, 151, 112, 189, 38, 124, 136, 128, 117, 49, 109, 179, 15, 162, 135, 159, 1, 45, 176, 107, 4, 31, 175, 196, 126, 122, 147, 166, 161, 43, 123, 183, 73, 74, 56, 158, 185, 50, 61, 173, 17, 63, 40, 143, 88, 142, 104, 199, 20, 197, 163]","[163, 186, 153, 119, 159, 143, 35, 109, 0, 12, 29, 39, 160, 33, 49, 11, 138, 182, 139, 2, 85, 98, 51, 120, 67, 71, 191, 90, 125, 131, 19, 112, 121, 116, 158, 25, 171, 157, 104, 56, 8, 68, 111, 41, 14, 50, 77, 58, 82, 87, 91, 79, 61, 7, 177, 123, 5, 78, 175, 142, 45, 162, 46, 80, 190, 105, 136, 73, 164, 193, 31, 54, 151, 117, 198, 30, 42, 156, 24, 1, 197, 16, 27, 38, 102, 63, 100, 17, 44, 133, 10, 178, 115, 147, 192, 150, 6, 188, 65, 169, 126, 13, 132, 161, 70, 3, 15, 145, 189, 167, 155, 184, 53, 152, 170, 34, 55, 18, 62, 124, 128, 110, 86, 185, 22, 130, 95, 9, 199, 183, 174, 140, 4, 149, 101, 28, 59, 20, 23, 60, 148, 47, 154, 94, 66, 57, 172, 179, 52, 166, 194, 88, 176, 180, 26, 103, 89, 127, 165, 163]","{'distance': {'initial': 23931, 'final': 23931}, 'objective': {'initial': 0, 'final': 19777}}",23931,23931,0,19777,43708,43708,23931,43708,0,23931,43708,200,TSPB
lab6,msls,85,1130317502,839.27725,True,,"[136, 0, 145, 49, 187, 110, 114, 69, 63, 55, 47, 61, 97, 58, 195, 161, 56, 36, 20, 123, 71, 107, 162, 9, 144, 39, 1, 167, 153, 84, 173, 128, 16, 176, 79, 120, 74, 24, 179, 196, 139, 124, 6, 109, 115, 191, 147, 22, 199, 119, 17, 44, 141, 50, 35, 135, 150, 175, 131, 183, 140, 66, 27, 64, 34, 197, 178, 5, 166, 87, 96, 194, 23, 184, 100, 29, 168, 122, 93, 94, 160, 117, 174, 3, 62, 133, 130, 185, 28, 43, 81, 33, 193, 38, 148, 142, 103, 30, 70, 82, 136]","[136, 73, 164, 31, 54, 151, 19, 112, 121, 131, 125, 90, 191, 71, 67, 120, 51, 98, 118, 74, 85, 2, 139, 182, 138, 11, 49, 33, 56, 104, 157, 171, 25, 123, 177, 7, 61, 79, 91, 141, 97, 77, 81, 153, 186, 163, 165, 127, 89, 103, 26, 180, 176, 88, 194, 166, 86, 110, 128, 181, 95, 130, 22, 179, 52, 172, 57, 66, 94, 154, 47, 148, 60, 23, 20, 59, 28, 101, 149, 4, 199, 140, 183, 174, 55, 18, 62, 124, 106, 119, 159, 143, 37, 111, 41, 14, 50, 58, 82, 87, 8, 68, 144, 160, 39, 29, 12, 0, 35, 109, 69, 189, 167, 184, 155, 84, 70, 161, 3, 15, 145, 13, 126, 132, 169, 65, 188, 6, 150, 192, 147, 115, 178, 10, 133, 44, 17, 100, 63, 96, 32, 102, 38, 27, 16, 197, 1, 24, 156, 42, 30, 198, 117, 193, 105, 190, 80, 46, 162, 175, 78, 142, 45, 136]","{'distance': {'initial': 24336, 'final': 24336}, 'objective': {'initial': 0, 'final': 19585}}",24336,24336,0,19585,43921,43921,24336,43921,0,24336,43921,200,TSPB
lab6,msls,85,1612545282,857.883837,True,,"[184, 84, 164, 117, 192, 135, 167, 110, 22, 178, 13, 197, 64, 198, 99, 98, 137, 52, 65, 12, 0, 5, 132, 145, 155, 153, 146, 151, 81, 114, 4, 89, 195, 43, 173, 107, 45, 6, 120, 25, 71, 138, 180, 103, 39, 28, 124, 17, 31, 150, 129, 92, 96, 185, 19, 1, 176, 75, 70, 61, 189, 91, 193, 83, 38, 147, 156, 111, 14, 21, 199, 172, 194, 188, 10, 191, 93, 77, 50, 109, 47, 171, 53, 154, 56, 174, 128, 112, 79, 152, 105, 131, 55, 9, 18, 119, 63, 54, 116, 108, 184]","[184, 167, 189, 69, 109, 35, 0, 12, 29, 39, 160, 33, 49, 11, 138, 182, 139, 2, 85, 98, 51, 120, 67, 71, 191, 90, 125, 116, 121, 112, 19, 151, 173, 25, 123, 177, 171, 157, 104, 56, 8, 87, 82, 68, 111, 41, 119, 159, 143, 106, 124, 128, 110, 95, 9, 199, 140, 183, 174, 55, 18, 62, 34, 170, 152, 53, 4, 149, 101, 28, 59, 20, 148, 47, 154, 94, 66, 57, 172, 52, 179, 22, 185, 86, 166, 194, 88, 176, 180, 26, 103, 89, 127, 165, 163, 186, 153, 81, 77, 58, 91, 79, 61, 7, 5, 45, 142, 78, 175, 162, 46, 80, 190, 105, 136, 73, 164, 54, 31, 193, 117, 198, 30, 42, 156, 24, 1, 197, 16, 27, 38, 102, 32, 96, 63, 100, 17, 44, 133, 10, 178, 115, 147, 192, 150, 6, 188, 65, 169, 132, 126, 13, 145, 15, 3, 161, 70, 84, 155, 184]","{'distance': {'initial': 24208, 'final': 24208}, 'objective': {'initial': 0, 'final': 19268}}",24208,24208,0,19268,43476,43476,24208,43476,0,24208,43476,200,TSPB
lab6,msls,85,1183913513,837.179899,True,,"[18, 56, 13, 126, 182, 65, 22, 133, 40, 61, 59, 1, 83, 69, 101, 0, 178, 191, 174, 187, 128, 28, 20, 26, 116, 169, 25, 32, 184, 114, 109, 68, 175, 24, 159, 10, 120, 106, 157, 167, 131, 41, 154, 176, 161, 193, 81, 50, 39, 38, 2, 127, 177, 155, 112, 163, 29, 52, 97, 105, 6, 123, 147, 158, 136, 168, 47, 129, 170, 11, 146, 152, 44, 192, 21, 82, 144, 60, 74, 135, 185, 160, 189, 42, 183, 87, 98, 14, 49, 67, 43, 5, 55, 148, 111, 70, 3, 165, 130, 15, 18]","[18, 62, 110, 128, 124, 106, 143, 159, 119, 41, 111, 68, 8, 104, 56, 144, 160, 33, 138, 182, 157, 171, 25, 158, 19, 112, 121, 116, 51, 98, 118, 74, 85, 2, 139, 11, 49, 29, 39, 12, 0, 35, 109, 69, 167, 189, 3, 70, 161, 15, 145, 195, 126, 13, 132, 169, 65, 188, 6, 150, 192, 147, 71, 67, 120, 125, 90, 191, 178, 10, 133, 44, 17, 100, 63, 102, 38, 27, 16, 197, 1, 24, 156, 42, 30, 198, 117, 193, 151, 54, 31, 164, 73, 136, 105, 190, 80, 46, 162, 45, 142, 175, 78, 5, 123, 177, 7, 61, 79, 91, 87, 82, 58, 77, 50, 14, 81, 153, 186, 163, 89, 165, 127, 103, 26, 180, 176, 88, 194, 166, 86, 95, 185, 22, 179, 52, 172, 57, 66, 94, 154, 47, 60, 23, 148, 9, 199, 59, 28, 101, 149, 4, 140, 183, 174, 53, 152, 170, 34, 55, 18]","{'distance': {'initial': 24292, 'final': 24292}, 'objective': {'initial': 0, 'final': 19268}}",24292,24292,0,19268,43560,43560,24292,43560,0,24292,43560,200,TSPB
lab6,msls,85,1242644980,844.048012,True,,"[89, 38, 141, 83, 29, 19, 78, 54, 44, 165, 148, 50, 130, 65, 185, 97, 168, 112, 150, 95, 28, 57, 58, 107, 120, 183, 42, 114, 180, 47, 122, 126, 146, 133, 181, 136, 17, 152, 33, 24, 85, 139, 79, 26, 30, 9, 128, 15, 60, 16, 144, 174, 198, 52, 41, 140, 106, 99, 111, 18, 68, 100, 39, 163, 125, 164, 72, 159, 169, 80, 93, 87, 14, 25, 167, 88, 7, 49, 5, 142, 62, 109, 34, 84, 194, 184, 173, 46, 196, 110, 73, 177, 43, 102, 31, 103, 143, 182, 92, 77, 89]","[89, 165, 127, 137, 114, 103, 26, 180, 176, 88, 194, 166, 86, 110, 95, 185, 22, 179, 52, 172, 57, 66, 94, 154, 47, 148, 60, 23, 20, 59, 28, 101, 149, 4, 199, 140, 183, 174, 55, 18, 62, 128, 124, 106, 143, 159, 119, 41, 111, 68, 8, 56, 104, 157, 171, 25, 182, 138, 33, 160, 39, 29, 12, 0, 35, 109, 69, 167, 189, 3, 70, 161, 15, 145, 13, 126, 195, 49, 11, 139, 2, 43, 169, 65, 188, 6, 150, 192, 147, 71, 67, 120, 191, 90, 125, 51, 98, 116, 121, 112, 19, 131, 122, 133, 44, 17, 100, 63, 102, 38, 27, 16, 197, 1, 24, 156, 42, 30, 198, 117, 193, 151, 54, 31, 164, 73, 136, 105, 190, 80, 46, 162, 175, 78, 142, 45, 5, 123, 177, 7, 61, 79, 91, 87, 82, 58, 77, 81, 153, 186, 163, 89]","{'distance': {'initial': 23742, 'final': 23742}, 'objective': {'initial': 0, 'final': 19109}}",23742,23742,0,19109,42851,42851,23742,42851,0,23742,42851,200,TSPB
lab6,msls,85,375679063,875.155223,True,,"[105, 37, 165, 185, 103, 76, 62, 90, 34, 85, 97, 71, 18, 136, 150, 194, 31, 7, 101, 174, 158, 98, 15, 129, 195, 175, 49, 193, 27, 142, 146, 112, 177, 110, 19, 145, 44, 168, 198, 88, 152, 43, 14, 78, 95, 157, 48, 54, 116, 111, 21, 5, 77, 119, 24, 186, 153, 183, 30, 167, 26, 73, 159, 42, 189, 17, 55, 123, 137, 4, 51, 149, 140, 63, 122, 75, 79, 118, 190, 72, 89, 66, 178, 47, 56, 80, 133, 6, 2, 166, 86, 9, 87, 23, 92, 94, 196, 64, 99, 41, 105]","[105, 136, 73, 164, 193, 31, 54, 151, 117, 198, 30, 42, 156, 24, 1, 197, 16, 27, 38, 102, 63, 100, 17, 44, 133, 10, 178, 90, 125, 191, 71, 67, 120, 51, 98, 116, 121, 112, 19, 158, 25, 123, 177, 171, 157, 104, 56, 8, 68, 82, 87, 58, 50, 14, 41, 111, 37, 35, 109, 0, 12, 29, 39, 160, 33, 49, 11, 138, 182, 139, 2, 85, 192, 150, 6, 188, 65, 169, 132, 126, 13, 161, 70, 3, 15, 145, 189, 167, 155, 184, 53, 140, 199, 4, 149, 101, 28, 59, 20, 23, 60, 148, 47, 154, 94, 66, 57, 172, 52, 179, 22, 185, 95, 9, 183, 174, 55, 18, 62, 143, 159, 119, 106, 124, 128, 110, 86, 166, 194, 88, 176, 180, 26, 103, 114, 137, 127, 165, 89, 163, 186, 153, 81, 77, 97, 141, 91, 79, 61, 7, 5, 78, 175, 142, 45, 162, 46, 80, 190, 105]","{'distance': {'initial': 24540, 'final': 24540}, 'objective': {'initial': 0, 'final': 19528}}",24540,24540,0,19528,44068,44068,24540,44068,0,24540,44068,200,TSPB
lab6,msls,85,63918073,859.383156,True,,"[30, 39, 126, 194, 35, 157, 159, 99, 109, 37, 60, 42, 71, 75, 163, 8, 152, 142, 132, 116, 57, 65, 6, 83, 62, 32, 84, 67, 64, 176, 197, 4, 149, 143, 187, 165, 156, 112, 154, 179, 164, 9, 25, 160, 124, 102, 78, 121, 55, 68, 27, 41, 199, 0, 172, 18, 36, 180, 86, 11, 168, 151, 76, 188, 125, 150, 28, 198, 169, 173, 69, 24, 170, 94, 34, 110, 17, 59, 117, 72, 10, 29, 2, 130, 177, 63, 50, 56, 77, 129, 153, 141, 161, 44, 101, 139, 52, 45, 103, 15, 30]","[30, 42, 156, 24, 1, 197, 16, 27, 38, 102, 63, 100, 17, 44, 133, 10, 178, 115, 147, 192, 150, 67, 71, 191, 90, 125, 131, 19, 112, 121, 116, 51, 98, 85, 2, 43, 126, 169, 188, 65, 132, 13, 145, 15, 3, 161, 70, 84, 155, 184, 167, 189, 69, 109, 35, 0, 12, 29, 39, 160, 33, 49, 11, 138, 182, 25, 123, 177, 171, 157, 104, 56, 8, 68, 111, 41, 119, 159, 143, 106, 124, 128, 62, 18, 55, 174, 183, 140, 199, 4, 149, 101, 28, 59, 20, 23, 60, 148, 47, 154, 94, 66, 57, 172, 52, 179, 22, 185, 95, 86, 110, 64, 176, 180, 88, 194, 113, 26, 103, 127, 165, 89, 163, 186, 153, 81, 77, 58, 82, 87, 91, 79, 61, 7, 5, 45, 142, 78, 175, 162, 46, 80, 190, 105, 136, 73, 164, 193, 31, 54, 151, 117, 198, 30]","{'distance': {'initial': 23491, 'final': 23491}, 'objective': {'initial': 0, 'final': 19258}}",23491,23491,0,19258,42749,42749,23491,42749,0,23491,42749,200,TSPB
lab6,msls,85,942791168,863.622366,True,,"[115, 166, 55, 59, 38, 127, 83, 7, 23, 110, 49, 43, 28, 145, 172, 169, 61, 193, 140, 117, 1, 8, 112, 188, 5, 65, 118, 4, 124, 44, 121, 96, 52, 77, 174, 120, 46, 135, 195, 24, 33, 73, 70, 170, 94, 147, 88, 86, 58, 54, 196, 182, 167, 186, 17, 173, 84, 72, 71, 197, 178, 13, 101, 171, 155, 68, 136, 78, 176, 97, 67, 137, 161, 189, 42, 187, 152, 113, 3, 150, 175, 133, 51, 95, 159, 60, 165, 29, 76, 99, 85, 45, 194, 191, 108, 66, 19, 56, 89, 11, 115]","[115, 10, 133, 44, 17, 100, 63, 102, 38, 27, 16, 197, 1, 24, 156, 42, 30, 198, 117, 151, 54, 31, 193, 164, 73, 136, 105, 190, 80, 46, 162, 175, 78, 142, 45, 5, 123, 177, 7, 61, 79, 91, 87, 8, 68, 82, 58, 77, 97, 153, 186, 163, 165, 127, 89, 103, 26, 113, 194, 88, 176, 180, 129, 119, 159, 143, 106, 124, 128, 110, 86, 95, 185, 22, 179, 52, 172, 57, 66, 94, 154, 47, 148, 60, 23, 20, 59, 199, 28, 101, 149, 4, 140, 183, 174, 55, 18, 62, 34, 69, 189, 167, 184, 155, 84, 3, 70, 161, 15, 145, 195, 126, 13, 132, 169, 65, 188, 6, 150, 192, 85, 2, 139, 182, 138, 11, 49, 29, 109, 35, 0, 12, 39, 160, 33, 144, 56, 104, 157, 171, 25, 158, 19, 112, 121, 116, 98, 51, 120, 67, 71, 191, 125, 90, 178, 115]","{'distance': {'initial': 23431, 'final': 23431}, 'objective': {'initial': 0, 'final': 19048}}",23431,23431,0,19048,42479,42479,23431,42479,0,23431,42479,200,TSPB
lab6,msls,85,647651470,845.439472,True,,"[5, 176, 94, 54, 170, 182, 86, 161, 64, 125, 49, 30, 0, 111, 23, 97, 67, 99, 29, 12, 75, 167, 33, 13, 65, 175, 56, 165, 48, 174, 10, 116, 191, 68, 55, 79, 20, 26, 93, 66, 188, 136, 196, 159, 46, 122, 130, 61, 50, 58, 74, 32, 95, 71, 78, 189, 146, 73, 131, 39, 28, 150, 147, 7, 148, 179, 41, 36, 103, 143, 199, 43, 156, 113, 102, 96, 92, 72, 132, 15, 110, 135, 164, 153, 138, 24, 117, 195, 142, 134, 9, 173, 16, 18, 59, 187, 163, 11, 194, 107, 5]","[5, 45, 142, 78, 175, 162, 46, 80, 190, 105, 136, 73, 164, 193, 31, 54, 151, 19, 112, 121, 116, 98, 51, 120, 67, 71, 191, 90, 125, 131, 117, 198, 30, 42, 156, 24, 1, 197, 16, 27, 38, 102, 63, 100, 17, 44, 133, 10, 178, 115, 147, 192, 150, 6, 188, 65, 169, 132, 126, 13, 161, 70, 3, 15, 145, 189, 167, 69, 29, 39, 12, 0, 109, 35, 37, 41, 119, 159, 143, 106, 124, 62, 18, 55, 83, 128, 110, 86, 95, 130, 22, 9, 199, 140, 4, 149, 101, 28, 59, 20, 148, 47, 154, 94, 66, 57, 172, 179, 52, 166, 194, 88, 176, 180, 26, 103, 89, 127, 165, 163, 186, 153, 81, 77, 97, 141, 91, 79, 61, 21, 87, 82, 58, 50, 111, 68, 8, 104, 56, 144, 160, 33, 49, 11, 139, 182, 138, 157, 171, 25, 123, 177, 7, 5]","{'distance': {'initial': 23004, 'final': 23004}, 'objective': {'initial': 0, 'final': 19212}}",23004,23004,0,19212,42216,42216,23004,42216,0,23004,42216,200,TSPB
lab6,msls,85,691680367,840.253506,True,,"[127, 107, 42, 180, 157, 88, 136, 86, 91, 122, 21, 61, 139, 73, 100, 62, 75, 12, 35, 124, 38, 65, 98, 9, 102, 130, 20, 15, 11, 119, 58, 104, 145, 162, 147, 16, 190, 144, 163, 103, 166, 158, 96, 99, 135, 89, 128, 112, 80, 167, 54, 48, 52, 170, 115, 27, 142, 109, 41, 134, 125, 79, 172, 1, 113, 181, 108, 121, 85, 53, 19, 177, 179, 22, 195, 141, 55, 155, 191, 174, 149, 81, 26, 110, 138, 30, 161, 18, 105, 146, 101, 132, 176, 192, 10, 6, 143, 31, 23, 7, 127]","[127, 103, 26, 180, 176, 88, 194, 166, 86, 185, 22, 179, 52, 172, 57, 66, 94, 154, 47, 148, 20, 59, 28, 101, 149, 4, 199, 140, 183, 174, 95, 110, 128, 124, 62, 18, 55, 34, 170, 152, 53, 184, 155, 167, 189, 3, 70, 161, 15, 145, 195, 126, 13, 132, 169, 65, 188, 6, 150, 192, 147, 115, 178, 10, 133, 44, 17, 100, 63, 102, 38, 27, 16, 197, 1, 24, 156, 42, 30, 198, 117, 151, 54, 31, 193, 164, 73, 136, 105, 190, 80, 46, 162, 45, 142, 175, 78, 5, 123, 25, 158, 19, 112, 121, 131, 125, 90, 191, 71, 67, 120, 51, 98, 85, 2, 139, 11, 49, 160, 33, 138, 182, 157, 171, 177, 7, 61, 79, 91, 141, 97, 77, 58, 50, 111, 68, 8, 82, 87, 104, 56, 144, 39, 29, 12, 0, 109, 35, 37, 41, 143, 159, 119, 153, 186, 163, 89, 165, 127]","{'distance': {'initial': 24266, 'final': 24266}, 'objective': {'initial': 0, 'final': 19278}}",24266,24266,0,19278,43544,43544,24266,43544,0,24266,43544,200,TSPB
lab6,msls,85,657099353,820.543024,True,,"[70, 88, 148, 36, 66, 184, 65, 127, 140, 45, 109, 174, 20, 8, 125, 93, 102, 145, 32, 57, 135, 39, 89, 83, 46, 157, 197, 38, 198, 97, 187, 150, 133, 103, 76, 21, 118, 3, 30, 131, 52, 120, 180, 60, 173, 188, 74, 141, 43, 178, 87, 158, 193, 165, 23, 136, 17, 28, 5, 124, 196, 117, 121, 91, 143, 144, 153, 64, 13, 114, 9, 68, 101, 98, 129, 183, 191, 79, 95, 138, 72, 172, 151, 82, 155, 77, 99, 113, 49, 12, 73, 110, 63, 78, 71, 56, 132, 94, 15, 137, 70]","[70, 3, 15, 145, 195, 126, 43, 2, 85, 98, 51, 120, 67, 71, 191, 90, 125, 116, 121, 112, 19, 158, 25, 182, 138, 11, 49, 33, 160, 39, 29, 0, 109, 35, 12, 144, 56, 104, 8, 68, 111, 41, 119, 159, 143, 106, 124, 128, 110, 62, 18, 55, 174, 183, 140, 4, 149, 101, 28, 199, 59, 20, 23, 60, 148, 47, 154, 94, 66, 57, 172, 52, 179, 22, 185, 95, 86, 166, 194, 88, 176, 180, 26, 103, 89, 127, 165, 163, 186, 153, 81, 77, 58, 82, 87, 91, 79, 61, 171, 123, 177, 7, 5, 78, 175, 142, 45, 162, 46, 80, 190, 105, 136, 73, 164, 193, 31, 54, 151, 117, 198, 30, 42, 156, 24, 1, 197, 16, 27, 38, 102, 63, 100, 17, 44, 133, 10, 178, 115, 147, 192, 150, 6, 188, 65, 169, 132, 13, 161, 70]","{'distance': {'initial': 22391, 'final': 22391}, 'objective': {'initial': 0, 'final': 19118}}",22391,22391,0,19118,41509,41509,22391,41509,0,22391,41509,200,TSPB
lab6,msls,85,1142192430,813.766638,True,,"[155, 117, 39, 141, 158, 20, 104, 43, 77, 19, 70, 186, 51, 165, 45, 12, 143, 108, 50, 36, 116, 176, 133, 188, 52, 147, 10, 149, 162, 64, 114, 173, 137, 120, 192, 189, 111, 115, 71, 183, 168, 127, 140, 193, 178, 113, 47, 181, 54, 53, 119, 26, 130, 42, 194, 112, 15, 160, 46, 14, 21, 122, 9, 136, 87, 33, 30, 129, 179, 81, 27, 128, 182, 41, 195, 166, 156, 3, 101, 161, 40, 170, 31, 24, 61, 134, 57, 38, 66, 131, 100, 146, 23, 102, 91, 75, 60, 184, 62, 174, 155]","[155, 167, 189, 145, 15, 3, 70, 161, 132, 13, 126, 169, 65, 188, 6, 150, 192, 85, 2, 74, 118, 98, 51, 125, 120, 67, 71, 191, 90, 178, 10, 133, 44, 17, 100, 63, 102, 38, 27, 16, 197, 1, 24, 156, 42, 30, 198, 117, 193, 31, 164, 73, 54, 151, 19, 112, 121, 116, 158, 25, 123, 173, 136, 105, 190, 80, 46, 162, 175, 78, 142, 45, 5, 177, 7, 61, 79, 91, 87, 171, 157, 104, 56, 144, 160, 33, 138, 182, 139, 11, 49, 29, 39, 12, 0, 109, 35, 37, 41, 111, 68, 8, 82, 58, 77, 81, 153, 186, 163, 89, 165, 127, 137, 114, 103, 26, 180, 176, 88, 194, 166, 86, 110, 128, 106, 119, 159, 143, 124, 62, 18, 55, 174, 183, 140, 9, 95, 185, 22, 179, 52, 172, 57, 66, 94, 154, 47, 148, 60, 23, 20, 59, 199, 28, 101, 149, 4, 53, 184, 155]","{'distance': {'initial': 24623, 'final': 24623}, 'objective': {'initial': 0, 'final': 19197}}",24623,24623,0,19197,43820,43820,24623,43820,0,24623,43820,200,TSPB
lab6,msls,85,1817737901,834.91929,True,,"[164, 16, 30, 64, 25, 10, 81, 165, 82, 5, 11, 1, 39, 120, 88, 153, 41, 135, 69, 161, 61, 22, 14, 55, 86, 35, 139, 50, 124, 37, 91, 65, 103, 23, 155, 194, 122, 118, 189, 113, 172, 38, 160, 13, 163, 156, 80, 63, 104, 114, 107, 43, 60, 147, 196, 157, 78, 15, 29, 7, 2, 152, 99, 190, 188, 68, 75, 162, 166, 184, 140, 148, 19, 178, 121, 42, 128, 126, 136, 31, 123, 119, 170, 62, 32, 199, 146, 98, 97, 73, 134, 115, 133, 154, 142, 76, 46, 108, 193, 20, 164]","[164, 193, 31, 54, 151, 117, 198, 30, 42, 156, 24, 1, 197, 16, 27, 38, 102, 63, 100, 17, 44, 133, 10, 178, 191, 90, 125, 51, 120, 67, 71, 147, 192, 150, 6, 188, 65, 169, 132, 126, 13, 145, 15, 3, 161, 70, 84, 155, 184, 167, 189, 69, 29, 39, 12, 0, 109, 35, 37, 111, 68, 8, 82, 58, 50, 14, 41, 119, 159, 143, 106, 124, 128, 62, 18, 55, 174, 183, 9, 199, 140, 4, 149, 101, 28, 59, 20, 148, 47, 154, 94, 66, 57, 172, 52, 179, 22, 185, 95, 86, 110, 64, 176, 180, 88, 194, 166, 48, 76, 75, 137, 114, 26, 103, 89, 127, 165, 163, 186, 153, 81, 77, 97, 141, 91, 79, 61, 21, 87, 171, 157, 104, 56, 144, 160, 33, 49, 11, 138, 182, 139, 2, 85, 98, 116, 121, 112, 19, 158, 25, 123, 177, 7, 5, 45, 142, 78, 175, 162, 46, 80, 190, 105, 136, 73, 164]","{'distance': {'initial': 25391, 'final': 25391}, 'objective': {'initial': 0, 'final': 19363}}",25391,25391,0,19363,44754,44754,25391,44754,0,25391,44754,200,TSPB
lab6,msls,85,764256717,837.82297,True,,"[15, 67, 104, 55, 9, 29, 132, 1, 81, 47, 170, 73, 18, 164, 71, 146, 16, 80, 61, 2, 84, 6, 137, 64, 198, 114, 93, 90, 101, 135, 88, 13, 155, 171, 77, 156, 58, 111, 53, 96, 158, 157, 145, 181, 21, 59, 23, 106, 3, 26, 141, 138, 86, 25, 37, 109, 196, 185, 144, 179, 169, 154, 57, 83, 19, 44, 39, 102, 173, 92, 194, 122, 190, 91, 17, 139, 7, 177, 184, 105, 117, 24, 36, 126, 66, 116, 160, 152, 124, 107, 199, 38, 4, 14, 28, 119, 142, 175, 94, 189, 15]","[15, 145, 13, 126, 43, 2, 85, 98, 51, 116, 121, 112, 19, 151, 198, 30, 117, 193, 54, 31, 164, 73, 173, 123, 177, 171, 25, 182, 138, 11, 49, 33, 160, 144, 56, 104, 8, 68, 111, 41, 37, 35, 109, 0, 12, 39, 29, 69, 189, 167, 155, 184, 53, 174, 183, 140, 199, 4, 149, 101, 28, 59, 20, 23, 60, 148, 47, 154, 94, 66, 57, 172, 52, 179, 22, 130, 95, 181, 55, 18, 62, 143, 159, 119, 106, 124, 128, 110, 86, 166, 194, 88, 176, 180, 26, 103, 114, 137, 127, 165, 89, 163, 186, 153, 97, 77, 58, 82, 87, 91, 79, 61, 7, 5, 45, 142, 78, 175, 162, 46, 80, 190, 136, 105, 196, 42, 156, 24, 1, 197, 16, 27, 38, 102, 63, 100, 17, 44, 133, 10, 178, 191, 90, 125, 120, 67, 71, 147, 192, 150, 6, 188, 65, 169, 132, 161, 70, 3, 15]","{'distance': {'initial': 24482, 'final': 24482}, 'objective': {'initial': 0, 'final': 19224}}",24482,24482,0,19224,43706,43706,24482,43706,0,24482,43706,200,TSPB
lab6,msls,85,1964499638,845.841666,True,,"[106, 112, 38, 102, 71, 49, 56, 62, 59, 116, 199, 115, 154, 186, 35, 168, 198, 126, 189, 132, 43, 40, 25, 140, 18, 159, 20, 32, 51, 64, 123, 7, 11, 68, 27, 134, 6, 185, 66, 96, 130, 69, 173, 92, 165, 26, 169, 193, 61, 75, 196, 45, 114, 4, 37, 73, 88, 98, 142, 9, 36, 42, 104, 172, 163, 167, 183, 194, 91, 155, 118, 170, 60, 191, 39, 97, 10, 150, 2, 190, 195, 178, 125, 83, 138, 48, 70, 117, 57, 82, 0, 94, 153, 72, 160, 124, 136, 133, 129, 184, 106]","[106, 119, 159, 143, 35, 12, 39, 29, 0, 109, 69, 189, 167, 184, 155, 84, 3, 70, 161, 15, 145, 195, 126, 13, 132, 169, 65, 188, 6, 150, 192, 147, 71, 67, 120, 51, 125, 90, 191, 178, 10, 133, 44, 17, 100, 63, 96, 32, 102, 38, 27, 16, 197, 1, 131, 121, 112, 19, 151, 54, 117, 30, 198, 24, 156, 42, 196, 193, 31, 164, 73, 136, 105, 190, 80, 46, 162, 175, 78, 142, 45, 5, 7, 177, 123, 25, 171, 157, 138, 182, 74, 118, 98, 85, 2, 139, 11, 49, 33, 160, 144, 56, 104, 8, 68, 111, 41, 14, 50, 58, 82, 87, 21, 61, 79, 91, 141, 97, 77, 81, 153, 186, 163, 89, 165, 127, 103, 26, 180, 176, 88, 194, 166, 86, 95, 130, 22, 179, 52, 172, 57, 66, 94, 154, 47, 148, 60, 23, 20, 59, 28, 101, 149, 4, 199, 140, 183, 174, 55, 18, 62, 110, 128, 124, 106]","{'distance': {'initial': 24844, 'final': 24844}, 'objective': {'initial': 0, 'final': 19262}}",24844,24844,0,19262,44106,44106,24844,44106,0,24844,44106,200,TSPB
lab6,msls,85,1946045837,857.683979,True,,"[150, 138, 5, 4, 198, 106, 34, 33, 162, 67, 128, 99, 124, 49, 21, 45, 73, 62, 6, 0, 139, 36, 78, 42, 91, 92, 22, 3, 190, 140, 132, 89, 48, 1, 168, 143, 137, 85, 197, 13, 170, 125, 135, 178, 17, 8, 95, 134, 68, 155, 194, 60, 72, 182, 94, 64, 175, 154, 61, 146, 118, 41, 191, 105, 2, 38, 70, 59, 66, 187, 84, 15, 196, 77, 57, 50, 151, 131, 112, 186, 109, 183, 54, 129, 157, 43, 141, 44, 86, 9, 80, 35, 130, 76, 163, 18, 185, 102, 47, 10, 150]","[150, 6, 188, 65, 169, 132, 126, 13, 145, 15, 3, 161, 70, 84, 155, 184, 167, 189, 69, 29, 39, 12, 0, 109, 35, 143, 159, 119, 106, 124, 128, 110, 95, 181, 62, 18, 55, 174, 183, 9, 199, 140, 4, 149, 101, 28, 59, 20, 23, 60, 148, 47, 154, 94, 66, 57, 172, 52, 179, 22, 185, 86, 166, 194, 88, 176, 180, 26, 103, 89, 127, 165, 163, 186, 153, 81, 77, 50, 14, 41, 111, 68, 8, 82, 58, 87, 171, 157, 104, 56, 144, 160, 33, 49, 11, 138, 182, 25, 123, 177, 91, 79, 61, 7, 5, 45, 142, 78, 175, 46, 162, 136, 105, 193, 30, 198, 117, 31, 164, 73, 54, 151, 19, 112, 121, 116, 98, 51, 120, 67, 71, 191, 90, 125, 131, 24, 156, 1, 197, 16, 27, 38, 102, 63, 100, 17, 44, 133, 10, 178, 115, 147, 192, 150]","{'distance': {'initial': 23546, 'final': 23546}, 'objective': {'initial': 0, 'final': 19019}}",23546,23546,0,19019,42565,42565,23546,42565,0,23546,42565,200,TSPB
lab6,msls,85,1537573762,872.608059,True,,"[156, 53, 190, 148, 35, 93, 161, 113, 178, 92, 168, 5, 90, 73, 79, 9, 3, 159, 16, 40, 56, 138, 118, 191, 74, 42, 70, 76, 129, 122, 158, 51, 47, 97, 44, 125, 26, 186, 80, 166, 14, 66, 177, 91, 196, 54, 2, 39, 195, 0, 147, 155, 59, 57, 165, 43, 163, 141, 95, 69, 136, 121, 188, 6, 27, 30, 32, 194, 58, 110, 33, 181, 61, 187, 41, 112, 131, 24, 183, 124, 72, 11, 167, 77, 20, 117, 192, 55, 128, 150, 7, 137, 176, 184, 78, 160, 175, 170, 119, 108, 156]","[156, 42, 30, 198, 117, 151, 54, 31, 193, 164, 73, 136, 105, 190, 80, 46, 162, 45, 142, 175, 78, 5, 177, 7, 61, 79, 91, 141, 97, 77, 58, 82, 87, 171, 25, 123, 173, 19, 112, 121, 116, 98, 85, 2, 139, 11, 182, 138, 49, 33, 160, 144, 56, 104, 8, 68, 111, 41, 37, 35, 109, 0, 12, 39, 29, 69, 34, 55, 18, 83, 181, 95, 86, 110, 128, 62, 124, 106, 143, 159, 119, 153, 186, 163, 165, 127, 89, 103, 26, 180, 176, 88, 194, 166, 185, 22, 179, 52, 172, 57, 66, 94, 154, 47, 148, 20, 59, 28, 101, 149, 4, 199, 140, 183, 174, 53, 184, 155, 167, 189, 3, 70, 161, 15, 145, 13, 126, 132, 169, 65, 188, 6, 150, 192, 147, 71, 67, 120, 51, 125, 90, 191, 178, 10, 133, 44, 17, 100, 63, 102, 38, 27, 16, 197, 1, 24, 156]","{'distance': {'initial': 24116, 'final': 24116}, 'objective': {'initial': 0, 'final': 19054}}",24116,24116,0,19054,43170,43170,24116,43170,0,24116,43170,200,TSPB
lab6,msls,85,997618963,858.301601,True,,"[102, 186, 55, 36, 71, 41, 192, 164, 0, 172, 179, 108, 82, 72, 114, 168, 21, 166, 187, 9, 89, 151, 162, 121, 115, 120, 67, 49, 28, 136, 16, 56, 190, 174, 198, 76, 181, 139, 177, 148, 73, 138, 191, 43, 125, 66, 75, 195, 188, 143, 1, 50, 40, 116, 35, 196, 169, 93, 46, 117, 185, 126, 44, 153, 45, 113, 101, 78, 20, 146, 99, 63, 193, 83, 70, 48, 176, 57, 100, 5, 18, 170, 131, 69, 19, 107, 85, 104, 79, 106, 47, 134, 77, 65, 111, 60, 149, 135, 30, 62, 102]","[102, 32, 96, 63, 100, 17, 44, 133, 10, 178, 191, 90, 125, 131, 19, 112, 121, 116, 98, 51, 120, 67, 71, 147, 192, 150, 6, 85, 2, 43, 126, 13, 132, 169, 188, 65, 161, 70, 3, 15, 145, 189, 167, 69, 29, 109, 35, 0, 12, 39, 49, 11, 139, 182, 138, 33, 160, 144, 56, 104, 157, 171, 25, 123, 177, 21, 87, 82, 8, 68, 111, 41, 119, 159, 143, 106, 124, 62, 18, 55, 174, 183, 140, 199, 4, 149, 101, 28, 59, 20, 23, 60, 148, 47, 154, 94, 66, 57, 172, 52, 179, 22, 185, 95, 181, 128, 110, 86, 166, 194, 88, 176, 180, 26, 103, 89, 127, 165, 163, 186, 153, 97, 77, 58, 91, 79, 61, 7, 5, 45, 142, 78, 175, 162, 46, 80, 190, 105, 136, 73, 164, 193, 31, 54, 151, 117, 198, 30, 42, 156, 24, 1, 197, 16, 27, 38, 102]","{'distance': {'initial': 23586, 'final': 23586}, 'objective': {'initial': 0, 'final': 19369}}",23586,23586,0,19369,42955,42955,23586,42955,0,23586,42955,200,TSPB
lab6,msls,85,2056187347,832.440186,True,,"[47, 100, 135, 197, 106, 109, 45, 132, 105, 63, 133, 195, 76, 199, 73, 192, 52, 179, 18, 118, 32, 62, 147, 35, 30, 123, 91, 164, 143, 72, 21, 81, 39, 55, 122, 57, 183, 101, 125, 29, 113, 40, 198, 184, 140, 151, 152, 128, 146, 93, 127, 117, 34, 121, 96, 188, 60, 66, 115, 163, 70, 134, 75, 189, 191, 79, 97, 178, 165, 15, 6, 131, 98, 64, 22, 169, 166, 42, 185, 83, 114, 173, 78, 172, 5, 9, 61, 111, 181, 38, 33, 1, 67, 175, 95, 144, 112, 156, 77, 56, 47]","[47, 148, 60, 23, 20, 59, 199, 28, 101, 149, 4, 140, 183, 174, 53, 184, 155, 84, 70, 161, 3, 15, 145, 13, 126, 43, 2, 169, 65, 188, 6, 150, 192, 147, 71, 67, 120, 191, 90, 178, 10, 133, 44, 17, 100, 63, 102, 38, 27, 16, 197, 1, 24, 156, 42, 30, 198, 117, 193, 151, 54, 31, 164, 73, 136, 105, 190, 80, 46, 162, 175, 78, 142, 45, 5, 7, 61, 79, 91, 87, 82, 58, 77, 81, 14, 41, 111, 68, 8, 56, 104, 157, 171, 177, 123, 25, 158, 116, 121, 112, 19, 131, 125, 51, 98, 118, 74, 182, 138, 11, 49, 33, 160, 39, 29, 12, 0, 35, 109, 69, 189, 167, 34, 55, 18, 62, 128, 124, 106, 143, 159, 119, 153, 186, 163, 103, 89, 165, 127, 137, 114, 26, 180, 176, 88, 194, 166, 86, 110, 95, 130, 22, 179, 52, 172, 57, 66, 94, 154, 47]","{'distance': {'initial': 24975, 'final': 24975}, 'objective': {'initial': 0, 'final': 19124}}",24975,24975,0,19124,44099,44099,24975,44099,0,24975,44099,200,TSPB
lab6,msls,85,7147683,829.082733,True,,"[47, 112, 126, 50, 123, 2, 24, 169, 38, 184, 109, 68, 133, 19, 124, 80, 178, 159, 105, 49, 179, 84, 138, 168, 95, 129, 139, 134, 17, 108, 122, 147, 165, 39, 150, 53, 58, 8, 172, 44, 71, 173, 192, 103, 144, 153, 119, 186, 131, 26, 65, 51, 128, 160, 76, 1, 143, 120, 118, 163, 115, 31, 195, 23, 189, 0, 54, 188, 73, 16, 59, 106, 199, 170, 63, 4, 148, 158, 111, 161, 154, 5, 36, 190, 33, 55, 82, 175, 60, 191, 180, 89, 13, 171, 64, 96, 61, 91, 57, 187, 47]","[47, 154, 94, 66, 57, 172, 52, 179, 22, 185, 95, 181, 83, 18, 62, 124, 128, 110, 86, 166, 194, 88, 176, 180, 26, 103, 89, 127, 165, 163, 186, 153, 119, 159, 143, 35, 109, 0, 29, 39, 12, 37, 41, 111, 68, 8, 87, 82, 58, 77, 97, 141, 91, 79, 61, 7, 177, 123, 5, 45, 142, 78, 175, 162, 46, 80, 190, 105, 136, 73, 164, 193, 31, 54, 151, 117, 198, 30, 42, 156, 24, 1, 197, 16, 27, 38, 102, 63, 100, 17, 44, 133, 10, 178, 71, 67, 120, 191, 90, 125, 51, 98, 116, 121, 112, 19, 158, 25, 171, 157, 104, 56, 144, 160, 33, 49, 11, 138, 182, 139, 2, 85, 192, 150, 6, 188, 65, 169, 126, 195, 145, 15, 13, 132, 161, 70, 3, 84, 155, 189, 167, 184, 53, 152, 170, 34, 55, 174, 183, 140, 4, 149, 101, 28, 199, 59, 20, 23, 60, 148, 47]","{'distance': {'initial': 24192, 'final': 24192}, 'objective': {'initial': 0, 'final': 19505}}",24192,24192,0,19505,43697,43697,24192,43697,0,24192,43697,200,TSPB
lab6,ils,85,668058399,845.661189,True,,"[85, 192, 150, 6, 188, 65, 169, 132, 13, 126, 195, 145, 15, 161, 70, 3, 84, 155, 184, 53, 140, 4, 149, 101, 28, 59, 199, 9, 22, 148, 47, 154, 94, 66, 57, 172, 52, 179, 185, 95, 174, 55, 18, 62, 34, 167, 189, 69, 29, 109, 0, 12, 39, 160, 33, 49, 11, 139, 182, 138, 157, 104, 56, 8, 68, 111, 41, 37, 35, 143, 159, 119, 106, 124, 128, 110, 86, 166, 194, 88, 176, 180, 113, 114, 137, 127, 165, 89, 103, 26, 163, 186, 153, 97, 77, 58, 82, 87, 91, 79, 61, 171, 25, 123, 177, 7, 5, 45, 142, 78, 175, 46, 162, 136, 105, 193, 30, 156, 42, 27, 38, 16, 197, 1, 24, 198, 117, 31, 164, 73, 54, 151, 19, 112, 121, 131, 122, 100, 17, 44, 133, 10, 178, 71, 67, 120, 191, 90, 125, 51, 98, 118, 74, 2, 85]","[85, 192, 150, 6, 188, 65, 169, 132, 13, 126, 195, 145, 15, 3, 161, 70, 84, 155, 184, 167, 189, 69, 109, 35, 0, 12, 29, 39, 160, 33, 49, 11, 138, 182, 25, 123, 177, 171, 157, 104, 56, 8, 68, 111, 41, 119, 159, 143, 106, 124, 128, 62, 18, 55, 174, 183, 140, 199, 4, 149, 101, 28, 59, 20, 23, 60, 148, 47, 154, 94, 66, 57, 172, 52, 179, 22, 185, 95, 110, 86, 166, 194, 88, 176, 180, 26, 103, 114, 137, 127, 165, 89, 163, 186, 153, 81, 77, 58, 82, 87, 91, 79, 61, 7, 5, 45, 142, 78, 175, 46, 162, 136, 105, 193, 31, 164, 73, 54, 117, 30, 42, 27, 38, 16, 197, 1, 24, 156, 198, 151, 19, 112, 121, 131, 122, 100, 17, 44, 133, 10, 178, 90, 125, 191, 71, 67, 120, 51, 98, 118, 74, 2, 85]","{'distance': {'initial': 25560, 'final': 23335}, 'objective': {'initial': 0, 'final': 19384}}",25560,23335,0,19384,43144,42719,25560,43144,0,23335,42719,443,TSPB
lab6,lns,85,668058399,846.729014,True,,"[85, 192, 150, 6, 188, 65, 169, 126, 13, 132, 161, 70, 3, 15, 145, 189, 167, 69, 29, 39, 12, 0, 109, 35, 143, 159, 119, 106, 124, 128, 110, 62, 18, 55, 174, 183, 140, 4, 149, 101, 28, 199, 59, 20, 148, 47, 154, 94, 66, 22, 130, 95, 185, 179, 57, 172, 52, 166, 194, 88, 176, 180, 26, 103, 114, 137, 127, 165, 89, 163, 186, 153, 81, 77, 97, 141, 91, 79, 61, 21, 87, 58, 50, 14, 41, 111, 68, 82, 8, 56, 144, 160, 33, 49, 11, 139, 182, 138, 104, 157, 171, 25, 123, 177, 7, 5, 45, 142, 78, 175, 162, 46, 80, 190, 105, 136, 73, 164, 31, 54, 193, 30, 42, 156, 24, 198, 117, 151, 19, 112, 121, 116, 125, 131, 1, 197, 16, 27, 38, 102, 63, 100, 17, 44, 133, 10, 178, 90, 191, 71, 67, 120, 51, 98, 118, 74, 2, 85]","[85, 192, 150, 6, 188, 65, 169, 132, 126, 13, 161, 70, 3, 15, 145, 189, 167, 69, 109, 35, 0, 12, 39, 29, 49, 33, 160, 144, 56, 104, 8, 68, 111, 41, 119, 159, 143, 106, 124, 128, 62, 18, 55, 174, 183, 140, 199, 4, 149, 101, 28, 59, 20, 148, 47, 154, 94, 66, 57, 172, 52, 179, 22, 130, 95, 110, 86, 166, 194, 88, 176, 180, 26, 103, 114, 137, 127, 165, 89, 163, 186, 153, 81, 14, 50, 77, 58, 82, 87, 91, 79, 61, 7, 5, 45, 142, 78, 175, 162, 46, 80, 190, 105, 136, 73, 164, 193, 31, 54, 151, 117, 198, 30, 42, 156, 24, 1, 197, 16, 27, 38, 102, 63, 100, 17, 44, 133, 10, 178, 90, 125, 191, 71, 67, 120, 51, 98, 116, 121, 112, 19, 158, 25, 123, 177, 171, 157, 138, 182, 11, 139, 2, 85]","{'distance': {'initial': 24654, 'final': 22666}, 'objective': {'initial': 0, 'final': 19821}}",24654,22666,0,19821,43132,42487,24654,43132,0,22666,42487,261,TSPB
lab6,hae_op1_ls,85,668058399,848.285493,True,,"[85, 156, 46, 10, 177, 2, 99, 163, 76, 127, 25, 167, 27, 22, 33, 192, 54, 61, 24, 50, 100, 194, 62, 172, 8, 41, 72, 118, 66, 198, 19, 134, 125, 112, 170, 171, 109, 147, 175, 158, 51, 65, 150, 6, 146, 91, 105, 97, 35, 40, 197, 39, 94, 126, 23, 195, 55, 95, 142, 7, 59, 129, 77, 191, 113, 48, 123, 70, 87, 117, 58, 18, 188, 88, 148, 138, 104, 26, 186, 140, 184, 52, 92, 137, 131, 124, 187, 89, 16, 28, 135, 44, 36, 17, 82, 9, 132, 71, 160, 0, 85]","[15, 145, 13, 126, 132, 169, 65, 188, 6, 150, 192, 147, 115, 178, 10, 133, 44, 17, 100, 63, 102, 38, 27, 16, 197, 1, 24, 156, 42, 30, 198, 117, 193, 31, 54, 164, 73, 136, 105, 190, 80, 46, 162, 45, 142, 175, 78, 5, 7, 61, 79, 91, 87, 82, 58, 77, 81, 153, 186, 163, 165, 127, 89, 103, 26, 180, 176, 88, 194, 166, 86, 110, 128, 181, 95, 185, 22, 179, 52, 172, 57, 66, 94, 154, 47, 148, 20, 59, 28, 101, 149, 4, 199, 140, 183, 174, 55, 18, 62, 124, 106, 143, 159, 119, 41, 111, 68, 8, 56, 104, 157, 171, 177, 123, 25, 158, 116, 121, 112, 19, 151, 131, 125, 90, 191, 71, 67, 120, 51, 98, 85, 2, 139, 182, 138, 11, 49, 33, 160, 39, 29, 12, 0, 35, 109, 69, 189, 167, 184, 155, 84, 70, 161, 3, 15]","{'distance': {'initial': 157412, 'final': 22924}, 'objective': {'initial': -132309, 'final': 19946}}",157412,22924,-132309,19946,25103,42870,157412,25103,-132309,22924,42870,158,TSPB
lab6,hae_op2_ls,85,668058399,845.658139,True,,"[85, 156, 46, 10, 177, 2, 99, 163, 76, 127, 25, 167, 27, 22, 33, 192, 54, 61, 24, 50, 100, 194, 62, 172, 8, 41, 72, 118, 66, 198, 19, 134, 125, 112, 170, 171, 109, 147, 175, 158, 51, 65, 150, 6, 146, 91, 105, 97, 35, 40, 197, 39, 94, 126, 23, 195, 55, 95, 142, 7, 59, 129, 77, 191, 113, 48, 123, 70, 87, 117, 58, 18, 188, 88, 148, 138, 104, 26, 186, 140, 184, 52, 92, 137, 131, 124, 187, 89, 16, 28, 135, 44, 36, 17, 82, 9, 132, 71, 160, 0, 85]","[98, 51, 120, 67, 71, 191, 90, 125, 131, 121, 116, 158, 25, 123, 5, 45, 142, 78, 175, 162, 46, 80, 190, 105, 136, 73, 164, 193, 31, 54, 151, 117, 198, 30, 42, 156, 24, 1, 197, 16, 27, 38, 102, 63, 100, 17, 44, 133, 10, 178, 115, 147, 192, 150, 6, 188, 65, 169, 132, 126, 13, 145, 15, 3, 161, 70, 84, 155, 184, 167, 189, 69, 29, 39, 12, 0, 109, 35, 143, 159, 119, 106, 124, 128, 62, 18, 55, 174, 183, 140, 199, 4, 149, 101, 28, 59, 20, 148, 47, 154, 94, 66, 57, 172, 52, 179, 22, 185, 95, 110, 86, 166, 194, 88, 176, 180, 26, 103, 89, 127, 165, 163, 186, 153, 81, 14, 41, 111, 68, 8, 87, 82, 58, 77, 97, 141, 91, 79, 61, 7, 177, 171, 157, 104, 56, 144, 160, 33, 49, 11, 138, 182, 139, 2, 85, 98]","{'distance': {'initial': 157412, 'final': 23241}, 'objective': {'initial': -132309, 'final': 19776}}",157412,23241,-132309,19776,25103,43017,157412,25103,-132309,23241,43017,171,TSPB
lab6,hae_op3_ls,85,668058399,846.485328,True,,"[85, 156, 46, 10, 177, 2, 99, 163, 76, 127, 25, 167, 27, 22, 33, 192, 54, 61, 24, 50, 100, 194, 62, 172, 8, 41, 72, 118, 66, 198, 19, 134, 125, 112, 170, 171, 109, 147, 175, 158, 51, 65, 150, 6, 146, 91, 105, 97, 35, 40, 197, 39, 94, 126, 23, 195, 55, 95, 142, 7, 59, 129, 77, 191, 113, 48, 123, 70, 87, 117, 58, 18, 188, 88, 148, 138, 104, 26, 186, 140, 184, 52, 92, 137, 131, 124, 187, 89, 16, 28, 135, 44, 36, 17, 82, 9, 132, 71, 160, 0, 85]","[62, 18, 55, 34, 170, 152, 53, 184, 155, 167, 189, 69, 109, 35, 0, 12, 29, 39, 160, 33, 49, 138, 182, 11, 139, 2, 43, 126, 13, 145, 15, 3, 70, 161, 132, 169, 65, 188, 6, 150, 192, 147, 71, 67, 120, 51, 98, 116, 121, 112, 19, 131, 125, 90, 191, 178, 10, 133, 44, 17, 100, 63, 102, 38, 27, 16, 197, 1, 24, 156, 42, 30, 198, 117, 151, 54, 31, 193, 164, 73, 136, 105, 190, 80, 46, 162, 175, 78, 142, 45, 5, 7, 61, 79, 91, 141, 97, 77, 58, 82, 87, 21, 177, 123, 25, 171, 157, 104, 56, 8, 68, 111, 41, 143, 159, 119, 153, 186, 163, 165, 127, 89, 103, 26, 180, 176, 88, 194, 166, 52, 179, 172, 57, 66, 94, 154, 47, 148, 60, 23, 20, 59, 28, 101, 149, 4, 199, 140, 183, 174, 95, 130, 22, 185, 86, 110, 128, 124, 62]","{'distance': {'initial': 157412, 'final': 23871}, 'objective': {'initial': -132309, 'final': 19868}}",157412,23871,-132309,19868,25103,43739,157412,25103,-132309,23871,43739,258,TSPB
lab6,hae_op2_no_ls,85,668058399,845.455882,True,,"[85, 156, 46, 10, 177, 2, 99, 163, 76, 127, 25, 167, 27, 22, 33, 192, 54, 61, 24, 50, 100, 194, 62, 172, 8, 41, 72, 118, 66, 198, 19, 134, 125, 112, 170, 171, 109, 147, 175, 158, 51, 65, 150, 6, 146, 91, 105, 97, 35, 40, 197, 39, 94, 126, 23, 195, 55, 95, 142, 7, 59, 129, 77, 191, 113, 48, 123, 70, 87, 117, 58, 18, 188, 88, 148, 138, 104, 26, 186, 140, 184, 52, 92, 137, 131, 124, 187, 89, 16, 28, 135, 44, 36, 17, 82, 9, 132, 71, 160, 0, 85]","[106, 124, 62, 128, 110, 86, 166, 194, 88, 176, 180, 26, 103, 89, 127, 165, 163, 186, 153, 97, 141, 91, 79, 61, 7, 177, 123, 5, 78, 175, 142, 45, 162, 46, 80, 190, 105, 136, 73, 164, 193, 31, 54, 151, 117, 198, 30, 42, 156, 24, 1, 197, 16, 27, 38, 102, 32, 96, 63, 100, 17, 44, 133, 10, 178, 191, 90, 125, 131, 121, 116, 98, 51, 120, 67, 71, 147, 192, 150, 6, 85, 2, 139, 182, 138, 157, 171, 87, 82, 58, 77, 50, 14, 41, 111, 68, 8, 104, 56, 144, 160, 33, 49, 11, 168, 195, 126, 13, 132, 169, 188, 65, 161, 70, 3, 15, 145, 189, 167, 155, 184, 53, 174, 183, 9, 199, 140, 4, 149, 101, 28, 59, 20, 148, 47, 154, 94, 66, 57, 172, 52, 179, 22, 185, 95, 181, 83, 18, 55, 34, 69, 29, 39, 12, 0, 109, 35, 143, 159, 119, 106]","{'distance': {'initial': 157412, 'final': 24843}, 'objective': {'initial': -132309, 'final': 18445}}",157412,24843,-132309,18445,25103,43288,157412,25103,-132309,24843,43288,411,TSPB
lab6,hae_op3_no_ls,85,668058399,845.277934,True,,"[85, 156, 46, 10, 177, 2, 99, 163, 76, 127, 25, 167, 27, 22, 33, 192, 54, 61, 24, 50, 100, 194, 62, 172, 8, 41, 72, 118, 66, 198, 19, 134, 125, 112, 170, 171, 109, 147, 175, 158, 51, 65, 150, 6, 146, 91, 105, 97, 35, 40, 197, 39, 94, 126, 23, 195, 55, 95, 142, 7, 59, 129, 77, 191, 113, 48, 123, 70, 87, 117, 58, 18, 188, 88, 148, 138, 104, 26, 186, 140, 184, 52, 92, 137, 131, 124, 187, 89, 16, 28, 135, 44, 36, 17, 82, 9, 132, 71, 160, 0, 85]","[62, 18, 55, 34, 167, 189, 69, 109, 35, 0, 12, 39, 29, 49, 33, 160, 144, 56, 104, 171, 157, 138, 182, 11, 139, 2, 126, 13, 145, 15, 3, 70, 161, 132, 169, 65, 188, 6, 150, 192, 71, 67, 120, 51, 98, 116, 121, 125, 90, 191, 178, 10, 133, 44, 17, 100, 63, 102, 38, 27, 16, 197, 1, 24, 156, 42, 30, 198, 117, 151, 54, 31, 193, 164, 73, 136, 105, 162, 46, 175, 78, 142, 45, 5, 123, 177, 7, 61, 79, 91, 77, 58, 82, 87, 8, 68, 111, 41, 143, 159, 119, 153, 186, 163, 165, 127, 89, 103, 26, 180, 176, 88, 194, 166, 86, 185, 22, 179, 52, 172, 57, 66, 148, 20, 59, 28, 101, 149, 4, 199, 140, 183, 174, 95, 110, 128, 106, 124, 62]","{'distance': {'initial': 157412, 'final': 21692}, 'objective': {'initial': -132309, 'final': 18683}}",157412,21692,-132309,18683,25103,40375,157412,25103,-132309,21692,40375,428,TSPB
lab6,ils,85,1130317502,846.768864,True,,"[85, 192, 150, 6, 188, 65, 169, 132, 126, 13, 145, 15, 3, 161, 70, 84, 155, 184, 167, 189, 69, 29, 39, 12, 0, 109, 35, 143, 159, 119, 106, 124, 128, 62, 18, 55, 34, 170, 152, 53, 174, 183, 140, 199, 4, 149, 101, 28, 59, 20, 23, 60, 148, 47, 154, 94, 66, 57, 172, 52, 179, 22, 185, 95, 86, 110, 64, 194, 166, 48, 76, 75, 137, 114, 127, 165, 89, 103, 26, 113, 88, 176, 180, 163, 186, 153, 81, 77, 58, 82, 50, 14, 41, 111, 68, 144, 160, 33, 49, 11, 139, 182, 138, 157, 104, 56, 8, 87, 91, 79, 61, 171, 25, 123, 177, 7, 5, 78, 175, 142, 45, 162, 46, 80, 190, 105, 136, 73, 164, 31, 54, 193, 117, 30, 156, 42, 16, 27, 38, 197, 1, 24, 198, 151, 19, 112, 131, 135, 32, 102, 63, 100, 17, 44, 133, 10, 178, 191, 90, 125, 71, 67, 120, 51, 121, 116, 98, 118, 74, 2, 85]","[85, 192, 150, 6, 188, 65, 169, 132, 126, 13, 145, 15, 3, 161, 70, 84, 155, 184, 167, 189, 69, 29, 39, 12, 0, 109, 35, 143, 159, 119, 106, 124, 128, 62, 18, 55, 174, 183, 140, 199, 4, 149, 101, 28, 59, 20, 23, 60, 148, 47, 154, 94, 66, 57, 172, 52, 179, 22, 185, 95, 110, 86, 166, 194, 88, 176, 180, 26, 103, 89, 127, 165, 163, 186, 153, 81, 77, 58, 50, 14, 41, 111, 144, 160, 33, 49, 11, 139, 182, 138, 157, 104, 56, 8, 68, 82, 87, 91, 79, 61, 7, 177, 171, 25, 123, 5, 45, 142, 78, 175, 162, 46, 80, 190, 105, 136, 73, 164, 31, 54, 193, 117, 198, 30, 156, 42, 27, 38, 16, 197, 1, 24, 151, 19, 112, 121, 131, 135, 32, 102, 63, 100, 17, 44, 133, 10, 178, 90, 125, 191, 71, 67, 120, 51, 98, 118, 74, 2, 85]","{'distance': {'initial': 27306, 'final': 23841}, 'objective': {'initial': 0, 'final': 19509}}",27306,23841,0,19509,45444,43350,27306,45444,0,23841,43350,430,TSPB
lab6,lns,85,1130317502,845.179806,True,,"[85, 98, 116, 121, 112, 19, 173, 136, 45, 142, 78, 175, 162, 46, 80, 190, 105, 196, 42, 156, 16, 27, 38, 197, 1, 24, 198, 30, 117, 193, 164, 73, 31, 54, 151, 131, 135, 32, 102, 63, 100, 17, 44, 133, 10, 178, 191, 90, 125, 51, 120, 67, 71, 147, 192, 150, 6, 188, 65, 169, 132, 161, 70, 3, 84, 155, 184, 53, 152, 170, 34, 55, 18, 62, 181, 95, 9, 199, 140, 4, 149, 101, 28, 59, 20, 23, 60, 148, 47, 154, 94, 66, 57, 172, 52, 179, 22, 185, 48, 76, 75, 137, 114, 127, 165, 153, 186, 163, 89, 103, 26, 180, 176, 88, 194, 166, 86, 110, 128, 124, 106, 143, 159, 119, 41, 111, 50, 77, 58, 82, 91, 79, 61, 21, 87, 8, 68, 144, 56, 104, 171, 157, 138, 182, 139, 11, 49, 33, 160, 39, 29, 12, 0, 35, 109, 69, 167, 189, 15, 145, 13, 126, 43, 2, 85]","[85, 98, 51, 120, 67, 71, 191, 90, 125, 116, 121, 112, 19, 158, 25, 123, 177, 171, 157, 104, 56, 144, 68, 8, 87, 82, 58, 77, 97, 141, 91, 79, 61, 7, 5, 45, 142, 78, 175, 162, 46, 80, 190, 105, 136, 73, 164, 193, 31, 54, 151, 117, 198, 30, 42, 156, 24, 1, 197, 16, 27, 38, 102, 63, 100, 17, 44, 133, 10, 178, 115, 147, 192, 150, 6, 188, 65, 169, 132, 126, 13, 161, 70, 3, 15, 145, 189, 167, 155, 184, 53, 152, 170, 34, 55, 174, 183, 140, 199, 4, 149, 101, 28, 59, 20, 23, 60, 148, 47, 154, 94, 66, 57, 172, 52, 179, 22, 130, 95, 181, 83, 18, 62, 124, 128, 110, 86, 166, 194, 88, 176, 180, 26, 103, 114, 137, 127, 165, 89, 163, 186, 153, 119, 159, 143, 41, 111, 37, 35, 109, 0, 12, 29, 39, 160, 33, 49, 138, 182, 11, 139, 2, 85]","{'distance': {'initial': 26662, 'final': 24263}, 'objective': {'initial': 0, 'final': 19843}}",26662,24263,0,19843,43843,44106,26662,43843,0,24263,44106,222,TSPB
lab6,hae_op1_ls,85,1130317502,849.258998,True,,"[85, 147, 193, 34, 121, 74, 186, 66, 160, 178, 90, 33, 133, 138, 108, 48, 176, 191, 172, 139, 185, 2, 41, 6, 18, 151, 167, 153, 117, 22, 143, 4, 146, 23, 35, 115, 49, 21, 13, 50, 144, 46, 81, 148, 173, 130, 163, 140, 44, 69, 194, 15, 9, 10, 110, 73, 184, 179, 136, 109, 137, 196, 181, 12, 58, 129, 156, 165, 161, 166, 103, 54, 169, 64, 67, 125, 126, 124, 84, 3, 30, 145, 36, 91, 120, 187, 155, 116, 31, 19, 32, 28, 92, 82, 192, 188, 60, 76, 100, 119, 85]","[12, 0, 35, 109, 69, 189, 167, 155, 184, 53, 152, 170, 34, 62, 18, 55, 174, 183, 140, 199, 4, 149, 101, 28, 59, 20, 23, 60, 148, 47, 154, 94, 66, 57, 172, 52, 179, 22, 185, 95, 86, 110, 128, 124, 64, 166, 194, 88, 176, 180, 26, 103, 89, 127, 165, 163, 186, 153, 119, 159, 143, 41, 111, 68, 8, 87, 82, 58, 77, 97, 141, 91, 79, 61, 7, 5, 45, 142, 78, 175, 162, 46, 80, 190, 105, 136, 73, 164, 193, 31, 54, 151, 117, 198, 30, 42, 156, 24, 1, 197, 16, 27, 38, 102, 63, 100, 17, 44, 133, 10, 178, 115, 147, 192, 150, 6, 188, 65, 169, 132, 161, 70, 3, 15, 145, 13, 126, 195, 168, 43, 2, 85, 74, 118, 98, 51, 120, 67, 71, 191, 90, 125, 131, 121, 116, 158, 25, 123, 177, 171, 157, 104, 56, 144, 160, 33, 138, 182, 139, 11, 49, 29, 39, 12]","{'distance': {'initial': 176508, 'final': 24302}, 'objective': {'initial': -152051, 'final': 19702}}",176508,24302,-152051,19702,24457,44004,176508,24457,-152051,24302,44004,149,TSPB
lab6,hae_op2_ls,85,1130317502,846.881512,True,,"[85, 147, 193, 34, 121, 74, 186, 66, 160, 178, 90, 33, 133, 138, 108, 48, 176, 191, 172, 139, 185, 2, 41, 6, 18, 151, 167, 153, 117, 22, 143, 4, 146, 23, 35, 115, 49, 21, 13, 50, 144, 46, 81, 148, 173, 130, 163, 140, 44, 69, 194, 15, 9, 10, 110, 73, 184, 179, 136, 109, 137, 196, 181, 12, 58, 129, 156, 165, 161, 166, 103, 54, 169, 64, 67, 125, 126, 124, 84, 3, 30, 145, 36, 91, 120, 187, 155, 116, 31, 19, 32, 28, 92, 82, 192, 188, 60, 76, 100, 119, 85]","[199, 59, 28, 101, 149, 4, 140, 183, 174, 55, 18, 62, 128, 124, 106, 143, 159, 119, 41, 111, 37, 35, 109, 0, 12, 39, 29, 69, 189, 167, 184, 155, 84, 70, 161, 3, 15, 145, 13, 126, 132, 169, 65, 188, 6, 150, 192, 147, 115, 178, 10, 133, 44, 17, 100, 63, 102, 38, 27, 16, 197, 1, 24, 156, 42, 30, 198, 117, 151, 54, 31, 193, 164, 73, 136, 105, 190, 80, 46, 162, 175, 78, 142, 45, 5, 7, 61, 79, 91, 87, 171, 177, 123, 25, 158, 19, 112, 121, 131, 125, 90, 191, 71, 67, 120, 51, 98, 85, 2, 139, 11, 49, 160, 33, 138, 182, 157, 104, 56, 8, 68, 82, 58, 77, 97, 153, 186, 163, 89, 165, 127, 103, 26, 180, 176, 88, 194, 166, 86, 110, 95, 185, 22, 179, 52, 172, 57, 66, 94, 154, 47, 148, 9, 199]","{'distance': {'initial': 176508, 'final': 23402}, 'objective': {'initial': -152051, 'final': 19546}}",176508,23402,-152051,19546,24457,42948,176508,24457,-152051,23402,42948,174,TSPB
lab6,hae_op3_ls,85,1130317502,847.156858,True,,"[85, 147, 193, 34, 121, 74, 186, 66, 160, 178, 90, 33, 133, 138, 108, 48, 176, 191, 172, 139, 185, 2, 41, 6, 18, 151, 167, 153, 117, 22, 143, 4, 146, 23, 35, 115, 49, 21, 13, 50, 144, 46, 81, 148, 173, 130, 163, 140, 44, 69, 194, 15, 9, 10, 110, 73, 184, 179, 136, 109, 137, 196, 181, 12, 58, 129, 156, 165, 161, 166, 103, 54, 169, 64, 67, 125, 126, 124, 84, 3, 30, 145, 36, 91, 120, 187, 155, 116, 31, 19, 32, 28, 92, 82, 192, 188, 60, 76, 100, 119, 85]","[46, 80, 190, 105, 136, 73, 164, 193, 31, 54, 151, 117, 198, 30, 42, 156, 24, 1, 197, 16, 27, 38, 102, 63, 100, 17, 44, 133, 10, 178, 191, 90, 125, 71, 67, 120, 51, 98, 116, 121, 112, 19, 158, 25, 123, 177, 171, 157, 138, 182, 11, 139, 2, 85, 192, 150, 6, 188, 65, 169, 132, 126, 13, 161, 70, 3, 15, 145, 189, 167, 155, 184, 53, 174, 55, 18, 62, 124, 128, 110, 95, 9, 183, 140, 199, 4, 149, 101, 28, 59, 20, 23, 60, 148, 47, 154, 94, 66, 57, 172, 52, 179, 22, 185, 86, 166, 194, 88, 176, 180, 26, 103, 89, 127, 165, 163, 186, 153, 119, 159, 143, 35, 109, 0, 12, 39, 29, 49, 33, 160, 144, 56, 104, 8, 68, 111, 41, 14, 50, 77, 58, 82, 87, 91, 79, 61, 7, 5, 45, 142, 78, 175, 162, 46]","{'distance': {'initial': 176508, 'final': 23158}, 'objective': {'initial': -152051, 'final': 19794}}",176508,23158,-152051,19794,24457,42952,176508,24457,-152051,23158,42952,288,TSPB
lab6,hae_op2_no_ls,85,1130317502,846.119253,True,,"[85, 147, 193, 34, 121, 74, 186, 66, 160, 178, 90, 33, 133, 138, 108, 48, 176, 191, 172, 139, 185, 2, 41, 6, 18, 151, 167, 153, 117, 22, 143, 4, 146, 23, 35, 115, 49, 21, 13, 50, 144, 46, 81, 148, 173, 130, 163, 140, 44, 69, 194, 15, 9, 10, 110, 73, 184, 179, 136, 109, 137, 196, 181, 12, 58, 129, 156, 165, 161, 166, 103, 54, 169, 64, 67, 125, 126, 124, 84, 3, 30, 145, 36, 91, 120, 187, 155, 116, 31, 19, 32, 28, 92, 82, 192, 188, 60, 76, 100, 119, 85]","[26, 180, 176, 88, 194, 166, 86, 110, 95, 130, 22, 179, 52, 172, 57, 66, 94, 154, 47, 60, 23, 148, 9, 199, 59, 28, 101, 149, 4, 140, 183, 174, 55, 18, 62, 128, 124, 106, 143, 159, 119, 81, 77, 58, 82, 8, 68, 111, 41, 37, 35, 109, 0, 12, 39, 29, 69, 189, 167, 170, 152, 53, 184, 155, 84, 3, 70, 161, 15, 145, 195, 126, 13, 132, 169, 65, 188, 6, 150, 192, 147, 115, 178, 10, 133, 44, 17, 100, 63, 102, 38, 27, 16, 197, 1, 24, 156, 42, 30, 198, 117, 193, 105, 190, 80, 46, 162, 175, 78, 7, 177, 123, 5, 142, 45, 136, 73, 164, 31, 54, 151, 19, 112, 121, 131, 125, 90, 191, 71, 67, 120, 51, 98, 85, 2, 139, 11, 49, 33, 160, 144, 56, 104, 157, 138, 182, 25, 171, 87, 21, 61, 79, 91, 141, 97, 153, 186, 163, 165, 127, 89, 103, 26]","{'distance': {'initial': 176508, 'final': 25416}, 'objective': {'initial': -152051, 'final': 18857}}",176508,25416,-152051,18857,24457,44273,176508,24457,-152051,25416,44273,425,TSPB
lab6,hae_op3_no_ls,85,1130317502,845.274895,True,,"[85, 147, 193, 34, 121, 74, 186, 66, 160, 178, 90, 33, 133, 138, 108, 48, 176, 191, 172, 139, 185, 2, 41, 6, 18, 151, 167, 153, 117, 22, 143, 4, 146, 23, 35, 115, 49, 21, 13, 50, 144, 46, 81, 148, 173, 130, 163, 140, 44, 69, 194, 15, 9, 10, 110, 73, 184, 179, 136, 109, 137, 196, 181, 12, 58, 129, 156, 165, 161, 166, 103, 54, 169, 64, 67, 125, 126, 124, 84, 3, 30, 145, 36, 91, 120, 187, 155, 116, 31, 19, 32, 28, 92, 82, 192, 188, 60, 76, 100, 119, 85]","[26, 180, 176, 88, 194, 166, 86, 110, 95, 22, 179, 52, 172, 57, 66, 94, 154, 47, 148, 59, 28, 101, 149, 4, 199, 140, 174, 55, 18, 62, 128, 124, 106, 143, 159, 119, 41, 111, 68, 8, 104, 56, 144, 160, 33, 49, 29, 39, 12, 0, 35, 109, 69, 167, 189, 145, 15, 3, 70, 161, 13, 126, 132, 169, 65, 188, 6, 150, 192, 178, 10, 133, 44, 17, 100, 63, 102, 38, 27, 16, 197, 1, 24, 156, 42, 30, 198, 117, 151, 54, 31, 193, 164, 73, 136, 105, 190, 80, 46, 162, 175, 78, 142, 45, 5, 7, 177, 123, 25, 19, 112, 121, 125, 90, 191, 71, 67, 120, 51, 98, 85, 2, 139, 11, 182, 138, 157, 171, 87, 82, 58, 77, 153, 186, 163, 165, 127, 89, 103, 26]","{'distance': {'initial': 176508, 'final': 21161}, 'objective': {'initial': -152051, 'final': 19099}}",176508,21161,-152051,19099,24457,40260,176508,24457,-152051,21161,40260,426,TSPB
lab6,ils,85,1612545282,846.240451,True,,"[85, 98, 51, 120, 67, 71, 191, 178, 10, 133, 44, 17, 100, 122, 90, 125, 131, 121, 112, 19, 151, 24, 1, 197, 38, 27, 16, 42, 156, 30, 198, 117, 193, 54, 31, 164, 73, 136, 105, 190, 80, 46, 162, 45, 142, 175, 78, 5, 123, 177, 7, 61, 79, 91, 87, 82, 58, 77, 81, 153, 186, 163, 89, 165, 127, 137, 114, 103, 26, 180, 176, 88, 194, 166, 86, 110, 128, 124, 106, 119, 159, 143, 62, 18, 55, 174, 183, 140, 199, 9, 95, 185, 22, 179, 52, 172, 57, 66, 94, 154, 47, 148, 20, 59, 28, 101, 149, 4, 53, 184, 167, 189, 155, 84, 70, 161, 3, 15, 145, 13, 126, 132, 169, 65, 188, 6, 150, 192, 43, 139, 11, 49, 29, 39, 12, 0, 109, 35, 37, 41, 111, 68, 8, 144, 160, 33, 56, 104, 171, 157, 138, 182, 2, 85]","[85, 192, 150, 6, 188, 65, 169, 132, 126, 13, 161, 70, 3, 15, 145, 189, 167, 155, 184, 53, 4, 149, 101, 28, 59, 20, 148, 47, 154, 94, 66, 57, 172, 52, 179, 22, 185, 95, 9, 199, 140, 183, 174, 55, 18, 62, 143, 159, 119, 106, 124, 128, 110, 86, 166, 194, 88, 176, 180, 26, 103, 89, 127, 165, 163, 186, 153, 81, 77, 58, 82, 87, 91, 79, 61, 7, 177, 123, 5, 78, 175, 142, 45, 162, 46, 80, 190, 105, 136, 73, 164, 31, 54, 193, 117, 30, 42, 27, 38, 16, 197, 1, 24, 156, 198, 151, 19, 112, 121, 131, 135, 32, 102, 63, 100, 17, 44, 133, 10, 178, 90, 125, 191, 71, 67, 120, 51, 98, 116, 158, 25, 171, 157, 182, 138, 33, 160, 144, 56, 104, 8, 68, 111, 41, 37, 35, 109, 0, 12, 39, 29, 49, 11, 139, 2, 85]","{'distance': {'initial': 24479, 'final': 23750}, 'objective': {'initial': 0, 'final': 19365}}",24479,23750,0,19365,42728,43115,24479,42728,0,23750,43115,451,TSPB
lab6,lns,85,1612545282,845.076028,True,,"[85, 6, 150, 192, 147, 115, 178, 10, 133, 44, 17, 100, 122, 90, 191, 71, 67, 120, 98, 51, 125, 131, 135, 32, 102, 38, 27, 16, 197, 1, 24, 156, 42, 30, 198, 117, 193, 105, 190, 80, 46, 162, 175, 78, 142, 45, 136, 73, 164, 31, 54, 151, 19, 112, 121, 116, 158, 25, 123, 177, 7, 61, 79, 91, 141, 97, 77, 81, 153, 186, 163, 89, 165, 127, 137, 114, 103, 26, 180, 176, 88, 194, 166, 52, 172, 57, 179, 22, 66, 94, 154, 47, 148, 20, 59, 28, 101, 149, 4, 53, 152, 170, 34, 55, 174, 183, 140, 199, 9, 95, 86, 110, 128, 62, 124, 106, 143, 159, 119, 41, 111, 50, 58, 82, 68, 8, 87, 171, 157, 104, 56, 144, 160, 33, 138, 182, 139, 11, 49, 29, 39, 12, 0, 35, 109, 69, 189, 167, 184, 155, 84, 70, 161, 3, 15, 145, 13, 126, 132, 169, 65, 188, 2, 85]","[85, 2, 139, 11, 182, 138, 49, 33, 160, 144, 56, 104, 157, 171, 177, 123, 25, 158, 19, 112, 121, 116, 98, 51, 120, 67, 71, 125, 90, 191, 178, 10, 133, 44, 17, 100, 63, 102, 38, 27, 16, 197, 1, 24, 156, 42, 30, 198, 117, 151, 54, 31, 193, 164, 73, 136, 105, 190, 80, 46, 162, 175, 78, 142, 45, 5, 7, 61, 79, 91, 141, 97, 77, 58, 82, 87, 8, 68, 111, 41, 37, 12, 39, 29, 0, 109, 35, 143, 159, 119, 153, 186, 163, 89, 165, 127, 137, 114, 103, 26, 180, 176, 88, 194, 166, 52, 179, 172, 57, 66, 94, 154, 47, 148, 20, 59, 28, 101, 149, 4, 199, 140, 183, 174, 95, 130, 22, 185, 86, 110, 128, 124, 62, 18, 55, 34, 170, 152, 53, 184, 155, 167, 189, 145, 15, 3, 70, 161, 13, 126, 132, 169, 65, 188, 6, 150, 192, 85]","{'distance': {'initial': 26418, 'final': 23794}, 'objective': {'initial': 0, 'final': 19702}}",26418,23794,0,19702,44626,43496,26418,44626,0,23794,43496,230,TSPB
lab6,hae_op1_ls,85,1612545282,845.548201,True,,"[85, 151, 120, 134, 194, 122, 3, 17, 176, 115, 116, 133, 54, 145, 117, 187, 199, 158, 86, 159, 170, 98, 96, 114, 123, 47, 72, 59, 131, 24, 19, 75, 23, 103, 127, 13, 70, 193, 104, 169, 8, 79, 42, 156, 130, 167, 49, 124, 48, 157, 1, 179, 143, 25, 61, 144, 160, 188, 91, 153, 177, 142, 52, 105, 90, 152, 101, 64, 99, 34, 155, 178, 189, 180, 81, 146, 46, 80, 7, 100, 166, 20, 121, 192, 11, 136, 129, 162, 148, 84, 77, 12, 39, 4, 137, 112, 173, 126, 183, 111, 85]","[49, 11, 139, 182, 138, 157, 104, 56, 144, 68, 8, 87, 82, 58, 77, 97, 141, 91, 79, 61, 7, 78, 175, 142, 45, 5, 123, 177, 171, 25, 158, 116, 121, 112, 19, 151, 54, 31, 164, 73, 136, 162, 46, 80, 190, 105, 193, 117, 198, 30, 42, 156, 24, 1, 197, 16, 27, 38, 102, 63, 100, 17, 44, 133, 10, 178, 90, 125, 191, 71, 67, 120, 51, 98, 118, 74, 2, 85, 192, 150, 6, 188, 65, 169, 132, 161, 70, 3, 15, 145, 13, 126, 195, 69, 189, 167, 155, 184, 53, 4, 149, 101, 28, 59, 20, 23, 60, 148, 47, 154, 94, 66, 57, 172, 52, 179, 22, 130, 95, 9, 199, 140, 183, 174, 55, 18, 62, 124, 128, 110, 86, 166, 194, 88, 176, 180, 113, 114, 137, 127, 165, 89, 103, 26, 163, 186, 153, 119, 159, 143, 41, 111, 37, 35, 109, 0, 12, 29, 39, 160, 33, 49]","{'distance': {'initial': 155325, 'final': 24730}, 'objective': {'initial': -130556, 'final': 19523}}",155325,24730,-130556,19523,24769,44253,155325,24769,-130556,24730,44253,151,TSPB
lab6,hae_op2_ls,85,1612545282,846.908702,True,,"[85, 151, 120, 134, 194, 122, 3, 17, 176, 115, 116, 133, 54, 145, 117, 187, 199, 158, 86, 159, 170, 98, 96, 114, 123, 47, 72, 59, 131, 24, 19, 75, 23, 103, 127, 13, 70, 193, 104, 169, 8, 79, 42, 156, 130, 167, 49, 124, 48, 157, 1, 179, 143, 25, 61, 144, 160, 188, 91, 153, 177, 142, 52, 105, 90, 152, 101, 64, 99, 34, 155, 178, 189, 180, 81, 146, 46, 80, 7, 100, 166, 20, 121, 192, 11, 136, 129, 162, 148, 84, 77, 12, 39, 4, 137, 112, 173, 126, 183, 111, 85]","[103, 26, 180, 176, 88, 194, 166, 86, 110, 128, 124, 62, 18, 55, 174, 183, 140, 199, 9, 95, 185, 22, 179, 52, 172, 57, 66, 94, 154, 47, 148, 20, 59, 28, 101, 149, 4, 53, 184, 155, 167, 189, 145, 15, 3, 70, 161, 13, 126, 132, 169, 65, 188, 6, 150, 192, 147, 115, 178, 10, 133, 44, 17, 100, 63, 102, 38, 27, 16, 197, 1, 24, 156, 42, 30, 198, 117, 193, 164, 73, 31, 54, 151, 19, 112, 121, 131, 125, 90, 191, 71, 67, 120, 51, 98, 118, 74, 85, 2, 139, 11, 138, 182, 25, 123, 177, 5, 45, 136, 105, 190, 80, 46, 162, 175, 78, 142, 7, 61, 79, 91, 141, 97, 77, 58, 50, 14, 41, 111, 68, 82, 87, 171, 157, 104, 8, 56, 144, 160, 33, 49, 29, 39, 12, 0, 109, 35, 143, 159, 119, 153, 186, 163, 165, 127, 89, 103]","{'distance': {'initial': 155325, 'final': 23831}, 'objective': {'initial': -130556, 'final': 19506}}",155325,23831,-130556,19506,24769,43337,155325,24769,-130556,23831,43337,164,TSPB
lab6,hae_op3_ls,85,1612545282,848.906993,True,,"[85, 151, 120, 134, 194, 122, 3, 17, 176, 115, 116, 133, 54, 145, 117, 187, 199, 158, 86, 159, 170, 98, 96, 114, 123, 47, 72, 59, 131, 24, 19, 75, 23, 103, 127, 13, 70, 193, 104, 169, 8, 79, 42, 156, 130, 167, 49, 124, 48, 157, 1, 179, 143, 25, 61, 144, 160, 188, 91, 153, 177, 142, 52, 105, 90, 152, 101, 64, 99, 34, 155, 178, 189, 180, 81, 146, 46, 80, 7, 100, 166, 20, 121, 192, 11, 136, 129, 162, 148, 84, 77, 12, 39, 4, 137, 112, 173, 126, 183, 111, 85]","[98, 51, 120, 67, 71, 191, 90, 125, 116, 121, 112, 19, 158, 25, 123, 177, 171, 157, 104, 56, 144, 68, 8, 87, 82, 58, 77, 97, 141, 91, 79, 61, 7, 5, 45, 142, 78, 175, 162, 46, 80, 190, 105, 136, 73, 164, 193, 31, 54, 151, 117, 198, 30, 42, 156, 24, 1, 197, 16, 27, 38, 102, 63, 100, 17, 44, 133, 10, 178, 115, 147, 192, 150, 6, 188, 65, 169, 132, 126, 13, 161, 70, 3, 15, 145, 189, 167, 155, 184, 53, 174, 183, 140, 199, 4, 149, 101, 28, 59, 20, 23, 60, 148, 47, 154, 94, 66, 57, 172, 52, 179, 22, 185, 95, 181, 55, 18, 62, 124, 128, 110, 86, 166, 194, 88, 176, 180, 26, 103, 89, 127, 165, 163, 186, 153, 119, 159, 143, 41, 111, 37, 35, 109, 0, 12, 29, 39, 160, 33, 49, 138, 182, 11, 139, 2, 85, 98]","{'distance': {'initial': 155325, 'final': 23410}, 'objective': {'initial': -130556, 'final': 19910}}",155325,23410,-130556,19910,24769,43320,155325,24769,-130556,23410,43320,262,TSPB
lab6,hae_op2_no_ls,85,1612545282,846.596526,True,,"[85, 151, 120, 134, 194, 122, 3, 17, 176, 115, 116, 133, 54, 145, 117, 187, 199, 158, 86, 159, 170, 98, 96, 114, 123, 47, 72, 59, 131, 24, 19, 75, 23, 103, 127, 13, 70, 193, 104, 169, 8, 79, 42, 156, 130, 167, 49, 124, 48, 157, 1, 179, 143, 25, 61, 144, 160, 188, 91, 153, 177, 142, 52, 105, 90, 152, 101, 64, 99, 34, 155, 178, 189, 180, 81, 146, 46, 80, 7, 100, 166, 20, 121, 192, 11, 136, 129, 162, 148, 84, 77, 12, 39, 4, 137, 112, 173, 126, 183, 111, 85]","[86, 110, 95, 130, 22, 179, 52, 172, 57, 66, 94, 154, 47, 148, 60, 23, 20, 59, 199, 28, 101, 149, 4, 140, 183, 174, 53, 184, 155, 84, 3, 70, 161, 15, 145, 195, 126, 13, 132, 169, 65, 188, 6, 150, 192, 85, 2, 139, 182, 138, 11, 49, 33, 160, 39, 29, 12, 0, 35, 109, 69, 189, 167, 34, 55, 18, 62, 128, 124, 106, 143, 159, 119, 41, 14, 50, 58, 82, 87, 8, 68, 111, 144, 56, 104, 157, 171, 177, 123, 5, 136, 73, 164, 31, 54, 151, 19, 112, 121, 116, 98, 51, 120, 67, 71, 191, 125, 90, 178, 10, 133, 44, 17, 100, 63, 102, 38, 27, 16, 197, 1, 24, 156, 42, 30, 198, 117, 193, 105, 190, 80, 46, 162, 45, 142, 175, 78, 7, 61, 79, 91, 141, 97, 77, 81, 153, 186, 163, 165, 127, 89, 103, 26, 180, 176, 88, 194, 166, 86]","{'distance': {'initial': 155325, 'final': 24260}, 'objective': {'initial': -130556, 'final': 19131}}",155325,24260,-130556,19131,24769,43391,155325,24769,-130556,24260,43391,393,TSPB
lab6,hae_op3_no_ls,85,1612545282,845.540581,True,,"[85, 151, 120, 134, 194, 122, 3, 17, 176, 115, 116, 133, 54, 145, 117, 187, 199, 158, 86, 159, 170, 98, 96, 114, 123, 47, 72, 59, 131, 24, 19, 75, 23, 103, 127, 13, 70, 193, 104, 169, 8, 79, 42, 156, 130, 167, 49, 124, 48, 157, 1, 179, 143, 25, 61, 144, 160, 188, 91, 153, 177, 142, 52, 105, 90, 152, 101, 64, 99, 34, 155, 178, 189, 180, 81, 146, 46, 80, 7, 100, 166, 20, 121, 192, 11, 136, 129, 162, 148, 84, 77, 12, 39, 4, 137, 112, 173, 126, 183, 111, 85]","[86, 110, 95, 130, 22, 179, 52, 172, 57, 66, 94, 154, 47, 148, 60, 23, 20, 59, 199, 28, 101, 149, 4, 140, 183, 174, 53, 184, 155, 84, 3, 70, 161, 15, 145, 195, 126, 13, 132, 169, 65, 188, 6, 150, 192, 85, 2, 139, 182, 138, 11, 49, 33, 160, 39, 29, 12, 0, 35, 109, 69, 189, 167, 34, 55, 18, 62, 128, 124, 106, 143, 159, 119, 41, 14, 50, 58, 82, 87, 8, 68, 111, 144, 56, 104, 157, 171, 177, 123, 5, 136, 73, 164, 31, 54, 151, 19, 112, 121, 116, 98, 51, 120, 67, 71, 191, 125, 90, 178, 10, 133, 44, 17, 100, 63, 102, 38, 27, 16, 197, 1, 24, 156, 42, 30, 198, 117, 193, 105, 190, 80, 46, 162, 45, 142, 175, 78, 7, 61, 79, 91, 141, 97, 77, 81, 153, 186, 163, 165, 127, 89, 103, 26, 180, 176, 88, 194, 166, 86]","{'distance': {'initial': 155325, 'final': 24260}, 'objective': {'initial': -130556, 'final': 19131}}",155325,24260,-130556,19131,24769,43391,155325,24769,-130556,24260,43391,370,TSPB
lab6,ils,85,1183913513,846.124743,True,,"[85, 2, 139, 182, 138, 11, 49, 33, 160, 144, 56, 104, 157, 171, 25, 158, 116, 121, 112, 19, 151, 54, 73, 164, 31, 117, 198, 24, 1, 197, 156, 42, 30, 193, 105, 136, 162, 46, 175, 78, 142, 45, 5, 123, 177, 7, 61, 79, 91, 87, 58, 82, 8, 68, 111, 12, 39, 29, 0, 109, 35, 37, 41, 14, 50, 77, 81, 153, 186, 163, 89, 165, 127, 137, 114, 103, 26, 180, 176, 88, 194, 166, 52, 172, 57, 179, 22, 185, 95, 9, 199, 59, 28, 101, 149, 4, 140, 183, 174, 181, 110, 128, 124, 62, 18, 55, 34, 69, 189, 167, 184, 155, 84, 70, 161, 3, 15, 145, 13, 126, 132, 169, 65, 188, 6, 150, 192, 147, 115, 178, 10, 133, 44, 17, 100, 63, 92, 27, 16, 38, 102, 32, 122, 90, 191, 125, 51, 98, 118, 74, 85]","[85, 2, 139, 182, 138, 11, 49, 33, 160, 144, 56, 104, 157, 171, 25, 158, 116, 121, 112, 19, 151, 198, 156, 24, 1, 197, 16, 38, 27, 42, 30, 117, 193, 54, 31, 164, 73, 136, 105, 190, 80, 46, 162, 175, 78, 142, 45, 5, 123, 177, 7, 61, 79, 91, 87, 82, 8, 68, 111, 39, 29, 12, 0, 109, 35, 37, 41, 14, 50, 58, 77, 81, 153, 186, 163, 89, 165, 127, 137, 114, 103, 26, 180, 176, 88, 194, 166, 86, 185, 22, 179, 52, 172, 57, 66, 94, 154, 47, 148, 20, 59, 28, 101, 149, 4, 199, 140, 183, 174, 95, 110, 128, 124, 62, 18, 55, 34, 170, 152, 53, 184, 167, 189, 155, 84, 70, 161, 3, 15, 145, 13, 126, 132, 169, 65, 188, 6, 150, 192, 147, 71, 67, 120, 191, 178, 10, 133, 44, 17, 100, 63, 102, 32, 122, 90, 125, 51, 98, 85]","{'distance': {'initial': 24222, 'final': 24244}, 'objective': {'initial': 0, 'final': 19029}}",24222,24244,0,19029,41870,43273,24222,41870,0,24244,43273,454,TSPB
lab6,lns,85,1183913513,845.559291,True,,"[85, 120, 67, 71, 191, 90, 125, 51, 98, 116, 121, 131, 122, 133, 44, 17, 100, 63, 102, 38, 27, 16, 197, 1, 24, 156, 42, 30, 198, 117, 151, 54, 31, 193, 164, 73, 136, 105, 190, 80, 46, 162, 175, 78, 142, 45, 5, 123, 177, 7, 61, 79, 91, 87, 171, 25, 182, 138, 11, 49, 33, 160, 144, 56, 104, 8, 68, 82, 58, 77, 81, 153, 186, 163, 165, 127, 89, 103, 26, 180, 176, 88, 194, 166, 86, 110, 128, 18, 55, 174, 183, 140, 199, 9, 95, 185, 22, 179, 52, 172, 57, 66, 94, 154, 47, 148, 60, 23, 20, 59, 28, 101, 149, 4, 53, 152, 170, 34, 62, 124, 106, 143, 159, 119, 41, 111, 37, 12, 39, 29, 0, 35, 109, 69, 189, 167, 184, 155, 84, 3, 15, 145, 70, 161, 13, 126, 132, 169, 65, 188, 6, 150, 192, 134, 2, 85]","[85, 192, 150, 6, 188, 65, 169, 132, 126, 13, 161, 70, 3, 15, 145, 189, 167, 155, 184, 53, 152, 170, 34, 55, 174, 183, 140, 199, 4, 149, 101, 28, 59, 20, 23, 60, 148, 47, 154, 94, 66, 57, 172, 52, 179, 22, 130, 95, 181, 83, 18, 62, 124, 128, 110, 86, 166, 194, 88, 176, 180, 26, 103, 89, 127, 165, 163, 186, 153, 119, 159, 143, 35, 109, 0, 29, 39, 12, 37, 41, 111, 68, 8, 87, 82, 58, 77, 97, 141, 91, 79, 61, 7, 5, 45, 142, 78, 175, 162, 46, 80, 190, 105, 136, 73, 164, 193, 31, 54, 151, 117, 198, 30, 42, 156, 24, 1, 197, 16, 27, 38, 102, 63, 100, 17, 44, 133, 10, 178, 90, 125, 191, 71, 67, 120, 51, 98, 116, 121, 112, 19, 158, 25, 123, 177, 171, 157, 104, 56, 144, 160, 33, 49, 138, 182, 11, 139, 2, 85]","{'distance': {'initial': 24393, 'final': 23464}, 'objective': {'initial': 0, 'final': 19879}}",24393,23464,0,19879,43225,43343,24393,43225,0,23464,43343,261,TSPB
lab6,hae_op1_ls,85,1183913513,849.424667,True,,"[85, 163, 16, 53, 143, 180, 116, 162, 117, 18, 55, 110, 10, 46, 187, 171, 67, 87, 123, 92, 72, 169, 147, 114, 127, 118, 33, 190, 150, 27, 151, 19, 69, 25, 35, 59, 164, 100, 86, 191, 155, 189, 96, 161, 12, 70, 93, 120, 42, 6, 15, 158, 125, 3, 54, 68, 31, 124, 34, 14, 122, 38, 81, 9, 56, 199, 8, 133, 113, 168, 177, 134, 90, 142, 102, 23, 32, 4, 111, 83, 73, 84, 51, 49, 144, 63, 22, 182, 41, 174, 5, 179, 11, 40, 76, 26, 109, 60, 61, 74, 85]","[102, 63, 100, 17, 44, 133, 10, 178, 115, 147, 192, 150, 6, 188, 65, 169, 132, 161, 70, 3, 15, 145, 13, 126, 43, 2, 139, 11, 138, 182, 74, 118, 98, 51, 120, 67, 71, 191, 90, 125, 116, 121, 112, 19, 158, 25, 123, 177, 171, 157, 104, 56, 144, 160, 33, 49, 29, 39, 12, 0, 35, 109, 69, 189, 167, 155, 184, 53, 4, 149, 101, 28, 59, 20, 148, 47, 154, 94, 66, 57, 172, 52, 179, 22, 185, 95, 9, 199, 140, 183, 174, 55, 18, 62, 124, 128, 110, 86, 166, 194, 88, 176, 180, 26, 103, 89, 127, 165, 163, 186, 153, 119, 159, 143, 41, 111, 68, 8, 87, 82, 58, 77, 97, 141, 91, 79, 61, 7, 5, 45, 142, 78, 175, 162, 46, 80, 190, 105, 136, 73, 164, 31, 54, 151, 193, 117, 198, 30, 42, 156, 24, 1, 197, 16, 27, 38, 102]","{'distance': {'initial': 164419, 'final': 23574}, 'objective': {'initial': -139203, 'final': 19733}}",164419,23574,-139203,19733,25216,43307,164419,25216,-139203,23574,43307,154,TSPB
lab6,hae_op2_ls,85,1183913513,846.693825,True,,"[85, 163, 16, 53, 143, 180, 116, 162, 117, 18, 55, 110, 10, 46, 187, 171, 67, 87, 123, 92, 72, 169, 147, 114, 127, 118, 33, 190, 150, 27, 151, 19, 69, 25, 35, 59, 164, 100, 86, 191, 155, 189, 96, 161, 12, 70, 93, 120, 42, 6, 15, 158, 125, 3, 54, 68, 31, 124, 34, 14, 122, 38, 81, 9, 56, 199, 8, 133, 113, 168, 177, 134, 90, 142, 102, 23, 32, 4, 111, 83, 73, 84, 51, 49, 144, 63, 22, 182, 41, 174, 5, 179, 11, 40, 76, 26, 109, 60, 61, 74, 85]","[123, 177, 7, 61, 79, 91, 141, 97, 77, 81, 153, 186, 163, 165, 127, 89, 103, 26, 180, 176, 88, 194, 166, 86, 110, 95, 185, 22, 179, 52, 172, 57, 66, 94, 154, 47, 148, 60, 23, 20, 59, 28, 101, 149, 4, 140, 199, 9, 183, 174, 55, 18, 62, 128, 124, 106, 143, 159, 119, 41, 111, 68, 8, 82, 58, 87, 171, 157, 104, 56, 144, 160, 33, 49, 29, 39, 12, 0, 35, 109, 69, 189, 167, 184, 155, 84, 70, 161, 3, 15, 145, 195, 126, 13, 132, 169, 65, 188, 6, 150, 192, 85, 2, 139, 11, 138, 182, 25, 158, 19, 112, 121, 116, 98, 51, 120, 67, 71, 125, 90, 191, 178, 10, 133, 44, 17, 100, 63, 102, 38, 27, 16, 197, 1, 24, 156, 42, 30, 198, 117, 151, 54, 31, 193, 164, 73, 136, 105, 190, 80, 46, 162, 175, 78, 142, 45, 5, 123]","{'distance': {'initial': 164419, 'final': 23683}, 'objective': {'initial': -139203, 'final': 19871}}",164419,23683,-139203,19871,25216,43554,164419,25216,-139203,23683,43554,173,TSPB
lab6,hae_op3_ls,85,1183913513,847.858339,True,,"[85, 163, 16, 53, 143, 180, 116, 162, 117, 18, 55, 110, 10, 46, 187, 171, 67, 87, 123, 92, 72, 169, 147, 114, 127, 118, 33, 190, 150, 27, 151, 19, 69, 25, 35, 59, 164, 100, 86, 191, 155, 189, 96, 161, 12, 70, 93, 120, 42, 6, 15, 158, 125, 3, 54, 68, 31, 124, 34, 14, 122, 38, 81, 9, 56, 199, 8, 133, 113, 168, 177, 134, 90, 142, 102, 23, 32, 4, 111, 83, 73, 84, 51, 49, 144, 63, 22, 182, 41, 174, 5, 179, 11, 40, 76, 26, 109, 60, 61, 74, 85]","[46, 162, 45, 142, 175, 78, 5, 123, 177, 7, 61, 79, 91, 141, 97, 77, 58, 82, 87, 171, 157, 104, 56, 8, 68, 111, 41, 143, 159, 119, 153, 186, 163, 165, 127, 89, 103, 26, 180, 176, 88, 194, 166, 86, 110, 128, 124, 62, 18, 55, 181, 95, 185, 22, 179, 52, 172, 57, 66, 94, 154, 47, 148, 60, 23, 20, 59, 28, 101, 149, 4, 199, 140, 183, 174, 53, 184, 155, 167, 189, 69, 109, 35, 0, 12, 29, 39, 160, 33, 49, 138, 182, 11, 139, 2, 43, 126, 13, 145, 15, 3, 70, 161, 132, 169, 65, 188, 6, 150, 192, 147, 71, 67, 120, 51, 98, 116, 121, 112, 19, 131, 125, 90, 191, 178, 10, 133, 44, 17, 100, 63, 102, 38, 27, 16, 197, 1, 24, 156, 42, 30, 198, 117, 151, 54, 31, 193, 164, 73, 136, 105, 190, 80, 46]","{'distance': {'initial': 164419, 'final': 23107}, 'objective': {'initial': -139203, 'final': 19887}}",164419,23107,-139203,19887,25216,42994,164419,25216,-139203,23107,42994,281,TSPB
lab6,hae_op2_no_ls,85,1183913513,845.57055,True,,"[85, 163, 16, 53, 143, 180, 116, 162, 117, 18, 55, 110, 10, 46, 187, 171, 67, 87, 123, 92, 72, 169, 147, 114, 127, 118, 33, 190, 150, 27, 151, 19, 69, 25, 35, 59, 164, 100, 86, 191, 155, 189, 96, 161, 12, 70, 93, 120, 42, 6, 15, 158, 125, 3, 54, 68, 31, 124, 34, 14, 122, 38, 81, 9, 56, 199, 8, 133, 113, 168, 177, 134, 90, 142, 102, 23, 32, 4, 111, 83, 73, 84, 51, 49, 144, 63, 22, 182, 41, 174, 5, 179, 11, 40, 76, 26, 109, 60, 61, 74, 85]","[73, 164, 193, 31, 54, 151, 117, 198, 30, 42, 156, 24, 1, 197, 16, 27, 38, 102, 63, 100, 17, 44, 133, 10, 178, 90, 191, 120, 67, 71, 147, 192, 150, 6, 188, 65, 169, 132, 161, 70, 3, 15, 145, 13, 126, 43, 2, 85, 74, 118, 98, 51, 125, 131, 19, 112, 121, 116, 158, 25, 171, 157, 104, 56, 8, 68, 111, 41, 37, 144, 160, 33, 138, 182, 139, 11, 49, 29, 39, 12, 0, 35, 109, 69, 189, 167, 155, 184, 53, 4, 149, 101, 28, 59, 199, 140, 183, 174, 55, 18, 62, 143, 159, 119, 106, 124, 128, 110, 86, 95, 185, 22, 179, 66, 94, 154, 57, 172, 52, 166, 194, 88, 176, 180, 26, 103, 114, 137, 127, 165, 89, 163, 186, 153, 81, 77, 58, 82, 87, 91, 79, 61, 7, 177, 123, 5, 45, 142, 78, 175, 162, 46, 80, 190, 105, 136, 73]","{'distance': {'initial': 164419, 'final': 24488}, 'objective': {'initial': -139203, 'final': 18940}}",164419,24488,-139203,18940,25216,43428,164419,25216,-139203,24488,43428,420,TSPB
lab6,hae_op3_no_ls,85,1183913513,845.485752,True,,"[85, 163, 16, 53, 143, 180, 116, 162, 117, 18, 55, 110, 10, 46, 187, 171, 67, 87, 123, 92, 72, 169, 147, 114, 127, 118, 33, 190, 150, 27, 151, 19, 69, 25, 35, 59, 164, 100, 86, 191, 155, 189, 96, 161, 12, 70, 93, 120, 42, 6, 15, 158, 125, 3, 54, 68, 31, 124, 34, 14, 122, 38, 81, 9, 56, 199, 8, 133, 113, 168, 177, 134, 90, 142, 102, 23, 32, 4, 111, 83, 73, 84, 51, 49, 144, 63, 22, 182, 41, 174, 5, 179, 11, 40, 76, 26, 109, 60, 61, 74, 85]","[73, 164, 193, 31, 54, 151, 117, 198, 30, 42, 156, 24, 1, 197, 16, 27, 38, 102, 63, 100, 17, 44, 133, 10, 178, 90, 191, 120, 67, 71, 147, 192, 150, 6, 188, 65, 169, 132, 161, 70, 3, 15, 145, 13, 126, 43, 2, 85, 74, 118, 98, 51, 125, 131, 19, 112, 121, 116, 158, 25, 171, 157, 104, 56, 8, 68, 111, 41, 37, 144, 160, 33, 138, 182, 139, 11, 49, 29, 39, 12, 0, 35, 109, 69, 189, 167, 155, 184, 53, 4, 149, 101, 28, 59, 199, 140, 183, 174, 55, 18, 62, 143, 159, 119, 106, 124, 128, 110, 86, 95, 185, 22, 179, 66, 94, 154, 57, 172, 52, 166, 194, 88, 176, 180, 26, 103, 114, 137, 127, 165, 89, 163, 186, 153, 81, 77, 58, 82, 87, 91, 79, 61, 7, 177, 123, 5, 45, 142, 78, 175, 162, 46, 80, 190, 105, 136, 73]","{'distance': {'initial': 164419, 'final': 24488}, 'objective': {'initial': -139203, 'final': 18940}}",164419,24488,-139203,18940,25216,43428,164419,25216,-139203,24488,43428,422,TSPB
lab6,ils,85,1242644980,845.334484,True,,"[85, 2, 139, 11, 138, 33, 160, 144, 56, 104, 8, 68, 111, 41, 14, 50, 82, 87, 58, 77, 97, 153, 186, 163, 26, 103, 89, 165, 127, 137, 114, 113, 180, 176, 88, 194, 166, 86, 110, 95, 185, 22, 179, 52, 172, 57, 66, 94, 154, 47, 148, 20, 59, 28, 101, 149, 4, 140, 199, 9, 183, 174, 55, 18, 62, 128, 124, 34, 170, 152, 53, 184, 155, 167, 189, 69, 109, 35, 0, 12, 39, 29, 49, 195, 126, 13, 145, 15, 3, 70, 161, 132, 169, 65, 188, 6, 150, 192, 147, 115, 178, 10, 133, 44, 17, 100, 63, 102, 38, 27, 16, 197, 1, 24, 156, 42, 30, 198, 117, 151, 54, 31, 193, 164, 73, 136, 105, 190, 80, 46, 162, 45, 142, 175, 78, 5, 7, 61, 79, 91, 177, 123, 158, 116, 121, 131, 125, 90, 191, 71, 67, 120, 51, 98, 118, 25, 171, 157, 182, 85]","[85, 2, 182, 138, 157, 104, 56, 8, 68, 111, 41, 14, 50, 77, 81, 153, 186, 163, 165, 127, 89, 103, 26, 180, 176, 88, 194, 166, 86, 185, 22, 179, 52, 172, 57, 66, 94, 154, 47, 148, 60, 23, 20, 59, 28, 101, 149, 4, 199, 140, 183, 174, 95, 110, 128, 124, 62, 18, 55, 34, 170, 152, 53, 184, 155, 167, 189, 69, 109, 35, 0, 12, 29, 39, 160, 33, 49, 11, 139, 168, 195, 126, 13, 145, 15, 3, 70, 161, 132, 169, 65, 188, 6, 150, 192, 147, 115, 178, 10, 133, 44, 17, 100, 63, 102, 38, 27, 16, 197, 1, 24, 156, 42, 30, 198, 117, 151, 54, 31, 193, 164, 73, 136, 105, 190, 80, 46, 162, 175, 78, 142, 45, 5, 7, 61, 79, 91, 58, 82, 87, 171, 177, 123, 25, 158, 116, 121, 112, 19, 131, 125, 90, 191, 71, 67, 120, 51, 98, 85]","{'distance': {'initial': 25435, 'final': 23682}, 'objective': {'initial': 0, 'final': 19540}}",25435,23682,0,19540,43354,43222,25435,43354,0,23682,43222,456,TSPB
lab6,lns,85,1242644980,846.147592,True,,"[85, 2, 43, 168, 195, 126, 13, 145, 15, 161, 70, 3, 189, 167, 155, 184, 53, 174, 55, 18, 62, 124, 128, 110, 86, 95, 185, 22, 179, 57, 172, 52, 166, 194, 88, 176, 180, 26, 103, 127, 165, 89, 163, 186, 153, 97, 77, 58, 50, 14, 41, 111, 39, 12, 0, 35, 109, 29, 160, 33, 49, 11, 139, 182, 138, 157, 104, 56, 144, 68, 8, 82, 87, 171, 177, 123, 5, 78, 175, 142, 45, 162, 46, 80, 190, 136, 73, 164, 31, 54, 151, 117, 198, 30, 193, 105, 196, 42, 156, 24, 1, 197, 16, 27, 38, 102, 63, 100, 17, 44, 133, 10, 178, 191, 90, 125, 131, 121, 116, 98, 51, 120, 67, 71, 147, 192, 150, 6, 188, 65, 169, 134, 85]","[85, 2, 134, 192, 150, 6, 188, 65, 169, 132, 126, 13, 161, 70, 3, 15, 145, 189, 167, 155, 184, 53, 174, 55, 18, 62, 124, 128, 110, 86, 95, 185, 22, 179, 57, 172, 52, 166, 194, 88, 176, 180, 26, 103, 89, 127, 165, 163, 186, 153, 81, 14, 50, 77, 58, 82, 87, 8, 68, 111, 41, 37, 35, 109, 0, 12, 39, 29, 49, 11, 139, 182, 138, 33, 160, 144, 56, 104, 157, 171, 177, 123, 5, 45, 142, 78, 175, 162, 46, 80, 190, 105, 136, 73, 164, 193, 31, 54, 151, 117, 198, 30, 42, 156, 24, 1, 197, 16, 27, 38, 102, 63, 100, 17, 44, 133, 10, 178, 71, 67, 120, 191, 90, 125, 131, 121, 116, 51, 98, 85]","{'distance': {'initial': 20942, 'final': 19570}, 'objective': {'initial': 0, 'final': 17850}}",20942,19570,0,17850,37695,37420,20942,37695,0,19570,37420,494,TSPB
lab6,hae_op1_ls,85,1242644980,845.800508,True,,"[85, 61, 17, 110, 161, 144, 42, 134, 133, 75, 5, 158, 67, 180, 2, 68, 14, 130, 55, 36, 193, 198, 149, 31, 168, 181, 195, 71, 183, 32, 103, 176, 185, 79, 22, 107, 104, 139, 192, 50, 41, 171, 38, 12, 34, 111, 182, 52, 86, 54, 83, 16, 196, 64, 45, 135, 127, 93, 96, 154, 39, 56, 152, 21, 20, 8, 43, 100, 186, 13, 116, 177, 178, 97, 145, 169, 95, 29, 187, 138, 81, 63, 170, 147, 80, 105, 123, 155, 53, 163, 11, 109, 6, 35, 115, 194, 66, 18, 89, 179, 85]","[185, 95, 110, 86, 166, 194, 88, 176, 180, 113, 114, 137, 127, 165, 89, 103, 26, 163, 186, 153, 97, 77, 58, 82, 87, 91, 79, 61, 7, 5, 78, 175, 142, 45, 162, 46, 80, 190, 105, 136, 193, 117, 198, 30, 42, 156, 24, 1, 197, 16, 27, 38, 102, 63, 100, 17, 44, 133, 10, 178, 122, 131, 121, 112, 19, 151, 54, 31, 164, 73, 173, 123, 177, 171, 25, 182, 138, 11, 139, 2, 85, 74, 118, 98, 51, 125, 90, 191, 120, 67, 71, 147, 192, 150, 6, 188, 65, 169, 132, 126, 13, 145, 15, 3, 161, 70, 84, 155, 184, 167, 189, 69, 109, 35, 0, 12, 39, 29, 49, 33, 160, 144, 56, 104, 8, 68, 111, 41, 119, 159, 143, 106, 124, 128, 62, 18, 55, 174, 183, 140, 199, 4, 149, 101, 28, 59, 20, 23, 60, 148, 47, 154, 94, 66, 57, 172, 52, 179, 22, 185]","{'distance': {'initial': 162522, 'final': 24432}, 'objective': {'initial': -139985, 'final': 19427}}",162522,24432,-139985,19427,22537,43859,162522,22537,-139985,24432,43859,158,TSPB
lab6,hae_op2_ls,85,1242644980,846.277581,True,,"[85, 61, 17, 110, 161, 144, 42, 134, 133, 75, 5, 158, 67, 180, 2, 68, 14, 130, 55, 36, 193, 198, 149, 31, 168, 181, 195, 71, 183, 32, 103, 176, 185, 79, 22, 107, 104, 139, 192, 50, 41, 171, 38, 12, 34, 111, 182, 52, 86, 54, 83, 16, 196, 64, 45, 135, 127, 93, 96, 154, 39, 56, 152, 21, 20, 8, 43, 100, 186, 13, 116, 177, 178, 97, 145, 169, 95, 29, 187, 138, 81, 63, 170, 147, 80, 105, 123, 155, 53, 163, 11, 109, 6, 35, 115, 194, 66, 18, 89, 179, 85]","[71, 67, 120, 51, 98, 85, 2, 139, 182, 138, 11, 49, 33, 160, 39, 29, 12, 0, 35, 109, 69, 167, 189, 145, 15, 3, 70, 161, 13, 126, 132, 169, 65, 188, 6, 150, 192, 147, 115, 178, 10, 133, 44, 17, 100, 63, 102, 38, 27, 16, 197, 1, 24, 156, 42, 30, 198, 117, 151, 54, 31, 193, 164, 73, 136, 105, 190, 80, 46, 162, 175, 78, 142, 45, 5, 123, 177, 7, 61, 79, 91, 87, 82, 58, 77, 81, 153, 186, 163, 165, 127, 89, 103, 26, 180, 176, 88, 194, 166, 86, 110, 95, 185, 22, 179, 52, 172, 57, 66, 94, 154, 47, 148, 20, 59, 28, 101, 149, 4, 199, 140, 183, 174, 55, 18, 62, 128, 124, 106, 143, 159, 119, 41, 111, 68, 8, 56, 104, 157, 171, 25, 158, 19, 112, 121, 116, 125, 90, 191, 71]","{'distance': {'initial': 162522, 'final': 22066}, 'objective': {'initial': -139985, 'final': 19816}}",162522,22066,-139985,19816,22537,41882,162522,22537,-139985,22066,41882,172,TSPB
lab6,hae_op3_ls,85,1242644980,846.427968,True,,"[85, 61, 17, 110, 161, 144, 42, 134, 133, 75, 5, 158, 67, 180, 2, 68, 14, 130, 55, 36, 193, 198, 149, 31, 168, 181, 195, 71, 183, 32, 103, 176, 185, 79, 22, 107, 104, 139, 192, 50, 41, 171, 38, 12, 34, 111, 182, 52, 86, 54, 83, 16, 196, 64, 45, 135, 127, 93, 96, 154, 39, 56, 152, 21, 20, 8, 43, 100, 186, 13, 116, 177, 178, 97, 145, 169, 95, 29, 187, 138, 81, 63, 170, 147, 80, 105, 123, 155, 53, 163, 11, 109, 6, 35, 115, 194, 66, 18, 89, 179, 85]","[63, 102, 38, 27, 16, 197, 1, 24, 156, 42, 30, 198, 117, 151, 54, 31, 193, 164, 73, 136, 105, 190, 80, 46, 162, 175, 78, 142, 45, 5, 7, 61, 79, 91, 87, 82, 58, 77, 81, 153, 186, 163, 165, 127, 89, 103, 26, 180, 176, 88, 194, 166, 86, 110, 95, 185, 22, 179, 52, 172, 57, 66, 94, 154, 47, 148, 60, 23, 20, 59, 28, 101, 149, 4, 199, 140, 183, 174, 55, 18, 62, 128, 124, 106, 143, 159, 119, 41, 111, 68, 8, 104, 56, 144, 160, 33, 49, 29, 39, 12, 0, 35, 109, 69, 189, 167, 184, 155, 84, 70, 161, 3, 15, 145, 13, 126, 132, 169, 65, 188, 6, 150, 192, 85, 2, 139, 11, 182, 138, 157, 171, 177, 123, 25, 158, 19, 112, 121, 116, 98, 51, 120, 67, 71, 191, 125, 90, 178, 10, 133, 44, 17, 100, 63]","{'distance': {'initial': 162522, 'final': 22726}, 'objective': {'initial': -139985, 'final': 20091}}",162522,22726,-139985,20091,22537,42817,162522,22537,-139985,22726,42817,278,TSPB
lab6,hae_op2_no_ls,85,1242644980,847.03252,True,,"[85, 61, 17, 110, 161, 144, 42, 134, 133, 75, 5, 158, 67, 180, 2, 68, 14, 130, 55, 36, 193, 198, 149, 31, 168, 181, 195, 71, 183, 32, 103, 176, 185, 79, 22, 107, 104, 139, 192, 50, 41, 171, 38, 12, 34, 111, 182, 52, 86, 54, 83, 16, 196, 64, 45, 135, 127, 93, 96, 154, 39, 56, 152, 21, 20, 8, 43, 100, 186, 13, 116, 177, 178, 97, 145, 169, 95, 29, 187, 138, 81, 63, 170, 147, 80, 105, 123, 155, 53, 163, 11, 109, 6, 35, 115, 194, 66, 18, 89, 179, 85]","[196, 30, 198, 117, 193, 105, 190, 80, 46, 162, 45, 142, 175, 78, 7, 61, 79, 91, 141, 97, 77, 81, 153, 186, 163, 89, 165, 127, 137, 114, 103, 26, 180, 176, 88, 194, 166, 52, 179, 172, 57, 66, 94, 154, 47, 148, 60, 23, 20, 59, 28, 101, 149, 4, 199, 140, 53, 184, 155, 167, 189, 69, 34, 174, 95, 130, 22, 185, 86, 110, 128, 83, 55, 18, 62, 124, 106, 119, 159, 143, 35, 109, 0, 12, 29, 39, 160, 33, 49, 11, 139, 182, 138, 157, 104, 56, 8, 68, 111, 41, 14, 50, 58, 82, 87, 171, 25, 123, 177, 5, 136, 73, 164, 31, 54, 151, 19, 112, 121, 131, 125, 90, 191, 71, 67, 120, 51, 98, 85, 2, 43, 126, 13, 145, 15, 3, 70, 161, 132, 169, 65, 188, 6, 150, 192, 147, 115, 178, 10, 133, 44, 17, 100, 63, 102, 38, 27, 16, 197, 1, 24, 156, 42, 196]","{'distance': {'initial': 162522, 'final': 25949}, 'objective': {'initial': -139985, 'final': 18733}}",162522,25949,-139985,18733,22537,44682,162522,22537,-139985,25949,44682,420,TSPB
lab6,hae_op3_no_ls,85,1242644980,845.57304,True,,"[85, 61, 17, 110, 161, 144, 42, 134, 133, 75, 5, 158, 67, 180, 2, 68, 14, 130, 55, 36, 193, 198, 149, 31, 168, 181, 195, 71, 183, 32, 103, 176, 185, 79, 22, 107, 104, 139, 192, 50, 41, 171, 38, 12, 34, 111, 182, 52, 86, 54, 83, 16, 196, 64, 45, 135, 127, 93, 96, 154, 39, 56, 152, 21, 20, 8, 43, 100, 186, 13, 116, 177, 178, 97, 145, 169, 95, 29, 187, 138, 81, 63, 170, 147, 80, 105, 123, 155, 53, 163, 11, 109, 6, 35, 115, 194, 66, 18, 89, 179, 85]","[138, 49, 33, 160, 39, 29, 12, 0, 109, 35, 143, 159, 119, 153, 186, 163, 165, 127, 89, 103, 26, 180, 176, 88, 194, 166, 52, 172, 57, 179, 22, 148, 20, 59, 28, 101, 149, 4, 199, 140, 183, 174, 95, 110, 128, 124, 62, 18, 55, 34, 69, 167, 189, 145, 15, 3, 70, 161, 13, 126, 132, 169, 65, 188, 6, 150, 192, 147, 71, 67, 120, 51, 125, 90, 191, 178, 10, 133, 44, 17, 100, 63, 102, 38, 27, 16, 197, 1, 24, 156, 42, 30, 198, 117, 151, 54, 193, 31, 164, 73, 136, 105, 190, 80, 46, 162, 175, 78, 142, 45, 5, 7, 61, 79, 91, 77, 58, 82, 87, 8, 68, 144, 56, 104, 157, 171, 177, 123, 25, 158, 19, 112, 121, 116, 98, 85, 2, 139, 11, 182, 138]","{'distance': {'initial': 162522, 'final': 21813}, 'objective': {'initial': -139985, 'final': 18809}}",162522,21813,-139985,18809,22537,40622,162522,22537,-139985,21813,40622,419,TSPB
lab6,ils,85,375679063,845.344374,True,,"[85, 2, 182, 138, 33, 56, 104, 8, 68, 144, 160, 49, 11, 139, 168, 195, 126, 13, 145, 161, 70, 3, 15, 189, 167, 155, 184, 53, 4, 149, 101, 28, 59, 20, 148, 47, 154, 94, 66, 57, 172, 179, 52, 166, 194, 114, 137, 127, 165, 89, 163, 103, 26, 113, 88, 180, 176, 86, 95, 185, 22, 9, 199, 140, 183, 174, 55, 18, 62, 110, 128, 124, 106, 143, 159, 119, 186, 153, 97, 77, 81, 14, 41, 111, 50, 58, 82, 87, 91, 79, 61, 171, 25, 123, 177, 7, 5, 78, 175, 142, 45, 162, 46, 80, 190, 136, 105, 196, 42, 156, 30, 198, 117, 193, 31, 164, 73, 54, 151, 24, 1, 197, 16, 27, 38, 102, 63, 100, 17, 44, 133, 122, 32, 135, 131, 19, 112, 121, 116, 98, 51, 125, 90, 191, 178, 115, 147, 192, 150, 6, 188, 65, 169, 134, 85]","[85, 2, 182, 138, 157, 104, 56, 8, 68, 144, 12, 0, 35, 109, 29, 39, 160, 33, 49, 11, 139, 168, 195, 126, 13, 132, 161, 70, 3, 15, 145, 189, 167, 155, 184, 53, 4, 149, 101, 28, 59, 20, 148, 47, 154, 94, 66, 57, 172, 179, 52, 166, 194, 114, 137, 127, 165, 89, 163, 103, 26, 180, 176, 88, 86, 110, 95, 185, 22, 9, 199, 140, 183, 174, 55, 18, 62, 128, 124, 106, 143, 159, 119, 186, 153, 81, 14, 41, 111, 50, 77, 58, 82, 87, 91, 79, 61, 7, 177, 171, 25, 123, 5, 78, 175, 142, 45, 162, 46, 80, 190, 105, 136, 73, 164, 193, 31, 54, 151, 117, 198, 30, 42, 156, 24, 1, 197, 16, 27, 38, 102, 63, 100, 17, 44, 133, 122, 131, 19, 112, 121, 116, 98, 51, 125, 90, 191, 120, 67, 71, 147, 192, 150, 6, 188, 65, 169, 134, 85]","{'distance': {'initial': 26198, 'final': 25480}, 'objective': {'initial': 0, 'final': 18079}}",26198,25480,0,18079,42167,43559,26198,42167,0,25480,43559,446,TSPB
lab6,lns,85,375679063,845.947275,True,,"[85, 2, 74, 25, 123, 177, 171, 157, 104, 56, 8, 68, 82, 50, 14, 41, 111, 144, 160, 33, 138, 182, 139, 11, 49, 29, 39, 12, 0, 35, 109, 69, 167, 189, 15, 145, 13, 126, 132, 169, 188, 65, 161, 70, 3, 84, 155, 184, 53, 174, 183, 140, 4, 149, 101, 28, 59, 199, 9, 148, 47, 154, 94, 66, 57, 172, 52, 179, 22, 185, 95, 181, 55, 18, 62, 124, 128, 110, 86, 166, 194, 88, 176, 180, 26, 103, 89, 127, 165, 163, 186, 153, 97, 77, 58, 87, 91, 79, 61, 7, 5, 78, 175, 142, 45, 162, 46, 80, 190, 105, 136, 173, 112, 19, 151, 54, 31, 73, 164, 193, 117, 198, 30, 42, 156, 24, 1, 197, 16, 27, 38, 131, 121, 116, 125, 191, 90, 122, 32, 102, 63, 100, 17, 44, 133, 10, 178, 71, 67, 120, 51, 98, 85]","[85, 2, 139, 11, 182, 138, 49, 33, 160, 144, 56, 104, 157, 171, 177, 123, 25, 158, 19, 112, 121, 116, 98, 51, 120, 67, 71, 125, 90, 191, 178, 10, 133, 44, 17, 100, 63, 96, 32, 102, 38, 27, 16, 197, 1, 24, 156, 42, 30, 198, 117, 151, 54, 31, 193, 164, 73, 136, 105, 190, 80, 46, 162, 175, 78, 142, 45, 5, 7, 61, 79, 91, 141, 97, 77, 58, 82, 87, 8, 68, 111, 41, 37, 12, 39, 29, 0, 109, 35, 143, 159, 119, 153, 186, 163, 165, 127, 89, 103, 26, 180, 176, 88, 194, 166, 86, 185, 22, 179, 52, 172, 57, 66, 94, 154, 47, 148, 20, 59, 28, 101, 149, 4, 199, 140, 183, 174, 95, 110, 128, 124, 62, 18, 55, 34, 170, 152, 53, 184, 167, 189, 155, 84, 70, 161, 3, 15, 145, 13, 126, 132, 169, 65, 188, 6, 150, 192, 85]","{'distance': {'initial': 24441, 'final': 23508}, 'objective': {'initial': 0, 'final': 19758}}",24441,23508,0,19758,42297,43266,24441,42297,0,23508,43266,241,TSPB
lab6,hae_op1_ls,85,375679063,845.044108,True,,"[85, 173, 187, 97, 45, 109, 26, 9, 194, 94, 104, 124, 107, 134, 74, 10, 116, 21, 56, 76, 90, 141, 61, 143, 196, 17, 84, 133, 33, 167, 52, 18, 199, 151, 179, 123, 135, 19, 22, 112, 8, 32, 103, 42, 184, 54, 154, 127, 81, 110, 137, 36, 83, 147, 138, 88, 82, 142, 70, 60, 132, 16, 145, 80, 47, 122, 165, 191, 195, 66, 152, 48, 140, 67, 183, 119, 189, 79, 178, 128, 27, 180, 53, 25, 1, 121, 144, 49, 105, 50, 96, 162, 153, 164, 161, 59, 41, 120, 38, 86, 85]","[109, 35, 0, 12, 39, 160, 144, 56, 104, 157, 171, 87, 21, 61, 79, 91, 141, 97, 77, 58, 82, 8, 68, 111, 41, 143, 159, 119, 153, 186, 163, 165, 127, 89, 103, 26, 180, 176, 88, 194, 166, 86, 110, 128, 124, 62, 18, 55, 174, 95, 185, 22, 179, 52, 172, 57, 66, 94, 154, 47, 148, 9, 199, 59, 28, 101, 149, 4, 140, 53, 184, 167, 189, 155, 84, 70, 161, 3, 15, 145, 195, 126, 13, 132, 169, 65, 188, 6, 150, 192, 147, 115, 178, 10, 133, 44, 17, 100, 63, 102, 38, 27, 16, 197, 1, 24, 156, 42, 30, 198, 117, 151, 54, 31, 193, 164, 73, 136, 105, 190, 80, 46, 162, 175, 78, 142, 45, 5, 7, 177, 123, 25, 158, 116, 121, 112, 19, 131, 125, 90, 191, 71, 67, 120, 51, 98, 85, 2, 139, 11, 182, 138, 33, 49, 29, 109]","{'distance': {'initial': 174200, 'final': 23717}, 'objective': {'initial': -150820, 'final': 19679}}",174200,23717,-150820,19679,23380,43396,174200,23380,-150820,23717,43396,150,TSPB
lab6,hae_op2_ls,85,375679063,848.222063,True,,"[85, 173, 187, 97, 45, 109, 26, 9, 194, 94, 104, 124, 107, 134, 74, 10, 116, 21, 56, 76, 90, 141, 61, 143, 196, 17, 84, 133, 33, 167, 52, 18, 199, 151, 179, 123, 135, 19, 22, 112, 8, 32, 103, 42, 184, 54, 154, 127, 81, 110, 137, 36, 83, 147, 138, 88, 82, 142, 70, 60, 132, 16, 145, 80, 47, 122, 165, 191, 195, 66, 152, 48, 140, 67, 183, 119, 189, 79, 178, 128, 27, 180, 53, 25, 1, 121, 144, 49, 105, 50, 96, 162, 153, 164, 161, 59, 41, 120, 38, 86, 85]","[2, 139, 182, 138, 11, 49, 33, 160, 39, 29, 12, 0, 35, 109, 69, 189, 167, 184, 155, 84, 70, 161, 3, 15, 145, 195, 126, 13, 132, 169, 65, 188, 6, 150, 192, 147, 115, 178, 10, 133, 44, 17, 100, 63, 102, 38, 27, 16, 197, 1, 24, 156, 42, 30, 198, 117, 151, 54, 31, 193, 164, 73, 136, 105, 190, 80, 46, 162, 175, 78, 142, 45, 5, 7, 61, 79, 91, 87, 82, 58, 77, 81, 153, 186, 163, 165, 127, 89, 103, 26, 180, 176, 88, 194, 166, 86, 95, 185, 22, 179, 52, 172, 57, 66, 94, 154, 47, 148, 20, 59, 28, 101, 149, 4, 199, 140, 183, 174, 55, 18, 62, 110, 128, 124, 106, 143, 159, 119, 41, 111, 68, 8, 56, 104, 157, 171, 177, 123, 25, 158, 19, 112, 121, 131, 125, 90, 191, 71, 67, 120, 51, 98, 85, 2]","{'distance': {'initial': 174200, 'final': 22778}, 'objective': {'initial': -150820, 'final': 19952}}",174200,22778,-150820,19952,23380,42730,174200,23380,-150820,22778,42730,177,TSPB
lab6,hae_op3_ls,85,375679063,845.078327,True,,"[85, 173, 187, 97, 45, 109, 26, 9, 194, 94, 104, 124, 107, 134, 74, 10, 116, 21, 56, 76, 90, 141, 61, 143, 196, 17, 84, 133, 33, 167, 52, 18, 199, 151, 179, 123, 135, 19, 22, 112, 8, 32, 103, 42, 184, 54, 154, 127, 81, 110, 137, 36, 83, 147, 138, 88, 82, 142, 70, 60, 132, 16, 145, 80, 47, 122, 165, 191, 195, 66, 152, 48, 140, 67, 183, 119, 189, 79, 178, 128, 27, 180, 53, 25, 1, 121, 144, 49, 105, 50, 96, 162, 153, 164, 161, 59, 41, 120, 38, 86, 85]","[180, 176, 88, 194, 166, 86, 110, 95, 185, 22, 179, 52, 172, 57, 66, 94, 154, 47, 148, 60, 23, 20, 59, 28, 101, 149, 4, 199, 140, 183, 174, 55, 18, 62, 128, 124, 106, 143, 159, 119, 41, 111, 68, 8, 56, 104, 157, 171, 177, 123, 25, 182, 138, 11, 49, 33, 160, 39, 29, 12, 0, 35, 109, 69, 189, 167, 184, 155, 84, 70, 161, 3, 15, 145, 195, 126, 13, 132, 169, 65, 188, 6, 150, 192, 147, 71, 67, 120, 51, 98, 116, 121, 112, 19, 131, 125, 90, 191, 178, 10, 133, 44, 17, 100, 63, 102, 38, 27, 16, 197, 1, 24, 156, 42, 30, 198, 117, 151, 54, 31, 193, 164, 73, 136, 105, 190, 80, 46, 162, 175, 78, 142, 45, 5, 7, 61, 79, 91, 87, 82, 58, 77, 81, 153, 186, 163, 165, 127, 89, 103, 26, 180]","{'distance': {'initial': 174200, 'final': 22385}, 'objective': {'initial': -150820, 'final': 20099}}",174200,22385,-150820,20099,23380,42484,174200,23380,-150820,22385,42484,292,TSPB
lab6,hae_op2_no_ls,85,375679063,845.955605,True,,"[85, 173, 187, 97, 45, 109, 26, 9, 194, 94, 104, 124, 107, 134, 74, 10, 116, 21, 56, 76, 90, 141, 61, 143, 196, 17, 84, 133, 33, 167, 52, 18, 199, 151, 179, 123, 135, 19, 22, 112, 8, 32, 103, 42, 184, 54, 154, 127, 81, 110, 137, 36, 83, 147, 138, 88, 82, 142, 70, 60, 132, 16, 145, 80, 47, 122, 165, 191, 195, 66, 152, 48, 140, 67, 183, 119, 189, 79, 178, 128, 27, 180, 53, 25, 1, 121, 144, 49, 105, 50, 96, 162, 153, 164, 161, 59, 41, 120, 38, 86, 85]","[5, 45, 142, 78, 175, 162, 46, 80, 190, 105, 136, 73, 164, 193, 31, 54, 151, 117, 198, 30, 42, 156, 24, 1, 197, 16, 27, 38, 102, 63, 100, 17, 44, 133, 10, 178, 90, 191, 71, 67, 120, 98, 51, 125, 131, 121, 112, 19, 158, 25, 171, 157, 104, 8, 68, 56, 144, 111, 41, 37, 35, 109, 0, 12, 29, 39, 160, 33, 49, 11, 138, 182, 139, 2, 85, 192, 150, 6, 188, 65, 169, 132, 126, 13, 161, 70, 3, 15, 145, 189, 167, 155, 184, 53, 4, 149, 101, 28, 199, 140, 183, 174, 55, 18, 62, 124, 128, 110, 86, 95, 185, 22, 9, 59, 20, 23, 60, 148, 47, 154, 94, 66, 57, 172, 179, 52, 166, 194, 88, 176, 180, 26, 103, 114, 137, 127, 165, 89, 163, 186, 153, 119, 159, 143, 14, 50, 77, 58, 82, 87, 91, 79, 61, 7, 177, 123, 5]","{'distance': {'initial': 174200, 'final': 24720}, 'objective': {'initial': -150820, 'final': 19119}}",174200,24720,-150820,19119,23380,43839,174200,23380,-150820,24720,43839,397,TSPB
lab6,hae_op3_no_ls,85,375679063,846.240671,True,,"[85, 173, 187, 97, 45, 109, 26, 9, 194, 94, 104, 124, 107, 134, 74, 10, 116, 21, 56, 76, 90, 141, 61, 143, 196, 17, 84, 133, 33, 167, 52, 18, 199, 151, 179, 123, 135, 19, 22, 112, 8, 32, 103, 42, 184, 54, 154, 127, 81, 110, 137, 36, 83, 147, 138, 88, 82, 142, 70, 60, 132, 16, 145, 80, 47, 122, 165, 191, 195, 66, 152, 48, 140, 67, 183, 119, 189, 79, 178, 128, 27, 180, 53, 25, 1, 121, 144, 49, 105, 50, 96, 162, 153, 164, 161, 59, 41, 120, 38, 86, 85]","[5, 45, 142, 78, 175, 162, 46, 80, 190, 105, 136, 73, 164, 31, 193, 54, 151, 117, 198, 30, 42, 156, 24, 1, 197, 16, 27, 38, 102, 63, 100, 17, 44, 133, 10, 178, 90, 125, 191, 71, 67, 120, 51, 98, 121, 112, 19, 158, 25, 123, 177, 171, 157, 104, 8, 68, 56, 144, 111, 41, 37, 35, 109, 0, 12, 29, 39, 160, 33, 49, 11, 138, 182, 2, 85, 192, 150, 6, 188, 65, 169, 132, 126, 13, 161, 70, 3, 15, 145, 189, 167, 155, 184, 53, 174, 55, 18, 62, 124, 128, 110, 86, 185, 22, 95, 9, 199, 183, 140, 4, 149, 101, 28, 59, 20, 23, 60, 148, 47, 154, 94, 66, 57, 172, 179, 52, 166, 194, 88, 176, 180, 26, 103, 127, 165, 89, 163, 186, 153, 119, 159, 143, 77, 58, 82, 87, 91, 79, 61, 7, 5]","{'distance': {'initial': 174200, 'final': 23448}, 'objective': {'initial': -150820, 'final': 19144}}",174200,23448,-150820,19144,23380,42592,174200,23380,-150820,23448,42592,391,TSPB
lab6,ils,85,63918073,845.573381,True,,"[85, 98, 51, 120, 67, 71, 191, 90, 125, 131, 121, 112, 19, 158, 25, 157, 104, 56, 144, 111, 68, 8, 171, 87, 91, 79, 61, 7, 177, 123, 5, 45, 142, 78, 175, 162, 46, 80, 190, 105, 136, 73, 164, 193, 31, 54, 151, 117, 198, 30, 42, 156, 24, 1, 197, 16, 27, 38, 102, 63, 100, 17, 44, 133, 10, 178, 115, 147, 192, 150, 6, 188, 65, 169, 132, 126, 13, 145, 15, 3, 161, 70, 84, 155, 189, 167, 184, 53, 4, 149, 101, 28, 59, 199, 140, 183, 174, 55, 18, 83, 181, 95, 130, 22, 148, 47, 154, 94, 66, 57, 172, 52, 179, 185, 86, 110, 128, 62, 124, 64, 176, 180, 88, 194, 113, 26, 103, 127, 165, 89, 163, 186, 153, 97, 77, 58, 82, 50, 14, 41, 37, 35, 109, 0, 12, 29, 39, 160, 33, 49, 11, 138, 182, 139, 2, 85]","[85, 98, 51, 120, 67, 71, 191, 90, 125, 131, 19, 112, 121, 116, 158, 25, 171, 157, 104, 56, 144, 111, 68, 8, 82, 87, 91, 79, 61, 7, 177, 123, 5, 45, 142, 78, 175, 162, 46, 80, 190, 105, 136, 73, 164, 193, 31, 54, 151, 117, 198, 30, 42, 156, 24, 1, 197, 16, 27, 38, 102, 63, 100, 17, 44, 133, 10, 178, 115, 147, 192, 150, 6, 188, 65, 169, 132, 126, 13, 161, 70, 3, 15, 145, 189, 167, 155, 184, 53, 4, 149, 101, 28, 59, 199, 140, 183, 174, 55, 18, 62, 124, 128, 110, 95, 9, 148, 47, 154, 94, 66, 57, 172, 52, 179, 22, 185, 86, 166, 194, 88, 176, 180, 26, 103, 89, 127, 165, 163, 186, 153, 81, 77, 58, 50, 14, 41, 37, 35, 109, 0, 12, 29, 39, 160, 33, 49, 11, 138, 182, 139, 2, 85]","{'distance': {'initial': 24066, 'final': 23115}, 'objective': {'initial': 0, 'final': 19426}}",24066,23115,0,19426,42218,42541,24066,42218,0,23115,42541,453,TSPB
lab6,lns,85,63918073,846.28521,True,,"[85, 6, 150, 192, 147, 115, 178, 10, 133, 44, 17, 100, 63, 102, 38, 27, 16, 197, 1, 24, 156, 42, 30, 198, 117, 151, 54, 31, 193, 164, 73, 136, 105, 190, 80, 46, 162, 45, 142, 175, 78, 5, 7, 61, 79, 91, 87, 82, 58, 77, 81, 153, 186, 163, 165, 127, 89, 103, 26, 180, 176, 88, 194, 166, 86, 110, 95, 130, 22, 179, 52, 172, 57, 66, 94, 154, 47, 148, 20, 59, 28, 101, 149, 4, 199, 140, 183, 174, 55, 18, 62, 128, 124, 106, 143, 159, 119, 41, 111, 68, 8, 104, 56, 144, 160, 33, 49, 39, 12, 0, 35, 109, 29, 69, 189, 167, 184, 155, 84, 3, 15, 145, 70, 161, 65, 188, 169, 132, 13, 126, 195, 168, 139, 11, 138, 182, 25, 171, 177, 123, 173, 19, 112, 121, 116, 125, 90, 191, 71, 67, 120, 51, 98, 118, 74, 2, 85]","[85, 2, 139, 11, 182, 138, 157, 171, 177, 123, 25, 158, 19, 112, 121, 116, 98, 51, 120, 67, 71, 191, 125, 90, 178, 10, 133, 44, 17, 100, 63, 102, 38, 27, 16, 197, 1, 24, 156, 42, 30, 198, 117, 151, 54, 31, 193, 164, 73, 136, 105, 190, 80, 46, 162, 175, 78, 142, 45, 5, 7, 61, 79, 91, 87, 82, 58, 77, 81, 153, 186, 163, 165, 127, 89, 103, 26, 180, 176, 88, 194, 166, 86, 110, 95, 130, 22, 179, 52, 172, 57, 66, 94, 154, 47, 148, 20, 59, 28, 101, 149, 4, 199, 140, 183, 174, 55, 18, 62, 128, 124, 106, 143, 159, 119, 41, 111, 68, 8, 104, 56, 144, 160, 33, 49, 29, 39, 12, 0, 35, 109, 69, 189, 167, 184, 155, 84, 70, 161, 3, 15, 145, 195, 126, 13, 132, 169, 65, 188, 6, 150, 192, 85]","{'distance': {'initial': 23467, 'final': 22440}, 'objective': {'initial': 0, 'final': 19933}}",23467,22440,0,19933,42532,42373,23467,42532,0,22440,42373,258,TSPB
lab6,hae_op1_ls,85,63918073,846.719124,True,,"[85, 61, 57, 78, 97, 36, 95, 81, 195, 100, 119, 64, 139, 16, 76, 10, 152, 161, 54, 197, 19, 5, 2, 186, 32, 29, 191, 43, 53, 167, 73, 70, 158, 41, 151, 92, 104, 35, 157, 4, 72, 174, 83, 117, 120, 163, 177, 146, 153, 188, 110, 62, 17, 91, 171, 11, 79, 170, 18, 21, 58, 169, 132, 30, 179, 24, 141, 133, 47, 102, 65, 180, 111, 52, 194, 172, 77, 46, 14, 116, 98, 26, 190, 39, 164, 155, 38, 127, 50, 168, 162, 147, 115, 154, 101, 130, 165, 112, 140, 66, 85]","[110, 128, 124, 106, 143, 159, 119, 41, 37, 35, 109, 0, 12, 39, 29, 69, 189, 167, 184, 155, 84, 70, 161, 3, 15, 145, 13, 126, 132, 169, 65, 188, 6, 150, 192, 85, 2, 74, 118, 98, 116, 121, 112, 19, 131, 125, 90, 191, 51, 120, 67, 71, 178, 10, 133, 44, 17, 100, 63, 102, 38, 27, 16, 197, 1, 24, 156, 42, 30, 198, 117, 151, 54, 31, 193, 164, 73, 136, 105, 190, 80, 46, 162, 175, 78, 142, 45, 5, 123, 177, 7, 61, 79, 91, 141, 97, 77, 58, 82, 87, 171, 157, 138, 182, 139, 11, 49, 33, 160, 144, 56, 104, 8, 68, 111, 50, 14, 81, 153, 186, 163, 165, 127, 89, 103, 26, 180, 176, 88, 194, 166, 86, 95, 185, 22, 179, 52, 172, 57, 66, 94, 154, 47, 148, 20, 59, 28, 101, 149, 4, 199, 140, 183, 174, 55, 18, 62, 110]","{'distance': {'initial': 164574, 'final': 23523}, 'objective': {'initial': -141259, 'final': 19509}}",164574,23523,-141259,19509,23315,43032,164574,23315,-141259,23523,43032,143,TSPB
lab6,hae_op2_ls,85,63918073,845.62672,True,,"[85, 61, 57, 78, 97, 36, 95, 81, 195, 100, 119, 64, 139, 16, 76, 10, 152, 161, 54, 197, 19, 5, 2, 186, 32, 29, 191, 43, 53, 167, 73, 70, 158, 41, 151, 92, 104, 35, 157, 4, 72, 174, 83, 117, 120, 163, 177, 146, 153, 188, 110, 62, 17, 91, 171, 11, 79, 170, 18, 21, 58, 169, 132, 30, 179, 24, 141, 133, 47, 102, 65, 180, 111, 52, 194, 172, 77, 46, 14, 116, 98, 26, 190, 39, 164, 155, 38, 127, 50, 168, 162, 147, 115, 154, 101, 130, 165, 112, 140, 66, 85]","[70, 161, 3, 15, 145, 195, 126, 13, 132, 169, 65, 188, 6, 150, 192, 85, 2, 139, 11, 49, 33, 138, 182, 157, 171, 177, 123, 25, 158, 19, 112, 121, 116, 98, 51, 120, 67, 71, 191, 125, 90, 178, 10, 133, 44, 17, 100, 63, 102, 38, 27, 16, 197, 1, 24, 156, 42, 30, 198, 117, 151, 54, 31, 193, 164, 73, 136, 105, 190, 80, 46, 162, 175, 78, 142, 45, 5, 7, 61, 79, 91, 87, 82, 58, 77, 81, 153, 186, 163, 165, 127, 89, 103, 26, 180, 176, 88, 194, 166, 86, 110, 128, 181, 95, 185, 22, 179, 52, 172, 57, 66, 94, 154, 47, 148, 20, 59, 28, 101, 149, 4, 199, 140, 183, 174, 55, 18, 62, 124, 106, 143, 159, 119, 41, 111, 68, 8, 104, 56, 144, 160, 39, 12, 0, 35, 109, 29, 69, 189, 167, 184, 155, 84, 70]","{'distance': {'initial': 164574, 'final': 22725}, 'objective': {'initial': -141259, 'final': 19803}}",164574,22725,-141259,19803,23315,42528,164574,23315,-141259,22725,42528,168,TSPB
lab6,hae_op3_ls,85,63918073,845.783258,True,,"[85, 61, 57, 78, 97, 36, 95, 81, 195, 100, 119, 64, 139, 16, 76, 10, 152, 161, 54, 197, 19, 5, 2, 186, 32, 29, 191, 43, 53, 167, 73, 70, 158, 41, 151, 92, 104, 35, 157, 4, 72, 174, 83, 117, 120, 163, 177, 146, 153, 188, 110, 62, 17, 91, 171, 11, 79, 170, 18, 21, 58, 169, 132, 30, 179, 24, 141, 133, 47, 102, 65, 180, 111, 52, 194, 172, 77, 46, 14, 116, 98, 26, 190, 39, 164, 155, 38, 127, 50, 168, 162, 147, 115, 154, 101, 130, 165, 112, 140, 66, 85]","[127, 165, 163, 186, 153, 81, 14, 41, 111, 68, 8, 104, 56, 144, 160, 33, 49, 11, 138, 182, 25, 123, 177, 171, 87, 82, 58, 77, 97, 141, 91, 79, 61, 7, 5, 45, 142, 78, 175, 162, 46, 80, 190, 105, 136, 73, 164, 193, 31, 54, 151, 117, 198, 30, 42, 156, 24, 1, 197, 16, 27, 38, 102, 63, 100, 17, 44, 133, 10, 178, 191, 90, 125, 131, 19, 112, 121, 116, 98, 51, 120, 67, 71, 147, 192, 150, 6, 188, 65, 169, 132, 126, 13, 145, 15, 161, 70, 3, 84, 155, 184, 167, 189, 69, 29, 39, 12, 0, 109, 35, 143, 159, 119, 106, 124, 128, 62, 18, 55, 174, 183, 140, 199, 4, 149, 101, 28, 59, 20, 23, 60, 148, 47, 154, 94, 66, 57, 172, 52, 179, 22, 185, 95, 110, 86, 166, 194, 88, 176, 180, 26, 103, 89, 127]","{'distance': {'initial': 164574, 'final': 22946}, 'objective': {'initial': -141259, 'final': 19934}}",164574,22946,-141259,19934,23315,42880,164574,23315,-141259,22946,42880,270,TSPB
lab6,hae_op2_no_ls,85,63918073,845.59668,True,,"[85, 61, 57, 78, 97, 36, 95, 81, 195, 100, 119, 64, 139, 16, 76, 10, 152, 161, 54, 197, 19, 5, 2, 186, 32, 29, 191, 43, 53, 167, 73, 70, 158, 41, 151, 92, 104, 35, 157, 4, 72, 174, 83, 117, 120, 163, 177, 146, 153, 188, 110, 62, 17, 91, 171, 11, 79, 170, 18, 21, 58, 169, 132, 30, 179, 24, 141, 133, 47, 102, 65, 180, 111, 52, 194, 172, 77, 46, 14, 116, 98, 26, 190, 39, 164, 155, 38, 127, 50, 168, 162, 147, 115, 154, 101, 130, 165, 112, 140, 66, 85]","[17, 44, 133, 122, 131, 19, 112, 121, 116, 98, 51, 125, 90, 191, 120, 67, 71, 147, 192, 150, 6, 188, 65, 169, 126, 13, 132, 161, 70, 3, 15, 145, 29, 39, 12, 0, 109, 35, 143, 159, 119, 106, 124, 62, 34, 69, 189, 167, 155, 184, 53, 140, 199, 4, 149, 101, 28, 59, 20, 23, 60, 148, 47, 154, 94, 66, 57, 172, 52, 179, 22, 185, 95, 9, 183, 174, 55, 18, 128, 110, 86, 166, 194, 88, 176, 180, 26, 103, 114, 137, 127, 165, 89, 163, 186, 153, 81, 14, 41, 111, 68, 8, 104, 56, 144, 160, 33, 49, 11, 138, 182, 25, 171, 87, 82, 58, 77, 97, 141, 91, 79, 61, 7, 177, 123, 5, 78, 175, 142, 45, 162, 46, 80, 190, 105, 136, 73, 164, 193, 31, 54, 151, 117, 198, 30, 42, 156, 24, 1, 197, 16, 27, 38, 92, 63, 102, 32, 96, 100, 17]","{'distance': {'initial': 164574, 'final': 25455}, 'objective': {'initial': -141259, 'final': 18643}}",164574,25455,-141259,18643,23315,44098,164574,23315,-141259,25455,44098,399,TSPB
lab6,hae_op3_no_ls,85,63918073,846.913881,True,,"[85, 61, 57, 78, 97, 36, 95, 81, 195, 100, 119, 64, 139, 16, 76, 10, 152, 161, 54, 197, 19, 5, 2, 186, 32, 29, 191, 43, 53, 167, 73, 70, 158, 41, 151, 92, 104, 35, 157, 4, 72, 174, 83, 117, 120, 163, 177, 146, 153, 188, 110, 62, 17, 91, 171, 11, 79, 170, 18, 21, 58, 169, 132, 30, 179, 24, 141, 133, 47, 102, 65, 180, 111, 52, 194, 172, 77, 46, 14, 116, 98, 26, 190, 39, 164, 155, 38, 127, 50, 168, 162, 147, 115, 154, 101, 130, 165, 112, 140, 66, 85]","[123, 25, 19, 112, 121, 125, 90, 191, 71, 67, 120, 51, 98, 85, 2, 169, 65, 188, 6, 150, 192, 147, 115, 178, 10, 133, 44, 17, 100, 63, 102, 38, 27, 16, 197, 1, 24, 156, 42, 30, 198, 117, 151, 54, 31, 193, 164, 73, 136, 105, 190, 80, 46, 162, 175, 78, 142, 45, 5, 7, 61, 79, 91, 87, 82, 58, 77, 81, 153, 186, 163, 165, 127, 89, 103, 26, 180, 176, 88, 194, 166, 52, 179, 172, 57, 66, 94, 154, 47, 148, 20, 59, 28, 101, 149, 4, 199, 140, 183, 174, 55, 18, 62, 95, 22, 185, 86, 110, 128, 124, 106, 143, 159, 119, 41, 111, 68, 8, 104, 56, 144, 160, 33, 49, 29, 39, 12, 0, 35, 109, 69, 189, 167, 184, 155, 84, 3, 70, 161, 15, 145, 13, 126, 139, 11, 182, 138, 157, 171, 177, 123]","{'distance': {'initial': 164574, 'final': 23105}, 'objective': {'initial': -141259, 'final': 19133}}",164574,23105,-141259,19133,23315,42238,164574,23315,-141259,23105,42238,373,TSPB
lab6,ils,85,942791168,846.239411,True,,"[85, 2, 74, 25, 123, 177, 5, 45, 162, 46, 142, 175, 78, 7, 61, 79, 91, 141, 77, 97, 146, 187, 165, 127, 137, 114, 89, 163, 103, 26, 180, 176, 88, 194, 166, 86, 110, 128, 181, 95, 130, 22, 179, 52, 172, 57, 66, 94, 154, 47, 148, 9, 199, 59, 28, 101, 149, 4, 140, 183, 174, 55, 18, 62, 124, 106, 143, 159, 119, 41, 111, 144, 56, 104, 8, 68, 82, 58, 87, 171, 157, 182, 138, 33, 160, 49, 11, 139, 168, 195, 126, 13, 145, 15, 3, 70, 161, 132, 169, 65, 188, 6, 150, 192, 147, 115, 178, 10, 133, 44, 17, 100, 63, 96, 32, 102, 38, 27, 16, 42, 196, 105, 136, 73, 164, 193, 31, 54, 151, 117, 198, 30, 156, 24, 197, 1, 131, 121, 116, 98, 51, 125, 90, 191, 71, 67, 120, 85]","[85, 98, 51, 120, 67, 71, 191, 90, 125, 131, 121, 112, 19, 151, 54, 31, 164, 73, 136, 105, 193, 117, 198, 30, 42, 156, 24, 1, 197, 16, 27, 38, 102, 63, 100, 17, 44, 133, 10, 178, 115, 147, 192, 150, 6, 188, 65, 169, 132, 161, 70, 3, 15, 145, 13, 126, 195, 49, 33, 160, 144, 56, 104, 157, 171, 87, 58, 82, 8, 68, 111, 41, 119, 159, 143, 106, 124, 128, 62, 18, 55, 34, 69, 189, 167, 155, 184, 53, 174, 183, 140, 199, 4, 149, 101, 28, 59, 20, 148, 47, 154, 94, 66, 57, 172, 52, 179, 22, 185, 95, 110, 86, 166, 194, 88, 176, 180, 26, 103, 114, 137, 127, 165, 89, 163, 186, 153, 81, 77, 97, 141, 91, 79, 61, 7, 78, 175, 142, 46, 162, 45, 5, 177, 123, 25, 182, 138, 11, 139, 2, 85]","{'distance': {'initial': 23809, 'final': 24034}, 'objective': {'initial': 0, 'final': 18216}}",23809,24034,0,18216,40229,42250,23809,40229,0,24034,42250,450,TSPB
lab6,lns,85,942791168,846.700405,True,,"[85, 98, 51, 120, 67, 71, 191, 90, 125, 131, 121, 112, 19, 151, 54, 73, 164, 31, 193, 117, 198, 30, 42, 156, 24, 1, 197, 16, 27, 38, 102, 63, 100, 17, 44, 133, 10, 178, 115, 147, 192, 150, 6, 188, 65, 169, 132, 13, 161, 70, 3, 15, 145, 195, 126, 43, 139, 11, 182, 138, 157, 171, 104, 160, 33, 49, 29, 39, 12, 0, 109, 35, 37, 111, 144, 56, 8, 68, 41, 119, 159, 143, 106, 124, 128, 62, 18, 55, 174, 183, 140, 4, 149, 101, 28, 59, 199, 9, 148, 47, 154, 94, 66, 57, 172, 52, 179, 22, 185, 95, 110, 86, 166, 194, 88, 176, 180, 26, 103, 89, 114, 137, 127, 165, 163, 186, 153, 81, 77, 58, 82, 87, 91, 79, 61, 7, 78, 175, 142, 46, 162, 45, 5, 177, 123, 25, 74, 2, 85]","[85, 192, 150, 6, 188, 65, 169, 132, 126, 13, 161, 70, 3, 15, 145, 189, 167, 69, 109, 35, 0, 12, 39, 29, 49, 33, 160, 144, 56, 104, 8, 68, 111, 41, 119, 159, 143, 106, 124, 128, 62, 18, 55, 174, 183, 140, 199, 4, 149, 101, 28, 59, 20, 148, 47, 154, 94, 66, 57, 172, 52, 179, 22, 185, 95, 110, 86, 166, 194, 88, 176, 180, 26, 103, 114, 137, 127, 165, 89, 163, 186, 153, 97, 77, 58, 82, 87, 91, 79, 61, 7, 5, 45, 142, 78, 175, 162, 46, 80, 190, 105, 136, 73, 164, 193, 31, 54, 151, 117, 198, 30, 42, 156, 24, 1, 197, 16, 27, 38, 102, 63, 100, 17, 44, 133, 10, 178, 90, 125, 191, 71, 67, 120, 51, 98, 116, 121, 112, 19, 158, 25, 123, 177, 171, 157, 138, 182, 11, 139, 2, 85]","{'distance': {'initial': 23229, 'final': 22551}, 'objective': {'initial': 0, 'final': 19834}}",23229,22551,0,19834,41472,42385,23229,41472,0,22551,42385,266,TSPB
lab6,hae_op1_ls,85,942791168,848.981112,True,,"[85, 146, 172, 114, 18, 157, 4, 50, 73, 113, 46, 164, 186, 1, 43, 36, 196, 64, 193, 68, 198, 102, 137, 129, 123, 32, 9, 116, 148, 55, 88, 134, 163, 142, 28, 67, 5, 139, 130, 72, 178, 150, 197, 152, 171, 66, 53, 149, 58, 127, 111, 56, 19, 7, 16, 52, 86, 51, 128, 179, 187, 40, 181, 71, 75, 174, 34, 125, 99, 17, 106, 168, 30, 192, 87, 93, 65, 25, 105, 96, 140, 180, 151, 70, 41, 63, 39, 141, 185, 90, 62, 124, 107, 119, 74, 77, 121, 11, 159, 101, 85]","[145, 195, 126, 13, 132, 169, 65, 188, 6, 150, 192, 147, 71, 67, 120, 51, 98, 85, 2, 139, 11, 182, 138, 157, 171, 25, 158, 19, 112, 121, 131, 125, 90, 191, 178, 10, 133, 44, 17, 100, 63, 102, 38, 27, 16, 197, 1, 24, 156, 42, 30, 198, 117, 151, 54, 31, 193, 164, 73, 136, 105, 190, 80, 46, 162, 175, 78, 142, 45, 5, 123, 177, 7, 61, 79, 91, 87, 82, 58, 77, 81, 153, 186, 163, 165, 127, 89, 103, 26, 180, 176, 88, 194, 166, 86, 110, 95, 185, 22, 179, 52, 172, 57, 66, 94, 154, 47, 148, 60, 23, 20, 59, 28, 101, 149, 4, 140, 199, 9, 183, 174, 55, 18, 62, 128, 124, 106, 143, 159, 119, 41, 14, 50, 111, 68, 8, 104, 56, 144, 160, 33, 49, 29, 39, 12, 0, 35, 109, 69, 189, 167, 184, 155, 84, 3, 70, 161, 15, 145]","{'distance': {'initial': 180887, 'final': 23845}, 'objective': {'initial': -157253, 'final': 19802}}",180887,23845,-157253,19802,23634,43647,180887,23634,-157253,23845,43647,145,TSPB
lab6,hae_op2_ls,85,942791168,845.301105,True,,"[85, 146, 172, 114, 18, 157, 4, 50, 73, 113, 46, 164, 186, 1, 43, 36, 196, 64, 193, 68, 198, 102, 137, 129, 123, 32, 9, 116, 148, 55, 88, 134, 163, 142, 28, 67, 5, 139, 130, 72, 178, 150, 197, 152, 171, 66, 53, 149, 58, 127, 111, 56, 19, 7, 16, 52, 86, 51, 128, 179, 187, 40, 181, 71, 75, 174, 34, 125, 99, 17, 106, 168, 30, 192, 87, 93, 65, 25, 105, 96, 140, 180, 151, 70, 41, 63, 39, 141, 185, 90, 62, 124, 107, 119, 74, 77, 121, 11, 159, 101, 85]","[53, 184, 155, 167, 189, 69, 109, 35, 0, 12, 29, 39, 160, 144, 56, 104, 33, 49, 11, 138, 182, 25, 171, 177, 123, 173, 151, 19, 112, 121, 131, 125, 90, 191, 71, 67, 120, 51, 98, 85, 2, 43, 168, 195, 126, 13, 145, 15, 3, 70, 161, 132, 169, 65, 188, 6, 150, 192, 147, 115, 178, 10, 133, 44, 17, 100, 63, 102, 38, 27, 16, 197, 1, 24, 156, 42, 30, 198, 117, 193, 54, 31, 164, 73, 136, 105, 190, 80, 46, 162, 175, 78, 142, 45, 5, 7, 61, 79, 91, 141, 97, 77, 58, 82, 87, 8, 68, 111, 41, 143, 159, 119, 153, 186, 163, 165, 127, 89, 103, 26, 180, 176, 88, 194, 166, 86, 110, 128, 124, 62, 18, 55, 181, 95, 185, 22, 179, 52, 172, 57, 66, 94, 154, 47, 148, 20, 59, 28, 101, 149, 4, 199, 140, 183, 174, 53]","{'distance': {'initial': 180887, 'final': 23586}, 'objective': {'initial': -157253, 'final': 19549}}",180887,23586,-157253,19549,23634,43135,180887,23634,-157253,23586,43135,170,TSPB
lab6,hae_op3_ls,85,942791168,845.823527,True,,"[85, 146, 172, 114, 18, 157, 4, 50, 73, 113, 46, 164, 186, 1, 43, 36, 196, 64, 193, 68, 198, 102, 137, 129, 123, 32, 9, 116, 148, 55, 88, 134, 163, 142, 28, 67, 5, 139, 130, 72, 178, 150, 197, 152, 171, 66, 53, 149, 58, 127, 111, 56, 19, 7, 16, 52, 86, 51, 128, 179, 187, 40, 181, 71, 75, 174, 34, 125, 99, 17, 106, 168, 30, 192, 87, 93, 65, 25, 105, 96, 140, 180, 151, 70, 41, 63, 39, 141, 185, 90, 62, 124, 107, 119, 74, 77, 121, 11, 159, 101, 85]","[57, 172, 52, 179, 22, 185, 95, 181, 55, 18, 62, 124, 128, 110, 86, 166, 194, 88, 176, 180, 26, 103, 89, 127, 165, 163, 186, 153, 119, 159, 143, 35, 109, 0, 29, 39, 12, 37, 41, 111, 68, 8, 87, 82, 58, 77, 97, 141, 91, 79, 61, 7, 5, 45, 142, 78, 175, 162, 46, 80, 190, 105, 136, 73, 164, 193, 31, 54, 151, 19, 112, 121, 116, 158, 25, 123, 177, 171, 157, 104, 56, 144, 160, 33, 49, 138, 182, 11, 139, 2, 85, 98, 51, 120, 67, 71, 191, 90, 125, 131, 117, 198, 30, 42, 156, 24, 1, 197, 16, 27, 38, 102, 63, 100, 17, 44, 133, 10, 178, 115, 147, 192, 150, 6, 188, 65, 169, 132, 126, 13, 161, 70, 3, 15, 145, 189, 167, 155, 184, 53, 174, 183, 140, 199, 4, 149, 101, 28, 59, 20, 23, 60, 148, 47, 154, 94, 66, 57]","{'distance': {'initial': 180887, 'final': 23865}, 'objective': {'initial': -157253, 'final': 19824}}",180887,23865,-157253,19824,23634,43689,180887,23634,-157253,23865,43689,259,TSPB
lab6,hae_op2_no_ls,85,942791168,846.453118,True,,"[85, 146, 172, 114, 18, 157, 4, 50, 73, 113, 46, 164, 186, 1, 43, 36, 196, 64, 193, 68, 198, 102, 137, 129, 123, 32, 9, 116, 148, 55, 88, 134, 163, 142, 28, 67, 5, 139, 130, 72, 178, 150, 197, 152, 171, 66, 53, 149, 58, 127, 111, 56, 19, 7, 16, 52, 86, 51, 128, 179, 187, 40, 181, 71, 75, 174, 34, 125, 99, 17, 106, 168, 30, 192, 87, 93, 65, 25, 105, 96, 140, 180, 151, 70, 41, 63, 39, 141, 185, 90, 62, 124, 107, 119, 74, 77, 121, 11, 159, 101, 85]","[60, 148, 47, 154, 94, 66, 57, 172, 52, 179, 22, 185, 95, 86, 166, 194, 88, 176, 180, 26, 103, 89, 127, 165, 163, 186, 153, 119, 41, 111, 68, 144, 56, 104, 8, 87, 82, 50, 14, 81, 77, 58, 91, 79, 61, 7, 177, 123, 5, 45, 142, 78, 175, 162, 46, 80, 190, 105, 136, 73, 19, 112, 151, 54, 31, 164, 193, 117, 198, 30, 42, 156, 24, 1, 197, 16, 27, 38, 102, 63, 100, 17, 44, 133, 10, 178, 115, 147, 192, 150, 6, 188, 65, 169, 132, 161, 70, 3, 15, 145, 13, 126, 43, 2, 85, 74, 118, 98, 51, 120, 67, 71, 191, 90, 125, 131, 121, 116, 158, 25, 171, 157, 138, 182, 139, 11, 49, 33, 160, 39, 29, 12, 0, 109, 35, 143, 159, 106, 124, 128, 110, 62, 18, 55, 34, 69, 189, 167, 155, 184, 53, 174, 183, 9, 199, 140, 4, 149, 101, 28, 59, 20, 23, 60]","{'distance': {'initial': 180887, 'final': 25374}, 'objective': {'initial': -157253, 'final': 19014}}",180887,25374,-157253,19014,23634,44388,180887,23634,-157253,25374,44388,401,TSPB
lab6,hae_op3_no_ls,85,942791168,845.948936,True,,"[85, 146, 172, 114, 18, 157, 4, 50, 73, 113, 46, 164, 186, 1, 43, 36, 196, 64, 193, 68, 198, 102, 137, 129, 123, 32, 9, 116, 148, 55, 88, 134, 163, 142, 28, 67, 5, 139, 130, 72, 178, 150, 197, 152, 171, 66, 53, 149, 58, 127, 111, 56, 19, 7, 16, 52, 86, 51, 128, 179, 187, 40, 181, 71, 75, 174, 34, 125, 99, 17, 106, 168, 30, 192, 87, 93, 65, 25, 105, 96, 140, 180, 151, 70, 41, 63, 39, 141, 185, 90, 62, 124, 107, 119, 74, 77, 121, 11, 159, 101, 85]","[60, 148, 47, 154, 94, 66, 57, 172, 52, 179, 22, 185, 95, 86, 166, 194, 88, 176, 180, 26, 103, 89, 127, 165, 163, 186, 153, 119, 41, 111, 68, 144, 56, 104, 8, 87, 82, 50, 14, 81, 77, 58, 91, 79, 61, 7, 177, 123, 5, 45, 142, 78, 175, 162, 46, 80, 190, 105, 136, 73, 19, 112, 151, 54, 31, 164, 193, 117, 198, 30, 42, 156, 24, 1, 197, 16, 27, 38, 102, 63, 100, 17, 44, 133, 10, 178, 115, 147, 192, 150, 6, 188, 65, 169, 132, 161, 70, 3, 15, 145, 13, 126, 43, 2, 85, 74, 118, 98, 51, 120, 67, 71, 191, 90, 125, 131, 121, 116, 158, 25, 171, 157, 138, 182, 139, 11, 49, 33, 160, 39, 29, 12, 0, 109, 35, 143, 159, 106, 124, 128, 110, 62, 18, 55, 34, 69, 189, 167, 155, 184, 53, 174, 183, 9, 199, 140, 4, 149, 101, 28, 59, 20, 23, 60]","{'distance': {'initial': 180887, 'final': 25374}, 'objective': {'initial': -157253, 'final': 19014}}",180887,25374,-157253,19014,23634,44388,180887,23634,-157253,25374,44388,377,TSPB
lab6,ils,85,647651470,846.237191,True,,"[85, 120, 67, 71, 178, 10, 133, 44, 17, 100, 63, 102, 38, 27, 16, 197, 1, 131, 125, 90, 191, 51, 98, 118, 25, 158, 116, 121, 112, 19, 151, 117, 198, 24, 156, 42, 30, 193, 54, 31, 164, 73, 136, 105, 190, 80, 46, 162, 45, 142, 175, 78, 5, 7, 177, 123, 171, 157, 104, 8, 87, 58, 82, 68, 56, 144, 33, 160, 39, 29, 12, 0, 109, 35, 37, 111, 41, 14, 50, 77, 97, 153, 186, 163, 165, 127, 89, 103, 26, 180, 176, 88, 194, 166, 86, 110, 128, 124, 62, 18, 55, 181, 95, 185, 22, 179, 52, 172, 57, 66, 94, 154, 47, 148, 60, 23, 20, 59, 28, 101, 149, 4, 199, 140, 183, 174, 53, 184, 155, 167, 189, 3, 70, 161, 15, 145, 13, 126, 195, 168, 139, 11, 49, 138, 182, 2, 85]","[85, 134, 169, 65, 188, 6, 150, 192, 147, 71, 67, 120, 51, 98, 116, 121, 112, 19, 131, 125, 90, 191, 178, 10, 133, 44, 17, 100, 63, 102, 38, 27, 16, 197, 1, 24, 156, 42, 30, 198, 117, 151, 54, 31, 193, 164, 73, 136, 105, 190, 80, 46, 162, 175, 78, 142, 45, 5, 123, 177, 7, 61, 79, 91, 87, 171, 157, 104, 56, 144, 160, 33, 49, 29, 39, 12, 0, 109, 35, 37, 41, 111, 68, 8, 82, 58, 77, 81, 153, 186, 163, 165, 127, 89, 103, 26, 180, 176, 88, 194, 166, 86, 110, 128, 124, 62, 18, 55, 181, 95, 185, 22, 179, 52, 172, 57, 66, 94, 154, 47, 148, 60, 23, 20, 59, 28, 101, 149, 4, 199, 140, 183, 174, 53, 184, 155, 167, 189, 145, 15, 3, 70, 161, 132, 13, 126, 195, 168, 139, 11, 138, 182, 2, 85]","{'distance': {'initial': 23090, 'final': 22965}, 'objective': {'initial': 0, 'final': 19138}}",23090,22965,0,19138,40241,42103,23090,40241,0,22965,42103,459,TSPB
lab6,lns,85,647651470,846.201102,True,,"[85, 134, 43, 126, 195, 145, 15, 3, 70, 161, 13, 132, 169, 65, 188, 6, 150, 192, 147, 71, 67, 120, 191, 90, 125, 51, 98, 116, 158, 25, 182, 138, 157, 171, 177, 123, 173, 73, 31, 54, 151, 19, 112, 121, 131, 122, 133, 44, 17, 100, 63, 102, 38, 27, 16, 197, 1, 24, 156, 42, 30, 198, 117, 193, 164, 136, 105, 190, 80, 46, 162, 45, 142, 175, 78, 5, 7, 61, 79, 91, 87, 82, 58, 77, 97, 153, 186, 163, 89, 165, 127, 103, 26, 113, 194, 88, 180, 176, 64, 110, 86, 95, 185, 22, 179, 52, 172, 57, 66, 94, 154, 47, 148, 60, 23, 20, 59, 28, 101, 149, 4, 199, 140, 183, 174, 53, 184, 155, 167, 189, 69, 34, 55, 18, 62, 128, 124, 106, 143, 159, 119, 41, 37, 35, 109, 0, 12, 29, 39, 111, 68, 8, 104, 56, 144, 160, 33, 49, 11, 139, 2, 85]","[85, 2, 139, 11, 182, 138, 157, 171, 177, 123, 25, 158, 19, 112, 121, 116, 98, 51, 120, 67, 71, 191, 125, 90, 178, 10, 133, 44, 17, 100, 63, 102, 38, 27, 16, 197, 1, 24, 156, 42, 30, 198, 117, 151, 54, 31, 193, 164, 73, 136, 105, 190, 80, 46, 162, 175, 78, 142, 45, 5, 7, 61, 79, 91, 141, 97, 77, 58, 87, 82, 68, 8, 104, 56, 144, 160, 33, 49, 29, 39, 12, 0, 109, 35, 37, 111, 41, 143, 159, 119, 153, 186, 163, 165, 127, 89, 103, 26, 180, 176, 88, 194, 166, 86, 110, 128, 124, 62, 18, 55, 181, 95, 185, 22, 179, 52, 172, 57, 66, 94, 154, 47, 148, 60, 23, 20, 59, 28, 101, 149, 4, 199, 140, 183, 174, 53, 184, 155, 167, 189, 145, 15, 3, 70, 161, 13, 126, 132, 169, 65, 188, 6, 150, 192, 85]","{'distance': {'initial': 25154, 'final': 23239}, 'objective': {'initial': 0, 'final': 19872}}",25154,23239,0,19872,43716,43111,25154,43716,0,23239,43111,243,TSPB
lab6,hae_op1_ls,85,647651470,848.171724,True,,"[85, 103, 94, 184, 14, 171, 162, 10, 190, 44, 96, 115, 157, 19, 23, 18, 189, 176, 84, 88, 154, 142, 148, 126, 63, 149, 108, 199, 11, 62, 9, 123, 175, 13, 54, 128, 2, 156, 112, 40, 99, 151, 53, 155, 66, 102, 117, 33, 131, 122, 38, 17, 107, 110, 81, 146, 135, 137, 8, 185, 30, 141, 31, 68, 100, 35, 143, 147, 168, 60, 16, 59, 133, 25, 51, 104, 86, 186, 97, 194, 65, 12, 67, 71, 150, 79, 125, 180, 47, 183, 173, 139, 170, 32, 164, 158, 121, 41, 55, 50, 85]","[56, 104, 8, 68, 111, 41, 119, 159, 143, 106, 124, 128, 62, 18, 55, 174, 183, 140, 4, 149, 101, 28, 59, 199, 9, 148, 47, 154, 94, 66, 57, 172, 52, 179, 22, 185, 95, 110, 86, 166, 194, 88, 176, 180, 26, 103, 89, 127, 165, 163, 186, 153, 81, 14, 50, 77, 58, 82, 87, 91, 79, 61, 7, 177, 123, 5, 45, 142, 78, 175, 162, 46, 80, 190, 105, 136, 73, 164, 193, 31, 54, 151, 117, 198, 30, 42, 156, 24, 1, 197, 16, 27, 38, 102, 63, 100, 17, 44, 133, 10, 178, 115, 147, 192, 150, 6, 188, 65, 169, 132, 126, 13, 145, 15, 3, 161, 70, 84, 155, 184, 167, 189, 69, 109, 35, 0, 12, 39, 29, 49, 11, 139, 2, 85, 98, 51, 120, 67, 71, 191, 90, 125, 131, 121, 112, 19, 158, 25, 171, 157, 182, 138, 33, 160, 144, 56]","{'distance': {'initial': 162611, 'final': 23343}, 'objective': {'initial': -138127, 'final': 19824}}",162611,23343,-138127,19824,24484,43167,162611,24484,-138127,23343,43167,146,TSPB
lab6,hae_op2_ls,85,647651470,845.988534,True,,"[85, 103, 94, 184, 14, 171, 162, 10, 190, 44, 96, 115, 157, 19, 23, 18, 189, 176, 84, 88, 154, 142, 148, 126, 63, 149, 108, 199, 11, 62, 9, 123, 175, 13, 54, 128, 2, 156, 112, 40, 99, 151, 53, 155, 66, 102, 117, 33, 131, 122, 38, 17, 107, 110, 81, 146, 135, 137, 8, 185, 30, 141, 31, 68, 100, 35, 143, 147, 168, 60, 16, 59, 133, 25, 51, 104, 86, 186, 97, 194, 65, 12, 67, 71, 150, 79, 125, 180, 47, 183, 173, 139, 170, 32, 164, 158, 121, 41, 55, 50, 85]","[7, 61, 79, 91, 87, 82, 58, 77, 81, 153, 186, 163, 165, 127, 89, 103, 26, 180, 176, 88, 194, 166, 86, 110, 95, 185, 22, 179, 52, 172, 57, 66, 94, 154, 47, 148, 20, 59, 28, 101, 149, 4, 199, 140, 183, 174, 55, 18, 62, 128, 124, 106, 143, 159, 119, 41, 111, 68, 8, 56, 104, 157, 171, 25, 158, 116, 121, 112, 19, 131, 125, 90, 191, 71, 67, 120, 51, 98, 85, 2, 139, 182, 138, 11, 49, 33, 160, 39, 29, 12, 0, 35, 109, 69, 189, 167, 184, 155, 84, 70, 161, 3, 15, 145, 13, 126, 132, 169, 65, 188, 6, 150, 192, 147, 115, 178, 10, 133, 44, 17, 100, 63, 102, 38, 27, 16, 197, 1, 24, 156, 42, 30, 198, 117, 151, 54, 31, 193, 164, 73, 136, 105, 190, 80, 46, 162, 175, 78, 142, 45, 5, 123, 177, 7]","{'distance': {'initial': 162611, 'final': 22803}, 'objective': {'initial': -138127, 'final': 20005}}",162611,22803,-138127,20005,24484,42808,162611,24484,-138127,22803,42808,182,TSPB
lab6,hae_op3_ls,85,647651470,846.708464,True,,"[85, 103, 94, 184, 14, 171, 162, 10, 190, 44, 96, 115, 157, 19, 23, 18, 189, 176, 84, 88, 154, 142, 148, 126, 63, 149, 108, 199, 11, 62, 9, 123, 175, 13, 54, 128, 2, 156, 112, 40, 99, 151, 53, 155, 66, 102, 117, 33, 131, 122, 38, 17, 107, 110, 81, 146, 135, 137, 8, 185, 30, 141, 31, 68, 100, 35, 143, 147, 168, 60, 16, 59, 133, 25, 51, 104, 86, 186, 97, 194, 65, 12, 67, 71, 150, 79, 125, 180, 47, 183, 173, 139, 170, 32, 164, 158, 121, 41, 55, 50, 85]","[49, 33, 160, 144, 111, 68, 8, 56, 104, 157, 171, 25, 123, 177, 5, 45, 136, 105, 190, 80, 46, 162, 142, 175, 78, 7, 61, 79, 91, 87, 82, 58, 77, 81, 153, 186, 163, 165, 127, 89, 103, 26, 180, 176, 88, 194, 166, 86, 110, 95, 185, 22, 179, 52, 172, 57, 66, 94, 154, 47, 148, 60, 23, 20, 59, 28, 101, 149, 4, 199, 140, 183, 174, 55, 18, 62, 128, 124, 106, 143, 159, 119, 41, 37, 35, 0, 12, 39, 29, 109, 69, 189, 167, 184, 155, 84, 70, 161, 3, 15, 145, 13, 126, 132, 169, 65, 188, 6, 150, 192, 147, 115, 178, 10, 133, 44, 17, 100, 63, 102, 38, 27, 16, 197, 1, 24, 156, 42, 30, 198, 117, 193, 31, 164, 73, 54, 151, 19, 112, 121, 131, 125, 90, 191, 71, 67, 120, 51, 98, 85, 2, 139, 11, 182, 138, 49]","{'distance': {'initial': 162611, 'final': 23367}, 'objective': {'initial': -138127, 'final': 19877}}",162611,23367,-138127,19877,24484,43244,162611,24484,-138127,23367,43244,280,TSPB
lab6,hae_op2_no_ls,85,647651470,846.666716,True,,"[85, 103, 94, 184, 14, 171, 162, 10, 190, 44, 96, 115, 157, 19, 23, 18, 189, 176, 84, 88, 154, 142, 148, 126, 63, 149, 108, 199, 11, 62, 9, 123, 175, 13, 54, 128, 2, 156, 112, 40, 99, 151, 53, 155, 66, 102, 117, 33, 131, 122, 38, 17, 107, 110, 81, 146, 135, 137, 8, 185, 30, 141, 31, 68, 100, 35, 143, 147, 168, 60, 16, 59, 133, 25, 51, 104, 86, 186, 97, 194, 65, 12, 67, 71, 150, 79, 125, 180, 47, 183, 173, 139, 170, 32, 164, 158, 121, 41, 55, 50, 85]","[107, 40, 100, 63, 102, 32, 135, 131, 121, 112, 19, 151, 198, 156, 24, 1, 197, 16, 38, 27, 42, 30, 117, 193, 54, 31, 164, 73, 136, 105, 190, 80, 46, 162, 175, 78, 142, 45, 5, 7, 61, 79, 91, 141, 97, 77, 58, 82, 87, 8, 68, 111, 41, 119, 159, 143, 106, 124, 128, 110, 64, 176, 180, 26, 103, 163, 89, 165, 127, 137, 114, 113, 88, 194, 166, 86, 95, 130, 22, 179, 52, 172, 57, 66, 94, 154, 47, 148, 60, 23, 20, 59, 28, 101, 149, 4, 199, 140, 183, 174, 83, 62, 18, 55, 34, 170, 152, 53, 184, 155, 167, 189, 15, 3, 70, 161, 145, 195, 126, 13, 132, 169, 65, 188, 6, 150, 192, 85, 2, 139, 182, 138, 11, 49, 33, 160, 39, 29, 0, 109, 35, 12, 144, 56, 104, 157, 171, 177, 123, 25, 158, 116, 98, 51, 120, 67, 71, 191, 125, 90, 178, 10, 133, 44, 17, 107]","{'distance': {'initial': 162611, 'final': 25051}, 'objective': {'initial': -138127, 'final': 19068}}",162611,25051,-138127,19068,24484,44119,162611,24484,-138127,25051,44119,400,TSPB
lab6,hae_op3_no_ls,85,647651470,845.818077,True,,"[85, 103, 94, 184, 14, 171, 162, 10, 190, 44, 96, 115, 157, 19, 23, 18, 189, 176, 84, 88, 154, 142, 148, 126, 63, 149, 108, 199, 11, 62, 9, 123, 175, 13, 54, 128, 2, 156, 112, 40, 99, 151, 53, 155, 66, 102, 117, 33, 131, 122, 38, 17, 107, 110, 81, 146, 135, 137, 8, 185, 30, 141, 31, 68, 100, 35, 143, 147, 168, 60, 16, 59, 133, 25, 51, 104, 86, 186, 97, 194, 65, 12, 67, 71, 150, 79, 125, 180, 47, 183, 173, 139, 170, 32, 164, 158, 121, 41, 55, 50, 85]","[2, 85, 98, 116, 121, 112, 19, 151, 54, 73, 164, 31, 193, 117, 198, 30, 42, 156, 24, 1, 197, 16, 27, 38, 102, 63, 100, 17, 44, 133, 10, 178, 191, 90, 125, 51, 120, 67, 71, 147, 192, 150, 6, 188, 65, 169, 132, 126, 13, 145, 15, 3, 161, 70, 84, 155, 184, 167, 189, 69, 109, 35, 0, 12, 29, 39, 160, 49, 33, 144, 56, 104, 8, 68, 111, 41, 119, 159, 143, 124, 128, 62, 18, 55, 174, 183, 140, 199, 4, 149, 101, 28, 59, 148, 47, 154, 94, 66, 57, 172, 52, 179, 22, 185, 95, 110, 86, 166, 194, 88, 176, 180, 26, 103, 89, 127, 165, 163, 186, 153, 77, 58, 82, 87, 91, 79, 61, 7, 78, 142, 162, 46, 80, 190, 105, 136, 45, 5, 123, 177, 171, 182, 138, 11, 139, 2]","{'distance': {'initial': 162611, 'final': 22069}, 'objective': {'initial': -138127, 'final': 19223}}",162611,22069,-138127,19223,24484,41292,162611,24484,-138127,22069,41292,371,TSPB
lab6,ils,85,691680367,845.340283,True,,"[85, 2, 134, 6, 188, 65, 169, 132, 161, 70, 3, 15, 145, 13, 126, 43, 139, 182, 138, 11, 49, 33, 160, 39, 29, 12, 0, 109, 35, 37, 41, 119, 159, 143, 106, 124, 128, 110, 62, 18, 55, 34, 170, 152, 53, 174, 183, 140, 4, 149, 101, 28, 59, 199, 9, 95, 130, 22, 148, 47, 154, 94, 66, 57, 172, 179, 52, 166, 194, 88, 176, 180, 26, 103, 89, 127, 165, 163, 186, 153, 81, 14, 50, 111, 68, 8, 56, 104, 157, 171, 87, 82, 58, 77, 97, 141, 91, 79, 61, 7, 177, 123, 5, 78, 175, 142, 45, 162, 46, 80, 190, 105, 136, 73, 164, 193, 31, 54, 151, 117, 198, 30, 42, 156, 24, 1, 197, 16, 27, 38, 102, 63, 100, 17, 44, 133, 10, 178, 90, 125, 191, 71, 147, 192, 150, 67, 120, 51, 116, 121, 112, 19, 25, 158, 98, 85]","[85, 2, 74, 25, 158, 19, 112, 121, 116, 98, 51, 120, 67, 71, 191, 125, 90, 178, 10, 133, 44, 17, 100, 63, 102, 38, 27, 16, 197, 1, 24, 156, 42, 30, 198, 117, 151, 54, 31, 193, 164, 73, 136, 105, 190, 80, 46, 162, 45, 142, 175, 78, 5, 123, 177, 7, 61, 79, 91, 141, 97, 77, 58, 82, 87, 171, 157, 104, 56, 8, 68, 111, 50, 14, 81, 153, 186, 163, 165, 127, 89, 103, 26, 180, 176, 88, 194, 166, 86, 110, 95, 185, 22, 179, 52, 172, 57, 66, 94, 154, 47, 148, 20, 59, 28, 101, 149, 4, 199, 140, 183, 174, 53, 152, 170, 34, 55, 18, 62, 128, 124, 106, 143, 159, 119, 41, 37, 35, 109, 0, 12, 29, 39, 160, 33, 49, 11, 138, 182, 139, 43, 126, 13, 145, 15, 3, 70, 161, 132, 169, 65, 188, 6, 150, 192, 85]","{'distance': {'initial': 24278, 'final': 23309}, 'objective': {'initial': 0, 'final': 19052}}",24278,23309,0,19052,42214,42361,24278,42214,0,23309,42361,438,TSPB
lab6,lns,85,691680367,846.142963,True,,"[85, 98, 51, 116, 158, 25, 19, 112, 121, 131, 1, 197, 24, 156, 30, 198, 117, 193, 151, 54, 31, 164, 73, 136, 45, 142, 78, 175, 162, 46, 80, 190, 105, 196, 42, 16, 27, 38, 102, 63, 100, 17, 44, 133, 10, 178, 191, 90, 125, 120, 67, 71, 147, 192, 150, 6, 188, 65, 169, 132, 126, 13, 145, 15, 161, 70, 3, 189, 167, 155, 184, 53, 152, 170, 34, 55, 18, 62, 83, 174, 183, 140, 4, 149, 101, 28, 59, 199, 9, 95, 130, 22, 148, 47, 154, 94, 66, 57, 172, 179, 52, 166, 194, 114, 137, 127, 165, 89, 163, 103, 26, 180, 176, 88, 86, 110, 128, 124, 106, 143, 159, 119, 186, 153, 81, 77, 58, 87, 82, 50, 14, 41, 111, 68, 8, 104, 56, 144, 33, 160, 39, 12, 0, 35, 109, 29, 49, 11, 138, 182, 139, 2, 85]","[85, 98, 51, 120, 67, 71, 191, 90, 125, 116, 121, 112, 19, 158, 25, 123, 177, 171, 157, 104, 56, 144, 68, 8, 87, 82, 58, 77, 97, 141, 91, 79, 61, 7, 5, 45, 142, 78, 175, 162, 46, 80, 190, 105, 136, 73, 164, 193, 31, 54, 151, 117, 198, 30, 42, 156, 24, 1, 197, 16, 27, 38, 102, 63, 100, 17, 44, 133, 10, 178, 115, 147, 192, 150, 6, 188, 65, 169, 132, 126, 13, 161, 70, 3, 15, 145, 189, 167, 155, 184, 53, 152, 170, 34, 55, 18, 62, 124, 128, 110, 95, 174, 183, 140, 199, 4, 149, 101, 28, 59, 20, 148, 47, 154, 94, 66, 57, 172, 52, 179, 22, 185, 86, 166, 194, 88, 176, 180, 26, 103, 114, 137, 127, 165, 89, 163, 186, 153, 119, 159, 143, 41, 111, 37, 35, 109, 0, 12, 29, 39, 160, 33, 49, 138, 182, 11, 139, 2, 85]","{'distance': {'initial': 24413, 'final': 23933}, 'objective': {'initial': 0, 'final': 19752}}",24413,23933,0,19752,41421,43685,24413,41421,0,23933,43685,260,TSPB
lab6,hae_op1_ls,85,691680367,846.209462,True,,"[85, 158, 98, 80, 43, 21, 147, 122, 31, 178, 59, 11, 113, 143, 155, 186, 14, 188, 132, 118, 52, 144, 190, 192, 187, 16, 58, 110, 50, 156, 101, 90, 76, 154, 93, 81, 141, 48, 18, 42, 51, 103, 198, 9, 66, 84, 94, 22, 170, 169, 53, 83, 173, 197, 104, 27, 20, 105, 108, 119, 194, 111, 5, 41, 179, 109, 29, 133, 172, 130, 37, 149, 4, 19, 62, 95, 1, 26, 152, 193, 176, 114, 100, 63, 183, 77, 8, 160, 57, 127, 49, 189, 25, 166, 124, 196, 44, 47, 139, 121, 85]","[86, 166, 194, 88, 176, 180, 26, 103, 89, 127, 165, 163, 186, 153, 81, 77, 58, 82, 87, 91, 79, 61, 7, 177, 123, 5, 78, 175, 142, 45, 162, 46, 80, 190, 105, 136, 73, 164, 193, 31, 54, 151, 117, 198, 30, 42, 156, 24, 1, 197, 16, 27, 38, 102, 63, 100, 17, 44, 133, 10, 178, 115, 147, 192, 150, 6, 188, 65, 169, 126, 13, 132, 161, 70, 3, 15, 145, 189, 167, 69, 109, 35, 0, 12, 29, 39, 160, 33, 49, 11, 138, 182, 139, 2, 85, 120, 67, 71, 191, 90, 125, 51, 98, 116, 121, 112, 19, 158, 25, 171, 157, 104, 56, 8, 68, 111, 41, 119, 159, 143, 106, 124, 128, 62, 18, 55, 174, 183, 140, 199, 4, 149, 101, 28, 59, 20, 148, 47, 154, 94, 66, 57, 172, 52, 179, 22, 185, 95, 110, 86]","{'distance': {'initial': 161089, 'final': 22147}, 'objective': {'initial': -137270, 'final': 19735}}",161089,22147,-137270,19735,23819,41882,161089,23819,-137270,22147,41882,154,TSPB
lab6,hae_op2_ls,85,691680367,846.429139,True,,"[85, 158, 98, 80, 43, 21, 147, 122, 31, 178, 59, 11, 113, 143, 155, 186, 14, 188, 132, 118, 52, 144, 190, 192, 187, 16, 58, 110, 50, 156, 101, 90, 76, 154, 93, 81, 141, 48, 18, 42, 51, 103, 198, 9, 66, 84, 94, 22, 170, 169, 53, 83, 173, 197, 104, 27, 20, 105, 108, 119, 194, 111, 5, 41, 179, 109, 29, 133, 172, 130, 37, 149, 4, 19, 62, 95, 1, 26, 152, 193, 176, 114, 100, 63, 183, 77, 8, 160, 57, 127, 49, 189, 25, 166, 124, 196, 44, 47, 139, 121, 85]","[153, 186, 163, 165, 127, 89, 103, 26, 180, 176, 88, 194, 166, 86, 110, 128, 181, 95, 185, 22, 179, 52, 172, 57, 66, 94, 154, 47, 148, 20, 59, 28, 101, 149, 4, 199, 140, 183, 174, 55, 18, 62, 124, 106, 143, 159, 119, 41, 111, 68, 8, 56, 104, 157, 171, 25, 158, 19, 112, 121, 116, 51, 98, 85, 2, 139, 11, 182, 138, 49, 33, 160, 39, 29, 12, 0, 35, 109, 69, 189, 167, 184, 155, 84, 70, 161, 3, 15, 145, 13, 126, 132, 169, 65, 188, 6, 150, 192, 147, 71, 67, 120, 125, 90, 191, 178, 10, 133, 44, 17, 100, 63, 102, 38, 27, 16, 197, 1, 24, 156, 42, 30, 198, 117, 151, 54, 31, 193, 164, 73, 136, 105, 190, 80, 46, 162, 175, 78, 142, 45, 5, 123, 177, 7, 61, 79, 91, 87, 82, 58, 77, 97, 153]","{'distance': {'initial': 161089, 'final': 22645}, 'objective': {'initial': -137270, 'final': 19751}}",161089,22645,-137270,19751,23819,42396,161089,23819,-137270,22645,42396,174,TSPB
lab6,hae_op3_ls,85,691680367,845.912766,True,,"[85, 158, 98, 80, 43, 21, 147, 122, 31, 178, 59, 11, 113, 143, 155, 186, 14, 188, 132, 118, 52, 144, 190, 192, 187, 16, 58, 110, 50, 156, 101, 90, 76, 154, 93, 81, 141, 48, 18, 42, 51, 103, 198, 9, 66, 84, 94, 22, 170, 169, 53, 83, 173, 197, 104, 27, 20, 105, 108, 119, 194, 111, 5, 41, 179, 109, 29, 133, 172, 130, 37, 149, 4, 19, 62, 95, 1, 26, 152, 193, 176, 114, 100, 63, 183, 77, 8, 160, 57, 127, 49, 189, 25, 166, 124, 196, 44, 47, 139, 121, 85]","[42, 156, 24, 1, 197, 16, 27, 38, 102, 63, 100, 17, 44, 133, 10, 178, 115, 147, 192, 150, 6, 188, 65, 169, 132, 126, 13, 161, 70, 3, 15, 145, 189, 167, 155, 184, 53, 152, 170, 34, 55, 18, 62, 124, 128, 110, 95, 174, 183, 140, 199, 4, 149, 101, 28, 59, 20, 148, 47, 154, 94, 66, 57, 172, 52, 179, 22, 185, 86, 166, 194, 88, 176, 180, 26, 103, 89, 127, 165, 163, 186, 153, 119, 159, 143, 41, 37, 35, 109, 0, 12, 29, 39, 160, 33, 49, 138, 182, 11, 139, 2, 85, 98, 51, 120, 67, 71, 191, 90, 125, 131, 121, 112, 19, 158, 25, 123, 177, 171, 157, 104, 56, 144, 111, 68, 8, 87, 82, 58, 77, 97, 141, 91, 79, 61, 7, 5, 45, 142, 78, 175, 162, 46, 80, 190, 105, 136, 73, 164, 193, 31, 54, 151, 117, 198, 30, 42]","{'distance': {'initial': 161089, 'final': 23521}, 'objective': {'initial': -137270, 'final': 19816}}",161089,23521,-137270,19816,23819,43337,161089,23819,-137270,23521,43337,276,TSPB
lab6,hae_op2_no_ls,85,691680367,845.901266,True,,"[85, 158, 98, 80, 43, 21, 147, 122, 31, 178, 59, 11, 113, 143, 155, 186, 14, 188, 132, 118, 52, 144, 190, 192, 187, 16, 58, 110, 50, 156, 101, 90, 76, 154, 93, 81, 141, 48, 18, 42, 51, 103, 198, 9, 66, 84, 94, 22, 170, 169, 53, 83, 173, 197, 104, 27, 20, 105, 108, 119, 194, 111, 5, 41, 179, 109, 29, 133, 172, 130, 37, 149, 4, 19, 62, 95, 1, 26, 152, 193, 176, 114, 100, 63, 183, 77, 8, 160, 57, 127, 49, 189, 25, 166, 124, 196, 44, 47, 139, 121, 85]","[80, 190, 105, 136, 73, 164, 31, 54, 193, 117, 30, 156, 42, 27, 38, 16, 197, 1, 24, 198, 151, 19, 112, 121, 131, 135, 32, 102, 63, 100, 17, 44, 133, 10, 178, 191, 90, 125, 51, 98, 120, 67, 71, 147, 192, 150, 6, 85, 2, 43, 126, 13, 132, 169, 188, 65, 161, 70, 3, 15, 145, 189, 167, 69, 109, 35, 0, 12, 39, 29, 49, 11, 139, 182, 138, 33, 160, 144, 56, 104, 8, 68, 82, 50, 14, 41, 119, 159, 143, 106, 124, 128, 110, 62, 18, 55, 34, 170, 152, 53, 174, 183, 140, 4, 149, 101, 28, 59, 199, 9, 148, 47, 154, 94, 66, 57, 172, 52, 179, 22, 185, 95, 86, 166, 194, 88, 176, 180, 26, 103, 114, 137, 127, 165, 89, 163, 186, 153, 97, 77, 58, 87, 171, 25, 123, 177, 91, 79, 61, 7, 5, 45, 142, 78, 175, 162, 46, 80]","{'distance': {'initial': 161089, 'final': 24768}, 'objective': {'initial': -137270, 'final': 18644}}",161089,24768,-137270,18644,23819,43412,161089,23819,-137270,24768,43412,403,TSPB
lab6,hae_op3_no_ls,85,691680367,846.578256,True,,"[85, 158, 98, 80, 43, 21, 147, 122, 31, 178, 59, 11, 113, 143, 155, 186, 14, 188, 132, 118, 52, 144, 190, 192, 187, 16, 58, 110, 50, 156, 101, 90, 76, 154, 93, 81, 141, 48, 18, 42, 51, 103, 198, 9, 66, 84, 94, 22, 170, 169, 53, 83, 173, 197, 104, 27, 20, 105, 108, 119, 194, 111, 5, 41, 179, 109, 29, 133, 172, 130, 37, 149, 4, 19, 62, 95, 1, 26, 152, 193, 176, 114, 100, 63, 183, 77, 8, 160, 57, 127, 49, 189, 25, 166, 124, 196, 44, 47, 139, 121, 85]","[105, 136, 73, 164, 193, 31, 54, 151, 117, 198, 30, 42, 156, 24, 1, 197, 16, 27, 38, 102, 63, 100, 17, 44, 133, 10, 178, 90, 125, 191, 71, 67, 120, 51, 98, 121, 112, 19, 25, 171, 104, 56, 8, 68, 144, 160, 33, 49, 138, 182, 11, 139, 2, 192, 150, 6, 188, 65, 169, 132, 126, 13, 161, 70, 3, 15, 145, 189, 167, 69, 29, 39, 12, 0, 109, 35, 41, 119, 159, 143, 124, 128, 62, 18, 55, 174, 183, 140, 199, 4, 149, 101, 28, 59, 148, 47, 154, 94, 66, 57, 172, 52, 179, 22, 185, 95, 110, 86, 166, 194, 88, 176, 180, 26, 103, 89, 127, 165, 163, 186, 153, 77, 58, 82, 87, 91, 79, 61, 177, 7, 78, 175, 142, 45, 46, 162, 105]","{'distance': {'initial': 161089, 'final': 21369}, 'objective': {'initial': -137270, 'final': 18706}}",161089,21369,-137270,18706,23819,40075,161089,23819,-137270,21369,40075,417,TSPB
lab6,ils,85,657099353,845.533761,True,,"[85, 192, 150, 6, 188, 65, 169, 132, 126, 13, 161, 70, 3, 15, 145, 189, 167, 155, 184, 53, 152, 170, 34, 62, 18, 55, 174, 183, 140, 199, 4, 149, 101, 28, 59, 20, 23, 60, 148, 47, 154, 94, 66, 57, 172, 179, 52, 166, 48, 76, 75, 137, 114, 127, 165, 89, 163, 103, 26, 180, 176, 88, 194, 86, 185, 22, 130, 95, 110, 128, 124, 106, 143, 159, 119, 41, 37, 35, 109, 0, 12, 39, 29, 49, 160, 111, 68, 8, 87, 82, 58, 77, 97, 141, 91, 79, 61, 7, 177, 123, 5, 78, 175, 142, 45, 162, 46, 80, 190, 136, 105, 196, 42, 16, 27, 38, 197, 1, 24, 156, 30, 198, 117, 193, 31, 164, 73, 54, 151, 19, 112, 121, 131, 135, 32, 102, 63, 100, 17, 44, 133, 10, 178, 90, 125, 191, 71, 67, 120, 51, 98, 116, 158, 25, 171, 157, 104, 56, 144, 33, 138, 182, 11, 139, 2, 85]","[85, 192, 150, 6, 188, 65, 169, 132, 126, 13, 161, 70, 3, 15, 145, 189, 167, 155, 184, 53, 152, 170, 34, 62, 18, 55, 174, 183, 140, 199, 4, 149, 101, 28, 59, 20, 23, 60, 148, 47, 154, 94, 66, 57, 172, 179, 52, 48, 76, 75, 137, 114, 127, 165, 89, 163, 103, 26, 180, 176, 88, 194, 166, 86, 185, 22, 130, 95, 110, 128, 124, 106, 143, 159, 119, 41, 37, 35, 109, 0, 12, 29, 39, 111, 68, 8, 87, 82, 58, 77, 97, 141, 91, 79, 61, 7, 177, 123, 5, 45, 142, 78, 175, 162, 46, 80, 190, 105, 136, 73, 164, 31, 54, 193, 117, 30, 42, 27, 38, 16, 197, 1, 24, 156, 198, 151, 19, 112, 121, 131, 135, 32, 102, 63, 100, 17, 44, 133, 10, 178, 90, 125, 191, 71, 67, 120, 51, 98, 116, 158, 25, 171, 157, 104, 56, 144, 160, 33, 49, 11, 138, 182, 139, 2, 85]","{'distance': {'initial': 26231, 'final': 25433}, 'objective': {'initial': 0, 'final': 19159}}",26231,25433,0,19159,44785,44592,26231,44785,0,25433,44592,428,TSPB
lab6,lns,85,657099353,845.250205,True,,"[85, 192, 150, 6, 188, 65, 169, 132, 126, 13, 145, 15, 161, 70, 3, 189, 167, 155, 184, 53, 174, 183, 140, 4, 149, 101, 28, 59, 199, 9, 148, 47, 154, 94, 66, 57, 172, 179, 52, 166, 194, 88, 176, 180, 113, 76, 75, 137, 114, 26, 103, 89, 127, 165, 163, 186, 153, 81, 77, 58, 82, 8, 68, 111, 41, 119, 159, 143, 106, 124, 128, 110, 86, 185, 22, 130, 95, 181, 62, 18, 55, 34, 69, 109, 35, 0, 12, 39, 29, 49, 33, 160, 144, 56, 104, 87, 91, 79, 61, 7, 177, 123, 171, 157, 138, 11, 139, 182, 25, 158, 116, 121, 112, 19, 151, 54, 31, 164, 73, 136, 45, 142, 78, 175, 162, 46, 80, 190, 105, 193, 117, 198, 30, 42, 156, 24, 1, 197, 16, 27, 38, 102, 63, 100, 17, 44, 133, 10, 178, 90, 125, 191, 71, 67, 120, 51, 98, 118, 74, 2, 85]","[85, 192, 150, 6, 188, 65, 169, 132, 126, 13, 161, 70, 3, 15, 145, 189, 167, 155, 184, 53, 174, 183, 140, 199, 4, 149, 101, 28, 59, 20, 148, 47, 154, 94, 66, 57, 172, 52, 179, 22, 130, 95, 181, 55, 18, 62, 124, 128, 110, 86, 166, 194, 88, 176, 180, 26, 103, 114, 137, 127, 165, 89, 163, 186, 153, 119, 159, 143, 41, 111, 37, 35, 109, 0, 12, 39, 29, 49, 33, 160, 144, 56, 104, 8, 68, 82, 87, 58, 77, 97, 141, 91, 79, 61, 7, 177, 123, 5, 45, 142, 78, 175, 162, 46, 80, 190, 105, 136, 73, 164, 193, 31, 54, 151, 117, 198, 30, 42, 156, 24, 1, 197, 16, 27, 38, 102, 63, 100, 17, 44, 133, 10, 178, 90, 125, 191, 71, 67, 120, 51, 98, 116, 121, 112, 19, 158, 25, 171, 157, 138, 182, 11, 139, 2, 85]","{'distance': {'initial': 25401, 'final': 23494}, 'objective': {'initial': 0, 'final': 19642}}",25401,23494,0,19642,43924,43136,25401,43924,0,23494,43136,236,TSPB
lab6,hae_op1_ls,85,657099353,847.631751,True,,"[85, 0, 29, 75, 177, 162, 125, 118, 147, 24, 67, 138, 55, 182, 166, 82, 158, 57, 135, 189, 170, 59, 60, 63, 181, 124, 95, 149, 139, 37, 80, 174, 48, 13, 104, 32, 194, 142, 137, 110, 151, 39, 15, 94, 195, 76, 184, 83, 106, 79, 28, 46, 9, 131, 143, 20, 121, 31, 196, 197, 78, 161, 185, 165, 25, 66, 156, 107, 175, 113, 169, 58, 154, 77, 187, 126, 160, 136, 101, 108, 157, 102, 2, 105, 42, 89, 193, 61, 71, 128, 116, 111, 70, 18, 199, 144, 74, 52, 8, 73, 85]","[161, 70, 3, 84, 155, 189, 167, 184, 53, 152, 170, 34, 55, 174, 183, 140, 199, 4, 149, 101, 28, 59, 20, 148, 47, 154, 94, 66, 57, 172, 52, 179, 22, 185, 95, 181, 83, 18, 62, 124, 128, 110, 86, 166, 194, 88, 176, 180, 26, 103, 89, 127, 165, 163, 186, 153, 119, 159, 143, 35, 109, 0, 29, 39, 12, 37, 41, 111, 68, 144, 160, 33, 49, 11, 138, 182, 139, 2, 85, 120, 67, 71, 191, 90, 125, 51, 98, 116, 121, 112, 19, 158, 25, 123, 177, 171, 157, 104, 56, 8, 87, 82, 58, 77, 97, 141, 91, 79, 61, 7, 5, 45, 142, 78, 175, 162, 46, 80, 190, 105, 136, 73, 164, 193, 31, 54, 151, 117, 198, 30, 42, 156, 24, 1, 197, 16, 27, 38, 102, 63, 100, 17, 44, 133, 10, 178, 115, 147, 192, 150, 6, 188, 65, 169, 132, 13, 126, 195, 145, 15, 161]","{'distance': {'initial': 167097, 'final': 23900}, 'objective': {'initial': -142855, 'final': 19570}}",167097,23900,-142855,19570,24242,43470,167097,24242,-142855,23900,43470,152,TSPB
lab6,hae_op2_ls,85,657099353,847.676121,True,,"[85, 0, 29, 75, 177, 162, 125, 118, 147, 24, 67, 138, 55, 182, 166, 82, 158, 57, 135, 189, 170, 59, 60, 63, 181, 124, 95, 149, 139, 37, 80, 174, 48, 13, 104, 32, 194, 142, 137, 110, 151, 39, 15, 94, 195, 76, 184, 83, 106, 79, 28, 46, 9, 131, 143, 20, 121, 31, 196, 197, 78, 161, 185, 165, 25, 66, 156, 107, 175, 113, 169, 58, 154, 77, 187, 126, 160, 136, 101, 108, 157, 102, 2, 105, 42, 89, 193, 61, 71, 128, 116, 111, 70, 18, 199, 144, 74, 52, 8, 73, 85]","[25, 171, 157, 104, 56, 8, 68, 111, 41, 14, 50, 77, 58, 82, 87, 91, 79, 61, 7, 177, 123, 5, 78, 175, 142, 45, 162, 46, 80, 190, 105, 136, 73, 164, 193, 31, 54, 151, 117, 198, 30, 42, 156, 24, 1, 197, 16, 27, 38, 102, 63, 100, 17, 44, 133, 10, 178, 115, 147, 192, 150, 6, 188, 65, 169, 132, 126, 13, 145, 15, 161, 70, 3, 189, 167, 155, 184, 53, 174, 183, 140, 199, 4, 149, 101, 28, 59, 20, 148, 47, 154, 94, 66, 57, 172, 52, 179, 22, 185, 95, 110, 86, 166, 194, 88, 176, 180, 26, 103, 114, 137, 127, 165, 89, 163, 186, 153, 119, 159, 143, 106, 124, 128, 62, 18, 55, 34, 69, 109, 35, 0, 12, 29, 39, 160, 33, 49, 138, 182, 11, 139, 2, 85, 98, 51, 120, 67, 71, 191, 90, 125, 131, 121, 116, 158, 25]","{'distance': {'initial': 167097, 'final': 23744}, 'objective': {'initial': -142855, 'final': 19632}}",167097,23744,-142855,19632,24242,43376,167097,24242,-142855,23744,43376,172,TSPB
lab6,hae_op3_ls,85,657099353,845.134596,True,,"[85, 0, 29, 75, 177, 162, 125, 118, 147, 24, 67, 138, 55, 182, 166, 82, 158, 57, 135, 189, 170, 59, 60, 63, 181, 124, 95, 149, 139, 37, 80, 174, 48, 13, 104, 32, 194, 142, 137, 110, 151, 39, 15, 94, 195, 76, 184, 83, 106, 79, 28, 46, 9, 131, 143, 20, 121, 31, 196, 197, 78, 161, 185, 165, 25, 66, 156, 107, 175, 113, 169, 58, 154, 77, 187, 126, 160, 136, 101, 108, 157, 102, 2, 105, 42, 89, 193, 61, 71, 128, 116, 111, 70, 18, 199, 144, 74, 52, 8, 73, 85]","[24, 156, 42, 30, 198, 117, 151, 54, 31, 193, 164, 73, 136, 105, 190, 80, 46, 162, 175, 78, 142, 45, 5, 123, 25, 182, 138, 11, 49, 33, 160, 144, 68, 8, 56, 104, 157, 171, 177, 7, 61, 79, 91, 87, 82, 58, 77, 81, 153, 186, 163, 165, 127, 89, 103, 26, 180, 176, 88, 194, 166, 86, 110, 95, 185, 22, 179, 52, 172, 57, 66, 94, 154, 47, 148, 60, 23, 20, 59, 28, 101, 149, 4, 199, 140, 183, 174, 55, 18, 62, 128, 124, 106, 143, 159, 119, 41, 111, 37, 35, 109, 0, 12, 39, 29, 69, 189, 167, 184, 155, 84, 70, 161, 3, 15, 145, 13, 126, 132, 169, 65, 188, 6, 150, 192, 147, 71, 67, 120, 51, 98, 116, 121, 112, 19, 131, 125, 90, 191, 178, 10, 133, 44, 17, 100, 63, 102, 38, 27, 16, 197, 1, 24]","{'distance': {'initial': 167097, 'final': 22808}, 'objective': {'initial': -142855, 'final': 19869}}",167097,22808,-142855,19869,24242,42677,167097,24242,-142855,22808,42677,283,TSPB
lab6,hae_op2_no_ls,85,657099353,846.189682,True,,"[85, 0, 29, 75, 177, 162, 125, 118, 147, 24, 67, 138, 55, 182, 166, 82, 158, 57, 135, 189, 170, 59, 60, 63, 181, 124, 95, 149, 139, 37, 80, 174, 48, 13, 104, 32, 194, 142, 137, 110, 151, 39, 15, 94, 195, 76, 184, 83, 106, 79, 28, 46, 9, 131, 143, 20, 121, 31, 196, 197, 78, 161, 185, 165, 25, 66, 156, 107, 175, 113, 169, 58, 154, 77, 187, 126, 160, 136, 101, 108, 157, 102, 2, 105, 42, 89, 193, 61, 71, 128, 116, 111, 70, 18, 199, 144, 74, 52, 8, 73, 85]","[150, 192, 147, 115, 178, 10, 133, 44, 17, 100, 122, 125, 90, 191, 71, 67, 120, 51, 98, 85, 2, 139, 11, 49, 138, 182, 25, 158, 19, 112, 121, 131, 135, 32, 102, 63, 92, 38, 27, 16, 197, 1, 24, 156, 42, 30, 198, 117, 151, 54, 31, 193, 164, 73, 136, 105, 190, 80, 46, 162, 175, 78, 142, 45, 5, 7, 177, 123, 171, 157, 104, 56, 144, 33, 160, 39, 29, 12, 0, 109, 35, 37, 41, 111, 68, 8, 82, 87, 21, 61, 79, 91, 58, 77, 97, 153, 186, 163, 165, 127, 89, 103, 26, 180, 176, 88, 194, 166, 52, 179, 172, 57, 66, 22, 185, 95, 86, 110, 128, 124, 62, 18, 55, 174, 183, 140, 199, 9, 148, 20, 59, 28, 101, 149, 4, 53, 184, 155, 167, 189, 69, 195, 126, 13, 145, 15, 3, 70, 161, 132, 169, 65, 188, 6, 150]","{'distance': {'initial': 167097, 'final': 24294}, 'objective': {'initial': -142855, 'final': 18643}}",167097,24294,-142855,18643,24242,42937,167097,24242,-142855,24294,42937,400,TSPB
lab6,hae_op3_no_ls,85,657099353,846.075623,True,,"[85, 0, 29, 75, 177, 162, 125, 118, 147, 24, 67, 138, 55, 182, 166, 82, 158, 57, 135, 189, 170, 59, 60, 63, 181, 124, 95, 149, 139, 37, 80, 174, 48, 13, 104, 32, 194, 142, 137, 110, 151, 39, 15, 94, 195, 76, 184, 83, 106, 79, 28, 46, 9, 131, 143, 20, 121, 31, 196, 197, 78, 161, 185, 165, 25, 66, 156, 107, 175, 113, 169, 58, 154, 77, 187, 126, 160, 136, 101, 108, 157, 102, 2, 105, 42, 89, 193, 61, 71, 128, 116, 111, 70, 18, 199, 144, 74, 52, 8, 73, 85]","[42, 156, 24, 1, 197, 16, 27, 38, 102, 63, 100, 17, 44, 133, 10, 178, 71, 67, 120, 191, 90, 125, 131, 19, 112, 121, 116, 51, 98, 158, 25, 182, 138, 33, 160, 39, 12, 0, 35, 109, 29, 49, 11, 139, 2, 85, 192, 150, 6, 188, 65, 169, 132, 13, 126, 145, 15, 161, 70, 3, 189, 167, 155, 184, 53, 174, 183, 140, 199, 4, 149, 101, 28, 59, 20, 148, 47, 154, 94, 66, 57, 172, 52, 179, 22, 95, 181, 55, 18, 62, 124, 128, 110, 86, 166, 194, 88, 176, 180, 26, 103, 114, 137, 127, 165, 89, 163, 186, 153, 119, 159, 143, 41, 77, 58, 91, 79, 61, 87, 82, 68, 8, 56, 104, 157, 171, 177, 123, 5, 78, 175, 142, 45, 46, 162, 80, 190, 105, 136, 73, 164, 31, 193, 54, 151, 117, 198, 30, 42]","{'distance': {'initial': 167097, 'final': 23496}, 'objective': {'initial': -142855, 'final': 18780}}",167097,23496,-142855,18780,24242,42276,167097,24242,-142855,23496,42276,421,TSPB
lab6,ils,85,1142192430,845.235806,True,,"[85, 98, 51, 125, 191, 90, 131, 117, 198, 30, 42, 156, 24, 1, 197, 16, 27, 38, 102, 63, 100, 17, 44, 133, 10, 178, 115, 147, 192, 150, 6, 188, 65, 169, 132, 161, 70, 3, 15, 13, 126, 195, 145, 189, 167, 155, 184, 53, 174, 55, 18, 62, 128, 110, 86, 95, 185, 22, 148, 59, 20, 23, 60, 47, 154, 94, 66, 57, 172, 179, 52, 166, 194, 88, 176, 180, 26, 103, 163, 89, 127, 165, 187, 146, 97, 77, 81, 153, 186, 119, 159, 143, 106, 124, 109, 29, 39, 12, 0, 35, 37, 41, 111, 68, 82, 58, 87, 8, 104, 56, 144, 160, 33, 49, 11, 139, 182, 138, 157, 171, 25, 123, 177, 7, 5, 78, 175, 142, 45, 162, 46, 80, 190, 105, 136, 73, 164, 193, 31, 54, 151, 19, 112, 121, 116, 118, 74, 2, 85]","[85, 98, 51, 120, 67, 71, 191, 90, 125, 131, 117, 198, 30, 42, 156, 24, 1, 197, 16, 27, 38, 102, 63, 100, 17, 44, 133, 10, 178, 115, 147, 192, 150, 6, 188, 65, 169, 132, 126, 13, 161, 70, 3, 15, 145, 189, 167, 155, 184, 53, 152, 170, 34, 55, 18, 62, 124, 128, 110, 86, 185, 22, 130, 95, 9, 199, 140, 4, 149, 101, 28, 59, 20, 23, 60, 148, 47, 154, 94, 66, 57, 172, 179, 52, 166, 194, 88, 176, 180, 26, 103, 89, 127, 165, 163, 186, 153, 119, 159, 143, 35, 109, 0, 29, 39, 12, 37, 41, 111, 50, 77, 58, 87, 82, 68, 8, 104, 56, 144, 160, 33, 49, 11, 139, 182, 138, 157, 171, 25, 123, 177, 7, 5, 45, 142, 78, 175, 162, 46, 80, 190, 105, 136, 73, 164, 193, 31, 54, 151, 19, 112, 121, 116, 118, 74, 2, 85]","{'distance': {'initial': 24483, 'final': 23569}, 'objective': {'initial': 0, 'final': 19042}}",24483,23569,0,19042,41028,42611,24483,41028,0,23569,42611,452,TSPB
lab6,lns,85,1142192430,847.801339,True,,"[85, 2, 74, 118, 98, 116, 121, 112, 19, 151, 198, 156, 24, 1, 197, 16, 38, 27, 42, 30, 117, 193, 54, 31, 164, 73, 136, 105, 190, 80, 46, 162, 45, 142, 175, 78, 5, 123, 177, 7, 61, 79, 91, 58, 82, 87, 171, 25, 182, 138, 11, 49, 33, 160, 144, 56, 104, 8, 68, 111, 50, 77, 97, 153, 186, 163, 165, 127, 89, 103, 26, 180, 176, 88, 194, 166, 86, 185, 22, 130, 95, 9, 199, 148, 60, 23, 20, 59, 28, 101, 149, 4, 140, 183, 174, 55, 18, 62, 110, 128, 124, 106, 143, 159, 119, 41, 37, 35, 12, 39, 29, 0, 109, 69, 189, 167, 184, 155, 84, 3, 70, 161, 15, 145, 13, 126, 132, 169, 65, 188, 6, 150, 192, 147, 71, 67, 120, 191, 178, 10, 133, 44, 17, 100, 63, 102, 32, 135, 131, 90, 125, 51, 85]","[85, 2, 139, 11, 182, 138, 157, 171, 25, 123, 177, 5, 45, 136, 105, 190, 80, 46, 162, 142, 175, 78, 7, 61, 79, 91, 87, 82, 58, 77, 81, 153, 186, 163, 165, 127, 89, 103, 26, 180, 176, 88, 194, 166, 86, 110, 95, 185, 22, 179, 52, 172, 57, 66, 94, 154, 47, 148, 60, 23, 20, 59, 28, 101, 149, 4, 199, 140, 183, 174, 55, 18, 62, 128, 124, 106, 143, 159, 119, 41, 111, 68, 8, 104, 56, 144, 160, 33, 49, 29, 39, 12, 0, 35, 109, 69, 189, 167, 184, 155, 84, 70, 161, 3, 15, 145, 13, 126, 132, 169, 65, 188, 6, 150, 192, 147, 115, 178, 10, 133, 44, 17, 100, 63, 102, 38, 27, 16, 197, 1, 24, 156, 42, 30, 198, 117, 193, 31, 164, 73, 54, 151, 19, 112, 121, 116, 125, 90, 191, 71, 67, 120, 51, 98, 85]","{'distance': {'initial': 24020, 'final': 22953}, 'objective': {'initial': 0, 'final': 19958}}",24020,22953,0,19958,41846,42911,24020,41846,0,22953,42911,265,TSPB
lab6,hae_op1_ls,85,1142192430,849.8473,True,,"[85, 98, 64, 107, 108, 187, 41, 78, 18, 70, 15, 81, 0, 151, 122, 25, 163, 182, 170, 195, 103, 174, 21, 124, 23, 155, 20, 131, 168, 60, 176, 53, 198, 11, 152, 6, 102, 97, 132, 129, 136, 95, 127, 105, 185, 171, 87, 16, 32, 67, 50, 92, 8, 88, 5, 193, 27, 39, 153, 93, 17, 101, 72, 173, 59, 154, 19, 65, 177, 69, 58, 30, 118, 51, 162, 112, 56, 106, 116, 36, 37, 35, 138, 148, 109, 192, 80, 115, 160, 166, 55, 181, 42, 125, 110, 10, 184, 83, 38, 164, 85]","[106, 124, 128, 62, 18, 55, 174, 183, 140, 199, 4, 149, 101, 28, 59, 20, 148, 47, 154, 94, 66, 57, 172, 52, 179, 22, 185, 95, 110, 86, 166, 194, 88, 176, 180, 26, 103, 89, 127, 165, 163, 186, 153, 81, 14, 50, 77, 58, 82, 87, 91, 79, 61, 7, 5, 45, 142, 78, 175, 162, 46, 80, 190, 105, 136, 73, 164, 193, 31, 54, 151, 117, 198, 30, 42, 156, 24, 1, 197, 16, 27, 38, 102, 63, 100, 17, 44, 133, 10, 178, 115, 147, 192, 150, 6, 188, 65, 169, 132, 126, 13, 145, 15, 161, 70, 3, 84, 155, 184, 167, 189, 69, 109, 35, 0, 12, 39, 29, 49, 138, 182, 11, 139, 2, 85, 98, 51, 120, 67, 71, 191, 90, 125, 116, 121, 112, 19, 158, 25, 123, 177, 171, 157, 104, 33, 160, 144, 56, 8, 68, 111, 41, 119, 159, 143, 106]","{'distance': {'initial': 159637, 'final': 23063}, 'objective': {'initial': -136562, 'final': 19729}}",159637,23063,-136562,19729,23075,42792,159637,23075,-136562,23063,42792,147,TSPB
lab6,hae_op2_ls,85,1142192430,848.218873,True,,"[85, 98, 64, 107, 108, 187, 41, 78, 18, 70, 15, 81, 0, 151, 122, 25, 163, 182, 170, 195, 103, 174, 21, 124, 23, 155, 20, 131, 168, 60, 176, 53, 198, 11, 152, 6, 102, 97, 132, 129, 136, 95, 127, 105, 185, 171, 87, 16, 32, 67, 50, 92, 8, 88, 5, 193, 27, 39, 153, 93, 17, 101, 72, 173, 59, 154, 19, 65, 177, 69, 58, 30, 118, 51, 162, 112, 56, 106, 116, 36, 37, 35, 138, 148, 109, 192, 80, 115, 160, 166, 55, 181, 42, 125, 110, 10, 184, 83, 38, 164, 85]","[120, 67, 71, 125, 90, 191, 178, 10, 133, 44, 17, 100, 63, 102, 38, 27, 16, 197, 1, 24, 156, 42, 30, 198, 117, 151, 54, 31, 193, 164, 73, 136, 105, 190, 80, 46, 162, 175, 78, 142, 45, 5, 123, 177, 7, 61, 79, 91, 87, 82, 58, 77, 81, 153, 186, 163, 165, 127, 89, 103, 26, 180, 176, 88, 194, 166, 86, 110, 95, 185, 22, 179, 52, 172, 57, 66, 94, 154, 47, 148, 20, 59, 28, 101, 149, 4, 199, 140, 183, 174, 55, 18, 62, 128, 124, 106, 143, 159, 119, 41, 111, 68, 8, 171, 157, 104, 56, 144, 160, 39, 29, 12, 0, 35, 109, 69, 189, 167, 184, 155, 84, 70, 161, 3, 15, 145, 13, 126, 132, 169, 65, 188, 6, 150, 192, 85, 2, 139, 11, 49, 33, 138, 182, 25, 158, 19, 112, 121, 116, 98, 51, 120]","{'distance': {'initial': 159637, 'final': 22633}, 'objective': {'initial': -136562, 'final': 19748}}",159637,22633,-136562,19748,23075,42381,159637,23075,-136562,22633,42381,173,TSPB
lab6,hae_op3_ls,85,1142192430,847.157778,True,,"[85, 98, 64, 107, 108, 187, 41, 78, 18, 70, 15, 81, 0, 151, 122, 25, 163, 182, 170, 195, 103, 174, 21, 124, 23, 155, 20, 131, 168, 60, 176, 53, 198, 11, 152, 6, 102, 97, 132, 129, 136, 95, 127, 105, 185, 171, 87, 16, 32, 67, 50, 92, 8, 88, 5, 193, 27, 39, 153, 93, 17, 101, 72, 173, 59, 154, 19, 65, 177, 69, 58, 30, 118, 51, 162, 112, 56, 106, 116, 36, 37, 35, 138, 148, 109, 192, 80, 115, 160, 166, 55, 181, 42, 125, 110, 10, 184, 83, 38, 164, 85]","[172, 52, 179, 22, 185, 86, 166, 194, 88, 176, 180, 26, 103, 89, 127, 165, 163, 186, 153, 119, 159, 143, 41, 111, 68, 8, 56, 104, 157, 171, 25, 123, 177, 21, 87, 82, 58, 77, 97, 141, 91, 79, 61, 7, 5, 45, 142, 78, 175, 162, 46, 80, 190, 105, 136, 73, 164, 193, 31, 54, 151, 117, 198, 30, 42, 156, 24, 1, 197, 16, 27, 38, 102, 63, 100, 17, 44, 133, 10, 178, 191, 90, 125, 131, 19, 112, 121, 116, 98, 51, 120, 67, 71, 147, 192, 150, 6, 188, 65, 169, 132, 161, 70, 3, 15, 145, 13, 126, 43, 2, 139, 11, 182, 138, 49, 33, 160, 39, 29, 12, 0, 35, 109, 69, 189, 167, 155, 184, 53, 152, 170, 34, 55, 18, 62, 124, 128, 110, 95, 174, 183, 140, 199, 4, 149, 101, 28, 59, 20, 23, 60, 148, 47, 154, 94, 66, 57, 172]","{'distance': {'initial': 159637, 'final': 23776}, 'objective': {'initial': -136562, 'final': 19943}}",159637,23776,-136562,19943,23075,43719,159637,23075,-136562,23776,43719,284,TSPB
lab6,hae_op2_no_ls,85,1142192430,845.462252,True,,"[85, 98, 64, 107, 108, 187, 41, 78, 18, 70, 15, 81, 0, 151, 122, 25, 163, 182, 170, 195, 103, 174, 21, 124, 23, 155, 20, 131, 168, 60, 176, 53, 198, 11, 152, 6, 102, 97, 132, 129, 136, 95, 127, 105, 185, 171, 87, 16, 32, 67, 50, 92, 8, 88, 5, 193, 27, 39, 153, 93, 17, 101, 72, 173, 59, 154, 19, 65, 177, 69, 58, 30, 118, 51, 162, 112, 56, 106, 116, 36, 37, 35, 138, 148, 109, 192, 80, 115, 160, 166, 55, 181, 42, 125, 110, 10, 184, 83, 38, 164, 85]","[85, 192, 150, 6, 188, 65, 169, 132, 126, 13, 145, 15, 3, 161, 70, 84, 155, 184, 53, 174, 55, 18, 62, 124, 128, 110, 95, 9, 199, 140, 4, 149, 101, 28, 59, 20, 23, 60, 148, 47, 154, 94, 66, 57, 172, 52, 179, 22, 185, 86, 166, 194, 88, 176, 180, 26, 103, 89, 127, 165, 163, 186, 153, 119, 159, 143, 34, 167, 189, 69, 109, 35, 0, 12, 29, 39, 160, 33, 49, 11, 139, 182, 138, 157, 104, 56, 8, 68, 82, 58, 50, 111, 41, 14, 81, 77, 97, 141, 91, 79, 61, 21, 87, 171, 25, 123, 177, 7, 5, 45, 142, 78, 175, 162, 46, 80, 190, 105, 136, 73, 164, 193, 31, 54, 151, 117, 198, 30, 42, 156, 24, 1, 197, 16, 27, 38, 102, 63, 100, 17, 44, 133, 10, 178, 90, 191, 71, 67, 120, 98, 51, 125, 131, 19, 112, 121, 116, 118, 74, 2, 85]","{'distance': {'initial': 159637, 'final': 25290}, 'objective': {'initial': -136562, 'final': 18971}}",159637,25290,-136562,18971,23075,44261,159637,23075,-136562,25290,44261,424,TSPB
lab6,hae_op3_no_ls,85,1142192430,846.663176,True,,"[85, 98, 64, 107, 108, 187, 41, 78, 18, 70, 15, 81, 0, 151, 122, 25, 163, 182, 170, 195, 103, 174, 21, 124, 23, 155, 20, 131, 168, 60, 176, 53, 198, 11, 152, 6, 102, 97, 132, 129, 136, 95, 127, 105, 185, 171, 87, 16, 32, 67, 50, 92, 8, 88, 5, 193, 27, 39, 153, 93, 17, 101, 72, 173, 59, 154, 19, 65, 177, 69, 58, 30, 118, 51, 162, 112, 56, 106, 116, 36, 37, 35, 138, 148, 109, 192, 80, 115, 160, 166, 55, 181, 42, 125, 110, 10, 184, 83, 38, 164, 85]","[85, 192, 150, 6, 188, 65, 169, 132, 126, 13, 145, 15, 3, 161, 70, 84, 155, 184, 53, 174, 55, 18, 62, 124, 128, 110, 95, 9, 199, 140, 4, 149, 101, 28, 59, 20, 23, 60, 148, 47, 154, 94, 66, 57, 172, 52, 179, 22, 185, 86, 166, 194, 88, 176, 180, 26, 103, 89, 127, 165, 163, 186, 153, 119, 159, 143, 34, 167, 189, 69, 109, 35, 0, 12, 29, 39, 160, 33, 49, 11, 139, 182, 138, 157, 104, 56, 8, 68, 82, 58, 50, 111, 41, 14, 81, 77, 97, 141, 91, 79, 61, 21, 87, 171, 25, 123, 177, 7, 5, 45, 142, 78, 175, 162, 46, 80, 190, 105, 136, 73, 164, 193, 31, 54, 151, 117, 198, 30, 42, 156, 24, 1, 197, 16, 27, 38, 102, 63, 100, 17, 44, 133, 10, 178, 90, 191, 71, 67, 120, 98, 51, 125, 131, 19, 112, 121, 116, 118, 74, 2, 85]","{'distance': {'initial': 159637, 'final': 25290}, 'objective': {'initial': -136562, 'final': 18971}}",159637,25290,-136562,18971,23075,44261,159637,23075,-136562,25290,44261,386,TSPB
lab6,ils,85,1817737901,846.514997,True,,"[85, 2, 43, 168, 195, 126, 169, 188, 65, 132, 13, 145, 15, 3, 161, 70, 84, 155, 184, 53, 174, 183, 140, 199, 4, 149, 101, 28, 59, 20, 148, 47, 154, 94, 66, 57, 172, 52, 179, 22, 185, 95, 86, 110, 64, 176, 180, 88, 194, 166, 48, 76, 75, 137, 114, 26, 103, 89, 127, 165, 163, 186, 153, 81, 77, 58, 82, 87, 8, 104, 56, 144, 68, 111, 41, 37, 12, 0, 109, 35, 143, 159, 119, 106, 124, 128, 62, 18, 55, 34, 167, 189, 69, 29, 39, 160, 33, 49, 11, 139, 182, 138, 157, 171, 91, 79, 61, 7, 78, 175, 142, 46, 162, 45, 5, 177, 123, 25, 158, 116, 121, 112, 19, 151, 54, 73, 164, 31, 193, 117, 198, 30, 42, 156, 24, 1, 197, 16, 27, 38, 102, 63, 100, 17, 44, 133, 10, 178, 191, 90, 125, 71, 67, 120, 51, 98, 118, 74, 85]","[85, 2, 74, 118, 98, 51, 120, 67, 71, 191, 125, 90, 178, 10, 133, 44, 17, 100, 63, 102, 38, 27, 16, 197, 1, 24, 156, 42, 30, 198, 117, 193, 105, 136, 73, 164, 31, 54, 151, 19, 112, 121, 116, 158, 25, 123, 177, 5, 45, 162, 46, 142, 175, 78, 7, 61, 79, 91, 87, 171, 157, 138, 182, 139, 11, 49, 33, 160, 39, 29, 12, 0, 109, 35, 37, 41, 111, 144, 56, 104, 8, 68, 82, 58, 77, 81, 153, 186, 163, 165, 127, 89, 103, 26, 114, 137, 75, 76, 48, 166, 194, 88, 180, 176, 64, 110, 86, 95, 185, 22, 179, 52, 172, 57, 66, 94, 154, 47, 148, 20, 59, 28, 101, 149, 4, 199, 140, 183, 174, 55, 18, 62, 128, 124, 106, 119, 159, 143, 69, 189, 167, 184, 155, 84, 70, 161, 3, 15, 145, 13, 126, 132, 169, 65, 188, 6, 150, 192, 85]","{'distance': {'initial': 25085, 'final': 24555}, 'objective': {'initial': 0, 'final': 19005}}",25085,24555,0,19005,42863,43560,25085,42863,0,24555,43560,440,TSPB
lab6,lns,85,1817737901,846.013664,True,,"[85, 192, 150, 6, 188, 65, 169, 132, 13, 126, 195, 145, 15, 3, 161, 70, 84, 155, 184, 167, 189, 69, 109, 35, 0, 12, 39, 29, 49, 11, 139, 182, 138, 33, 160, 144, 56, 104, 157, 171, 8, 68, 111, 41, 119, 159, 143, 106, 124, 128, 62, 18, 55, 174, 183, 140, 199, 4, 149, 101, 28, 59, 20, 148, 47, 154, 94, 66, 22, 130, 95, 185, 179, 57, 172, 52, 86, 110, 64, 176, 180, 88, 194, 166, 48, 76, 75, 137, 114, 26, 103, 89, 127, 165, 163, 186, 153, 81, 77, 58, 82, 87, 91, 79, 61, 7, 177, 123, 5, 78, 175, 142, 45, 162, 46, 80, 190, 136, 105, 196, 42, 27, 92, 63, 100, 17, 44, 133, 10, 178, 122, 32, 102, 38, 16, 197, 1, 24, 156, 30, 198, 117, 193, 31, 164, 73, 54, 151, 19, 112, 121, 131, 125, 90, 191, 71, 67, 120, 51, 98, 118, 74, 2, 85]","[85, 192, 150, 6, 188, 65, 169, 132, 13, 126, 195, 145, 15, 3, 161, 70, 84, 155, 184, 167, 189, 69, 29, 39, 12, 0, 109, 35, 37, 41, 119, 159, 143, 106, 124, 128, 62, 18, 55, 174, 183, 140, 199, 4, 149, 101, 28, 59, 20, 148, 47, 154, 94, 66, 57, 172, 52, 179, 22, 130, 95, 110, 86, 166, 194, 88, 176, 180, 26, 103, 114, 137, 127, 165, 89, 163, 186, 153, 81, 77, 58, 82, 87, 91, 79, 61, 7, 5, 45, 142, 78, 175, 162, 46, 80, 190, 105, 136, 73, 164, 193, 31, 54, 151, 117, 198, 30, 42, 156, 24, 1, 197, 16, 27, 38, 102, 63, 100, 17, 44, 133, 10, 178, 191, 90, 125, 71, 67, 120, 51, 98, 116, 121, 112, 19, 158, 25, 123, 177, 171, 157, 104, 56, 8, 68, 111, 144, 160, 33, 49, 11, 138, 182, 139, 2, 85]","{'distance': {'initial': 25856, 'final': 23210}, 'objective': {'initial': 0, 'final': 19844}}",25856,23210,0,19844,44086,43054,25856,44086,0,23210,43054,247,TSPB
lab6,hae_op1_ls,85,1817737901,852.030669,True,,"[85, 102, 185, 131, 125, 137, 30, 122, 189, 49, 112, 2, 66, 90, 98, 103, 9, 97, 24, 74, 118, 119, 198, 27, 107, 181, 100, 126, 196, 83, 13, 130, 169, 75, 6, 17, 44, 65, 59, 101, 31, 170, 52, 12, 133, 58, 168, 38, 186, 172, 35, 86, 96, 92, 123, 33, 11, 71, 10, 195, 5, 76, 42, 40, 105, 18, 120, 23, 79, 138, 188, 143, 14, 62, 68, 115, 153, 197, 63, 171, 41, 155, 184, 43, 36, 148, 64, 173, 89, 158, 88, 150, 26, 139, 15, 116, 132, 167, 37, 160, 85]","[82, 87, 91, 79, 61, 7, 5, 78, 175, 142, 45, 162, 46, 80, 190, 105, 136, 73, 164, 193, 31, 54, 151, 117, 198, 30, 42, 156, 24, 1, 197, 16, 27, 38, 102, 63, 100, 17, 44, 133, 10, 178, 191, 90, 125, 51, 120, 67, 71, 147, 192, 150, 6, 188, 65, 169, 132, 13, 126, 195, 145, 15, 161, 70, 3, 189, 167, 155, 184, 53, 174, 183, 140, 199, 4, 149, 101, 28, 59, 20, 148, 47, 154, 94, 66, 57, 172, 52, 179, 22, 185, 95, 181, 128, 110, 86, 166, 194, 88, 176, 180, 26, 103, 127, 165, 89, 163, 186, 153, 119, 159, 143, 106, 124, 62, 18, 55, 34, 69, 109, 35, 0, 12, 29, 39, 160, 33, 49, 11, 138, 182, 139, 2, 85, 74, 118, 98, 116, 121, 112, 19, 158, 25, 123, 177, 171, 157, 104, 56, 8, 68, 111, 41, 14, 50, 77, 58, 82]","{'distance': {'initial': 163432, 'final': 23463}, 'objective': {'initial': -139755, 'final': 19568}}",163432,23463,-139755,19568,23677,43031,163432,23677,-139755,23463,43031,150,TSPB
lab6,hae_op2_ls,85,1817737901,846.674265,True,,"[85, 102, 185, 131, 125, 137, 30, 122, 189, 49, 112, 2, 66, 90, 98, 103, 9, 97, 24, 74, 118, 119, 198, 27, 107, 181, 100, 126, 196, 83, 13, 130, 169, 75, 6, 17, 44, 65, 59, 101, 31, 170, 52, 12, 133, 58, 168, 38, 186, 172, 35, 86, 96, 92, 123, 33, 11, 71, 10, 195, 5, 76, 42, 40, 105, 18, 120, 23, 79, 138, 188, 143, 14, 62, 68, 115, 153, 197, 63, 171, 41, 155, 184, 43, 36, 148, 64, 173, 89, 158, 88, 150, 26, 139, 15, 116, 132, 167, 37, 160, 85]","[2, 85, 98, 51, 120, 67, 71, 191, 90, 125, 116, 121, 112, 19, 151, 54, 31, 73, 164, 193, 117, 198, 30, 42, 156, 24, 1, 197, 16, 27, 38, 102, 63, 100, 17, 44, 133, 10, 178, 115, 147, 192, 150, 6, 188, 65, 169, 132, 13, 126, 195, 145, 15, 3, 161, 70, 84, 155, 184, 167, 189, 69, 34, 55, 174, 183, 140, 199, 4, 149, 101, 28, 59, 20, 148, 47, 154, 94, 66, 57, 172, 52, 179, 22, 185, 95, 181, 83, 18, 62, 124, 128, 110, 86, 166, 194, 88, 176, 180, 26, 103, 89, 127, 165, 163, 186, 153, 119, 159, 143, 35, 109, 0, 12, 29, 39, 37, 41, 111, 68, 8, 87, 82, 58, 77, 97, 141, 91, 79, 61, 7, 5, 78, 175, 142, 45, 162, 46, 80, 190, 105, 136, 173, 25, 123, 177, 171, 157, 104, 56, 144, 160, 33, 49, 11, 138, 182, 139, 2]","{'distance': {'initial': 163432, 'final': 23755}, 'objective': {'initial': -139755, 'final': 19561}}",163432,23755,-139755,19561,23677,43316,163432,23677,-139755,23755,43316,170,TSPB
lab6,hae_op3_ls,85,1817737901,846.398899,True,,"[85, 102, 185, 131, 125, 137, 30, 122, 189, 49, 112, 2, 66, 90, 98, 103, 9, 97, 24, 74, 118, 119, 198, 27, 107, 181, 100, 126, 196, 83, 13, 130, 169, 75, 6, 17, 44, 65, 59, 101, 31, 170, 52, 12, 133, 58, 168, 38, 186, 172, 35, 86, 96, 92, 123, 33, 11, 71, 10, 195, 5, 76, 42, 40, 105, 18, 120, 23, 79, 138, 188, 143, 14, 62, 68, 115, 153, 197, 63, 171, 41, 155, 184, 43, 36, 148, 64, 173, 89, 158, 88, 150, 26, 139, 15, 116, 132, 167, 37, 160, 85]","[124, 128, 62, 18, 55, 174, 183, 140, 199, 4, 149, 101, 28, 59, 20, 23, 60, 148, 47, 154, 94, 66, 57, 172, 52, 179, 22, 185, 95, 110, 86, 166, 194, 88, 176, 180, 26, 103, 89, 127, 165, 163, 186, 153, 81, 77, 58, 82, 87, 91, 79, 61, 7, 5, 45, 142, 78, 175, 162, 46, 80, 190, 105, 136, 73, 164, 193, 31, 54, 151, 117, 198, 30, 42, 156, 24, 1, 197, 16, 27, 38, 102, 63, 100, 17, 44, 133, 10, 178, 115, 147, 192, 150, 6, 188, 65, 169, 132, 126, 13, 145, 15, 161, 70, 3, 84, 155, 184, 167, 189, 69, 109, 35, 0, 12, 29, 39, 160, 33, 49, 11, 138, 182, 139, 2, 85, 98, 51, 120, 67, 71, 191, 90, 125, 131, 121, 116, 158, 25, 123, 177, 171, 157, 104, 56, 8, 68, 111, 41, 119, 159, 143, 106, 124]","{'distance': {'initial': 163432, 'final': 22715}, 'objective': {'initial': -139755, 'final': 20095}}",163432,22715,-139755,20095,23677,42810,163432,23677,-139755,22715,42810,287,TSPB
lab6,hae_op2_no_ls,85,1817737901,845.201486,True,,"[85, 102, 185, 131, 125, 137, 30, 122, 189, 49, 112, 2, 66, 90, 98, 103, 9, 97, 24, 74, 118, 119, 198, 27, 107, 181, 100, 126, 196, 83, 13, 130, 169, 75, 6, 17, 44, 65, 59, 101, 31, 170, 52, 12, 133, 58, 168, 38, 186, 172, 35, 86, 96, 92, 123, 33, 11, 71, 10, 195, 5, 76, 42, 40, 105, 18, 120, 23, 79, 138, 188, 143, 14, 62, 68, 115, 153, 197, 63, 171, 41, 155, 184, 43, 36, 148, 64, 173, 89, 158, 88, 150, 26, 139, 15, 116, 132, 167, 37, 160, 85]","[72, 17, 44, 133, 10, 178, 71, 67, 120, 191, 90, 125, 131, 121, 116, 51, 98, 85, 2, 134, 192, 150, 6, 188, 65, 169, 132, 126, 13, 145, 15, 161, 70, 3, 84, 155, 184, 53, 140, 199, 4, 149, 101, 28, 59, 20, 23, 60, 148, 47, 154, 94, 66, 57, 172, 52, 179, 22, 185, 95, 86, 166, 194, 88, 176, 180, 26, 103, 127, 165, 89, 163, 186, 153, 81, 77, 58, 50, 14, 41, 119, 159, 143, 106, 124, 128, 110, 62, 18, 55, 174, 170, 167, 189, 69, 109, 35, 0, 12, 29, 39, 160, 33, 49, 11, 138, 182, 25, 123, 177, 171, 157, 104, 56, 144, 111, 68, 8, 82, 87, 91, 79, 61, 7, 5, 78, 175, 142, 45, 162, 46, 80, 190, 105, 136, 73, 164, 193, 31, 54, 151, 117, 198, 30, 42, 156, 24, 1, 197, 16, 27, 38, 102, 63, 100, 72]","{'distance': {'initial': 163432, 'final': 24082}, 'objective': {'initial': -139755, 'final': 18957}}",163432,24082,-139755,18957,23677,43039,163432,23677,-139755,24082,43039,409,TSPB
lab6,hae_op3_no_ls,85,1817737901,845.015498,True,,"[85, 102, 185, 131, 125, 137, 30, 122, 189, 49, 112, 2, 66, 90, 98, 103, 9, 97, 24, 74, 118, 119, 198, 27, 107, 181, 100, 126, 196, 83, 13, 130, 169, 75, 6, 17, 44, 65, 59, 101, 31, 170, 52, 12, 133, 58, 168, 38, 186, 172, 35, 86, 96, 92, 123, 33, 11, 71, 10, 195, 5, 76, 42, 40, 105, 18, 120, 23, 79, 138, 188, 143, 14, 62, 68, 115, 153, 197, 63, 171, 41, 155, 184, 43, 36, 148, 64, 173, 89, 158, 88, 150, 26, 139, 15, 116, 132, 167, 37, 160, 85]","[72, 17, 44, 133, 10, 178, 71, 67, 120, 191, 90, 125, 131, 121, 116, 51, 98, 85, 2, 134, 192, 150, 6, 188, 65, 169, 132, 126, 13, 145, 15, 161, 70, 3, 84, 155, 184, 53, 140, 199, 4, 149, 101, 28, 59, 20, 23, 60, 148, 47, 154, 94, 66, 57, 172, 52, 179, 22, 185, 95, 86, 166, 194, 88, 176, 180, 26, 103, 127, 165, 89, 163, 186, 153, 81, 77, 58, 50, 14, 41, 119, 159, 143, 106, 124, 128, 110, 62, 18, 55, 174, 170, 167, 189, 69, 109, 35, 0, 12, 29, 39, 160, 33, 49, 11, 138, 182, 25, 123, 177, 171, 157, 104, 56, 144, 111, 68, 8, 82, 87, 91, 79, 61, 7, 5, 78, 175, 142, 45, 162, 46, 80, 190, 105, 136, 73, 164, 193, 31, 54, 151, 117, 198, 30, 42, 156, 24, 1, 197, 16, 27, 38, 102, 63, 100, 72]","{'distance': {'initial': 163432, 'final': 24082}, 'objective': {'initial': -139755, 'final': 18957}}",163432,24082,-139755,18957,23677,43039,163432,23677,-139755,24082,43039,400,TSPB
lab6,ils,85,764256717,845.301204,True,,"[85, 2, 74, 118, 98, 51, 125, 90, 191, 178, 10, 133, 44, 17, 100, 63, 102, 38, 27, 16, 197, 1, 24, 156, 42, 30, 198, 117, 151, 54, 31, 193, 164, 73, 136, 105, 190, 80, 46, 162, 175, 78, 142, 45, 5, 173, 19, 112, 121, 116, 158, 25, 123, 177, 171, 157, 138, 182, 139, 11, 49, 33, 160, 104, 56, 144, 111, 68, 8, 82, 87, 21, 61, 79, 91, 58, 77, 50, 14, 81, 153, 186, 163, 165, 127, 89, 103, 26, 180, 176, 88, 194, 166, 52, 172, 179, 22, 57, 66, 94, 154, 47, 148, 20, 59, 28, 101, 149, 4, 140, 199, 9, 183, 174, 55, 18, 62, 110, 128, 124, 106, 143, 159, 119, 41, 37, 35, 109, 0, 12, 39, 29, 69, 167, 189, 145, 15, 3, 70, 161, 13, 126, 132, 169, 65, 188, 6, 150, 192, 85]","[85, 2, 74, 118, 98, 51, 120, 67, 71, 191, 125, 90, 178, 10, 133, 44, 17, 100, 63, 102, 38, 27, 16, 197, 1, 24, 156, 42, 30, 198, 117, 151, 54, 31, 193, 164, 73, 136, 105, 190, 80, 46, 162, 175, 78, 142, 45, 5, 7, 177, 123, 173, 19, 112, 121, 116, 158, 25, 171, 157, 138, 182, 139, 11, 49, 33, 160, 144, 56, 104, 8, 68, 82, 87, 21, 61, 79, 91, 58, 77, 81, 153, 186, 163, 165, 127, 89, 103, 26, 180, 176, 88, 194, 166, 86, 95, 185, 22, 179, 52, 172, 57, 66, 94, 154, 47, 148, 60, 23, 20, 59, 28, 101, 149, 4, 199, 140, 183, 174, 55, 18, 62, 110, 128, 124, 106, 143, 159, 119, 41, 111, 37, 35, 109, 0, 12, 39, 29, 69, 167, 189, 145, 15, 3, 70, 161, 13, 126, 132, 169, 65, 188, 6, 150, 192, 85]","{'distance': {'initial': 22567, 'final': 23077}, 'objective': {'initial': 0, 'final': 19550}}",22567,23077,0,19550,41224,42627,22567,41224,0,23077,42627,449,TSPB
lab6,lns,85,764256717,846.635816,True,,"[85, 2, 43, 126, 13, 132, 169, 188, 65, 161, 70, 3, 15, 145, 189, 167, 155, 184, 53, 174, 95, 110, 86, 185, 22, 9, 199, 140, 4, 149, 101, 28, 59, 20, 148, 47, 154, 94, 66, 57, 172, 179, 52, 166, 194, 88, 113, 26, 103, 89, 127, 165, 163, 180, 176, 64, 128, 124, 62, 18, 55, 34, 143, 159, 119, 37, 35, 109, 0, 12, 39, 29, 49, 11, 139, 182, 138, 33, 160, 144, 111, 41, 14, 50, 77, 58, 91, 79, 61, 21, 87, 82, 68, 8, 56, 104, 157, 171, 25, 123, 177, 7, 5, 45, 142, 78, 175, 162, 46, 80, 190, 105, 136, 73, 164, 193, 31, 54, 151, 19, 112, 121, 131, 1, 197, 24, 156, 198, 117, 30, 42, 16, 27, 38, 102, 63, 100, 17, 44, 133, 10, 178, 90, 125, 191, 71, 67, 120, 51, 98, 85]","[85, 2, 139, 11, 182, 138, 157, 171, 177, 123, 25, 158, 19, 112, 121, 116, 98, 51, 120, 67, 71, 191, 125, 90, 178, 10, 133, 44, 17, 100, 63, 102, 38, 27, 16, 197, 1, 24, 156, 42, 30, 198, 117, 151, 54, 31, 193, 164, 73, 136, 105, 190, 80, 46, 162, 175, 78, 142, 45, 5, 7, 61, 79, 91, 141, 97, 77, 58, 87, 82, 68, 8, 104, 56, 144, 160, 33, 49, 29, 39, 12, 0, 109, 35, 37, 111, 41, 143, 159, 119, 153, 186, 163, 165, 127, 89, 103, 26, 180, 176, 88, 194, 166, 52, 179, 172, 57, 66, 94, 154, 47, 148, 20, 59, 28, 101, 149, 4, 199, 140, 183, 174, 95, 130, 22, 185, 86, 110, 128, 124, 62, 18, 55, 34, 170, 152, 53, 184, 155, 167, 189, 145, 15, 3, 70, 161, 13, 126, 132, 169, 65, 188, 6, 150, 192, 85]","{'distance': {'initial': 23983, 'final': 23293}, 'objective': {'initial': 0, 'final': 19649}}",23983,23293,0,19649,41599,42942,23983,41599,0,23293,42942,223,TSPB
lab6,hae_op1_ls,85,764256717,847.575902,True,,"[85, 131, 14, 194, 15, 9, 6, 185, 152, 172, 29, 96, 16, 110, 115, 159, 134, 173, 198, 12, 160, 19, 2, 119, 39, 80, 18, 55, 65, 74, 40, 174, 42, 3, 127, 132, 191, 17, 51, 99, 100, 188, 104, 146, 120, 180, 32, 181, 171, 148, 105, 113, 53, 44, 168, 158, 91, 26, 22, 21, 63, 37, 187, 166, 43, 59, 165, 68, 61, 25, 179, 122, 138, 156, 28, 135, 92, 186, 75, 58, 81, 169, 0, 56, 20, 112, 50, 197, 151, 48, 103, 155, 147, 47, 178, 144, 154, 70, 34, 111, 85]","[164, 73, 136, 105, 190, 80, 46, 162, 175, 78, 142, 45, 5, 123, 25, 171, 177, 7, 61, 79, 91, 87, 82, 58, 77, 81, 153, 186, 163, 165, 127, 89, 103, 26, 180, 176, 88, 194, 166, 86, 110, 95, 185, 22, 179, 52, 172, 57, 66, 94, 154, 47, 148, 60, 23, 20, 59, 28, 101, 149, 4, 199, 140, 183, 174, 55, 18, 62, 128, 124, 106, 143, 159, 119, 41, 111, 68, 8, 56, 104, 157, 138, 182, 139, 11, 49, 33, 160, 39, 29, 12, 0, 35, 109, 69, 189, 167, 184, 155, 84, 3, 70, 161, 15, 145, 13, 126, 132, 169, 65, 188, 6, 150, 192, 147, 71, 67, 120, 51, 98, 116, 121, 112, 19, 131, 125, 90, 191, 178, 10, 133, 44, 17, 100, 63, 102, 38, 27, 16, 197, 1, 24, 156, 42, 30, 198, 117, 151, 54, 31, 193, 164]","{'distance': {'initial': 170520, 'final': 22585}, 'objective': {'initial': -148603, 'final': 19936}}",170520,22585,-148603,19936,21917,42521,170520,21917,-148603,22585,42521,147,TSPB
lab6,hae_op2_ls,85,764256717,845.752478,True,,"[85, 131, 14, 194, 15, 9, 6, 185, 152, 172, 29, 96, 16, 110, 115, 159, 134, 173, 198, 12, 160, 19, 2, 119, 39, 80, 18, 55, 65, 74, 40, 174, 42, 3, 127, 132, 191, 17, 51, 99, 100, 188, 104, 146, 120, 180, 32, 181, 171, 148, 105, 113, 53, 44, 168, 158, 91, 26, 22, 21, 63, 37, 187, 166, 43, 59, 165, 68, 61, 25, 179, 122, 138, 156, 28, 135, 92, 186, 75, 58, 81, 169, 0, 56, 20, 112, 50, 197, 151, 48, 103, 155, 147, 47, 178, 144, 154, 70, 34, 111, 85]","[171, 157, 182, 138, 33, 49, 11, 139, 2, 85, 98, 51, 120, 67, 71, 147, 192, 150, 6, 188, 65, 169, 132, 13, 126, 195, 145, 15, 3, 161, 70, 84, 155, 184, 167, 189, 69, 29, 109, 35, 0, 12, 39, 160, 144, 56, 104, 8, 68, 111, 41, 119, 159, 143, 106, 124, 128, 62, 18, 55, 174, 183, 140, 199, 4, 149, 101, 28, 59, 20, 148, 47, 154, 94, 66, 57, 172, 52, 179, 22, 185, 95, 110, 86, 166, 194, 88, 176, 180, 26, 103, 89, 127, 165, 163, 186, 153, 81, 77, 58, 82, 87, 91, 79, 61, 7, 177, 123, 5, 45, 142, 78, 175, 162, 46, 80, 190, 105, 136, 73, 164, 193, 31, 54, 151, 117, 198, 30, 42, 156, 24, 1, 197, 16, 27, 38, 102, 63, 100, 17, 44, 133, 10, 178, 191, 90, 125, 131, 19, 112, 121, 116, 158, 25, 171]","{'distance': {'initial': 170520, 'final': 23136}, 'objective': {'initial': -148603, 'final': 19796}}",170520,23136,-148603,19796,21917,42932,170520,21917,-148603,23136,42932,177,TSPB
lab6,hae_op3_ls,85,764256717,845.532491,True,,"[85, 131, 14, 194, 15, 9, 6, 185, 152, 172, 29, 96, 16, 110, 115, 159, 134, 173, 198, 12, 160, 19, 2, 119, 39, 80, 18, 55, 65, 74, 40, 174, 42, 3, 127, 132, 191, 17, 51, 99, 100, 188, 104, 146, 120, 180, 32, 181, 171, 148, 105, 113, 53, 44, 168, 158, 91, 26, 22, 21, 63, 37, 187, 166, 43, 59, 165, 68, 61, 25, 179, 122, 138, 156, 28, 135, 92, 186, 75, 58, 81, 169, 0, 56, 20, 112, 50, 197, 151, 48, 103, 155, 147, 47, 178, 144, 154, 70, 34, 111, 85]","[199, 4, 149, 101, 28, 59, 20, 23, 60, 148, 47, 154, 94, 66, 57, 172, 52, 179, 22, 185, 95, 110, 86, 166, 194, 88, 176, 180, 26, 103, 89, 127, 165, 163, 186, 153, 81, 77, 58, 82, 87, 91, 79, 61, 7, 5, 45, 142, 78, 175, 162, 46, 80, 190, 105, 136, 73, 164, 193, 31, 54, 151, 117, 198, 30, 42, 156, 24, 1, 197, 16, 27, 38, 102, 63, 100, 17, 44, 133, 10, 178, 90, 125, 191, 71, 67, 120, 51, 98, 116, 121, 112, 19, 158, 25, 123, 177, 171, 157, 104, 56, 8, 68, 111, 144, 160, 33, 49, 11, 138, 182, 139, 2, 85, 192, 150, 6, 188, 65, 169, 132, 126, 13, 161, 70, 3, 15, 145, 189, 167, 69, 29, 39, 12, 0, 109, 35, 37, 41, 119, 159, 143, 106, 124, 128, 62, 18, 55, 174, 183, 140, 199]","{'distance': {'initial': 170520, 'final': 22463}, 'objective': {'initial': -148603, 'final': 19924}}",170520,22463,-148603,19924,21917,42387,170520,21917,-148603,22463,42387,291,TSPB
lab6,hae_op2_no_ls,85,764256717,845.470102,True,,"[85, 131, 14, 194, 15, 9, 6, 185, 152, 172, 29, 96, 16, 110, 115, 159, 134, 173, 198, 12, 160, 19, 2, 119, 39, 80, 18, 55, 65, 74, 40, 174, 42, 3, 127, 132, 191, 17, 51, 99, 100, 188, 104, 146, 120, 180, 32, 181, 171, 148, 105, 113, 53, 44, 168, 158, 91, 26, 22, 21, 63, 37, 187, 166, 43, 59, 165, 68, 61, 25, 179, 122, 138, 156, 28, 135, 92, 186, 75, 58, 81, 169, 0, 56, 20, 112, 50, 197, 151, 48, 103, 155, 147, 47, 178, 144, 154, 70, 34, 111, 85]","[98, 51, 120, 67, 71, 125, 90, 191, 178, 10, 133, 44, 17, 100, 63, 102, 38, 27, 16, 197, 1, 24, 156, 42, 30, 198, 117, 193, 31, 164, 73, 54, 151, 19, 121, 112, 173, 136, 105, 190, 80, 46, 162, 45, 142, 175, 78, 5, 123, 177, 7, 61, 79, 91, 87, 82, 58, 77, 50, 111, 41, 14, 81, 153, 186, 163, 165, 127, 89, 103, 26, 180, 176, 88, 194, 166, 86, 95, 185, 22, 179, 52, 172, 57, 66, 94, 154, 47, 148, 60, 23, 20, 59, 28, 101, 149, 4, 140, 199, 9, 183, 174, 53, 152, 170, 34, 55, 18, 62, 110, 128, 124, 106, 119, 159, 143, 35, 109, 0, 12, 144, 68, 8, 56, 104, 171, 157, 138, 182, 139, 11, 49, 33, 160, 39, 29, 69, 189, 167, 184, 155, 84, 70, 161, 3, 15, 145, 195, 126, 13, 132, 169, 65, 188, 6, 150, 192, 134, 2, 85, 98]","{'distance': {'initial': 170520, 'final': 24495}, 'objective': {'initial': -148603, 'final': 18880}}",170520,24495,-148603,18880,21917,43375,170520,21917,-148603,24495,43375,384,TSPB
lab6,hae_op3_no_ls,85,764256717,846.215761,True,,"[85, 131, 14, 194, 15, 9, 6, 185, 152, 172, 29, 96, 16, 110, 115, 159, 134, 173, 198, 12, 160, 19, 2, 119, 39, 80, 18, 55, 65, 74, 40, 174, 42, 3, 127, 132, 191, 17, 51, 99, 100, 188, 104, 146, 120, 180, 32, 181, 171, 148, 105, 113, 53, 44, 168, 158, 91, 26, 22, 21, 63, 37, 187, 166, 43, 59, 165, 68, 61, 25, 179, 122, 138, 156, 28, 135, 92, 186, 75, 58, 81, 169, 0, 56, 20, 112, 50, 197, 151, 48, 103, 155, 147, 47, 178, 144, 154, 70, 34, 111, 85]","[199, 4, 149, 101, 28, 59, 23, 60, 148, 47, 154, 94, 66, 57, 172, 52, 179, 22, 185, 95, 110, 86, 166, 194, 88, 176, 180, 26, 103, 89, 127, 165, 163, 186, 153, 77, 91, 79, 61, 7, 5, 45, 142, 78, 175, 162, 46, 80, 190, 105, 136, 73, 164, 31, 193, 54, 151, 117, 198, 30, 42, 156, 24, 1, 197, 16, 27, 38, 102, 63, 100, 17, 122, 44, 133, 10, 178, 90, 125, 191, 71, 67, 120, 51, 98, 116, 121, 112, 19, 25, 123, 177, 171, 104, 56, 144, 160, 33, 49, 11, 138, 182, 2, 192, 150, 6, 188, 65, 169, 126, 13, 161, 70, 3, 15, 145, 189, 167, 69, 109, 35, 0, 12, 29, 39, 111, 68, 8, 87, 82, 58, 50, 14, 41, 119, 159, 143, 106, 124, 128, 62, 18, 55, 174, 183, 140, 199]","{'distance': {'initial': 170520, 'final': 22778}, 'objective': {'initial': -148603, 'final': 19138}}",170520,22778,-148603,19138,21917,41916,170520,21917,-148603,22778,41916,369,TSPB
lab6,ils,85,1964499638,845.6152,True,,"[85, 2, 74, 118, 98, 51, 120, 67, 71, 191, 125, 90, 178, 10, 133, 44, 17, 100, 63, 102, 38, 27, 16, 197, 1, 24, 156, 42, 30, 198, 117, 193, 105, 190, 80, 46, 162, 175, 78, 142, 45, 136, 73, 164, 31, 54, 151, 19, 112, 121, 116, 158, 25, 123, 177, 171, 157, 104, 56, 8, 68, 111, 50, 58, 82, 87, 21, 61, 79, 91, 141, 97, 77, 81, 14, 41, 119, 159, 143, 106, 124, 62, 18, 55, 83, 128, 64, 176, 180, 88, 113, 26, 103, 163, 89, 165, 127, 137, 114, 194, 166, 86, 110, 181, 174, 183, 140, 199, 9, 95, 185, 22, 179, 52, 172, 57, 66, 94, 154, 47, 148, 60, 23, 20, 59, 28, 101, 149, 4, 53, 184, 155, 167, 189, 69, 109, 35, 0, 12, 29, 39, 160, 33, 49, 11, 138, 182, 139, 43, 126, 13, 145, 15, 3, 70, 161, 132, 169, 65, 188, 6, 150, 192, 85]","[85, 2, 74, 118, 98, 51, 120, 67, 71, 191, 125, 90, 178, 10, 133, 44, 17, 100, 63, 102, 38, 27, 16, 197, 1, 24, 156, 42, 30, 198, 117, 193, 105, 190, 80, 46, 162, 175, 78, 142, 45, 136, 73, 164, 31, 54, 151, 19, 112, 121, 116, 158, 25, 123, 177, 171, 157, 104, 56, 8, 68, 111, 41, 14, 50, 58, 82, 87, 21, 61, 79, 91, 141, 97, 77, 81, 153, 186, 119, 159, 143, 106, 124, 64, 176, 180, 88, 113, 26, 103, 163, 89, 165, 127, 137, 114, 194, 166, 86, 110, 128, 62, 18, 55, 174, 183, 140, 199, 9, 95, 185, 22, 179, 52, 172, 57, 66, 94, 154, 47, 148, 20, 59, 28, 101, 149, 4, 53, 184, 155, 167, 189, 69, 109, 35, 0, 12, 29, 39, 160, 33, 49, 11, 138, 182, 139, 43, 126, 13, 145, 15, 3, 70, 161, 132, 169, 65, 188, 6, 150, 192, 85]","{'distance': {'initial': 24964, 'final': 24613}, 'objective': {'initial': 0, 'final': 18991}}",24964,24613,0,18991,43557,43604,24964,43557,0,24613,43604,431,TSPB
lab6,lns,85,1964499638,846.873842,True,,"[85, 2, 74, 118, 98, 116, 121, 51, 120, 67, 71, 191, 125, 90, 178, 10, 133, 44, 17, 100, 63, 102, 38, 27, 16, 197, 1, 24, 156, 42, 30, 198, 117, 193, 151, 54, 31, 164, 73, 136, 105, 190, 80, 46, 162, 175, 78, 142, 45, 5, 123, 177, 7, 61, 79, 91, 141, 97, 77, 81, 153, 186, 163, 89, 165, 127, 103, 26, 180, 176, 88, 194, 166, 86, 110, 128, 181, 95, 130, 22, 179, 52, 172, 57, 66, 94, 154, 47, 148, 20, 59, 28, 101, 149, 4, 199, 140, 183, 174, 53, 184, 155, 167, 189, 69, 34, 55, 18, 62, 124, 106, 119, 159, 143, 35, 109, 0, 29, 39, 12, 37, 111, 41, 14, 50, 58, 87, 82, 68, 8, 56, 104, 157, 171, 25, 182, 138, 33, 160, 49, 11, 139, 43, 126, 195, 145, 15, 3, 70, 161, 13, 132, 169, 65, 188, 6, 150, 192, 85]","[85, 2, 139, 11, 49, 160, 33, 138, 182, 157, 171, 177, 123, 25, 158, 19, 112, 121, 116, 98, 51, 120, 67, 71, 125, 90, 191, 178, 10, 133, 44, 17, 100, 63, 102, 38, 27, 16, 197, 1, 24, 156, 42, 30, 198, 117, 151, 54, 31, 193, 164, 73, 136, 105, 190, 80, 46, 162, 175, 78, 142, 45, 5, 7, 61, 79, 91, 141, 97, 77, 58, 82, 87, 8, 104, 56, 144, 68, 111, 41, 37, 35, 109, 0, 12, 39, 29, 69, 189, 167, 34, 55, 18, 62, 128, 124, 106, 143, 159, 119, 153, 186, 163, 165, 127, 89, 103, 26, 180, 176, 88, 194, 166, 86, 110, 95, 130, 22, 179, 52, 172, 57, 66, 94, 154, 47, 148, 20, 59, 28, 101, 149, 4, 199, 140, 183, 174, 53, 184, 155, 84, 70, 161, 3, 15, 145, 13, 126, 132, 169, 65, 188, 6, 150, 192, 85]","{'distance': {'initial': 24417, 'final': 23570}, 'objective': {'initial': 0, 'final': 19679}}",24417,23570,0,19679,43027,43249,24417,43027,0,23570,43249,243,TSPB
lab6,hae_op1_ls,85,1964499638,846.398639,True,,"[85, 180, 60, 22, 124, 135, 84, 159, 58, 87, 39, 25, 6, 13, 74, 72, 57, 12, 131, 0, 127, 16, 155, 89, 147, 152, 181, 150, 100, 167, 45, 122, 11, 103, 4, 24, 71, 62, 197, 185, 17, 111, 50, 113, 86, 157, 97, 67, 153, 36, 105, 138, 54, 162, 128, 174, 93, 56, 38, 104, 132, 133, 188, 76, 151, 139, 109, 191, 9, 195, 146, 120, 117, 101, 66, 77, 116, 158, 10, 18, 143, 80, 78, 63, 198, 130, 183, 187, 199, 142, 81, 184, 43, 140, 141, 126, 96, 136, 47, 64, 85]","[19, 112, 121, 116, 158, 25, 171, 157, 104, 56, 8, 68, 111, 41, 119, 159, 143, 106, 124, 128, 62, 18, 55, 174, 183, 140, 199, 4, 149, 101, 28, 59, 20, 148, 47, 154, 94, 66, 57, 172, 52, 179, 22, 185, 95, 110, 86, 166, 194, 88, 176, 180, 26, 103, 89, 127, 165, 163, 186, 153, 81, 77, 58, 82, 87, 91, 79, 61, 7, 177, 123, 5, 45, 142, 78, 175, 162, 46, 80, 190, 105, 136, 73, 164, 193, 31, 54, 151, 117, 198, 30, 42, 156, 24, 1, 197, 16, 27, 38, 102, 63, 100, 17, 44, 133, 10, 178, 115, 147, 192, 150, 6, 188, 65, 169, 132, 13, 126, 195, 145, 15, 161, 70, 3, 189, 167, 69, 109, 35, 0, 12, 29, 39, 160, 33, 49, 138, 182, 11, 139, 2, 85, 98, 51, 120, 67, 71, 191, 90, 125, 131, 19]","{'distance': {'initial': 161670, 'final': 22460}, 'objective': {'initial': -138702, 'final': 19876}}",161670,22460,-138702,19876,22968,42336,161670,22968,-138702,22460,42336,154,TSPB
lab6,hae_op2_ls,85,1964499638,845.892966,True,,"[85, 180, 60, 22, 124, 135, 84, 159, 58, 87, 39, 25, 6, 13, 74, 72, 57, 12, 131, 0, 127, 16, 155, 89, 147, 152, 181, 150, 100, 167, 45, 122, 11, 103, 4, 24, 71, 62, 197, 185, 17, 111, 50, 113, 86, 157, 97, 67, 153, 36, 105, 138, 54, 162, 128, 174, 93, 56, 38, 104, 132, 133, 188, 76, 151, 139, 109, 191, 9, 195, 146, 120, 117, 101, 66, 77, 116, 158, 10, 18, 143, 80, 78, 63, 198, 130, 183, 187, 199, 142, 81, 184, 43, 140, 141, 126, 96, 136, 47, 64, 85]","[142, 45, 5, 7, 61, 79, 91, 87, 82, 58, 77, 81, 153, 186, 163, 165, 127, 89, 103, 26, 180, 176, 88, 194, 166, 86, 110, 95, 185, 22, 179, 52, 172, 57, 66, 94, 154, 47, 148, 20, 59, 28, 101, 149, 4, 199, 140, 183, 174, 55, 18, 62, 128, 124, 106, 143, 159, 119, 41, 111, 68, 8, 56, 104, 157, 171, 177, 123, 25, 158, 116, 121, 112, 19, 131, 125, 90, 191, 71, 67, 120, 51, 98, 85, 2, 139, 11, 182, 138, 49, 33, 160, 39, 29, 12, 0, 35, 109, 69, 189, 167, 184, 155, 84, 70, 161, 3, 15, 145, 195, 126, 13, 132, 169, 65, 188, 6, 150, 192, 147, 115, 178, 10, 133, 44, 17, 100, 63, 102, 38, 27, 16, 197, 1, 24, 156, 42, 30, 198, 117, 151, 54, 31, 193, 164, 73, 136, 105, 190, 80, 46, 162, 175, 78, 142]","{'distance': {'initial': 161670, 'final': 22848}, 'objective': {'initial': -138702, 'final': 20045}}",161670,22848,-138702,20045,22968,42893,161670,22968,-138702,22848,42893,172,TSPB
lab6,hae_op3_ls,85,1964499638,845.119647,True,,"[85, 180, 60, 22, 124, 135, 84, 159, 58, 87, 39, 25, 6, 13, 74, 72, 57, 12, 131, 0, 127, 16, 155, 89, 147, 152, 181, 150, 100, 167, 45, 122, 11, 103, 4, 24, 71, 62, 197, 185, 17, 111, 50, 113, 86, 157, 97, 67, 153, 36, 105, 138, 54, 162, 128, 174, 93, 56, 38, 104, 132, 133, 188, 76, 151, 139, 109, 191, 9, 195, 146, 120, 117, 101, 66, 77, 116, 158, 10, 18, 143, 80, 78, 63, 198, 130, 183, 187, 199, 142, 81, 184, 43, 140, 141, 126, 96, 136, 47, 64, 85]","[85, 98, 51, 120, 67, 71, 191, 90, 125, 131, 19, 112, 121, 116, 158, 25, 123, 177, 171, 157, 104, 56, 144, 68, 8, 87, 82, 58, 77, 97, 141, 91, 79, 61, 7, 5, 45, 142, 78, 175, 162, 46, 80, 190, 105, 136, 73, 164, 193, 31, 54, 151, 117, 198, 30, 42, 156, 24, 1, 197, 16, 27, 38, 102, 63, 100, 17, 44, 133, 10, 178, 115, 147, 192, 150, 6, 188, 65, 169, 132, 126, 13, 161, 70, 3, 15, 145, 189, 167, 155, 184, 53, 152, 170, 34, 55, 174, 183, 140, 199, 4, 149, 101, 28, 59, 20, 23, 60, 148, 47, 154, 94, 66, 57, 172, 52, 179, 22, 185, 95, 181, 83, 18, 62, 124, 128, 110, 86, 166, 194, 88, 176, 180, 26, 103, 89, 127, 165, 163, 186, 153, 119, 159, 143, 41, 111, 37, 35, 109, 0, 12, 29, 39, 160, 33, 49, 138, 182, 11, 139, 2, 85]","{'distance': {'initial': 161670, 'final': 24045}, 'objective': {'initial': -138702, 'final': 19969}}",161670,24045,-138702,19969,22968,44014,161670,22968,-138702,24045,44014,262,TSPB
lab6,hae_op2_no_ls,85,1964499638,845.715658,True,,"[85, 180, 60, 22, 124, 135, 84, 159, 58, 87, 39, 25, 6, 13, 74, 72, 57, 12, 131, 0, 127, 16, 155, 89, 147, 152, 181, 150, 100, 167, 45, 122, 11, 103, 4, 24, 71, 62, 197, 185, 17, 111, 50, 113, 86, 157, 97, 67, 153, 36, 105, 138, 54, 162, 128, 174, 93, 56, 38, 104, 132, 133, 188, 76, 151, 139, 109, 191, 9, 195, 146, 120, 117, 101, 66, 77, 116, 158, 10, 18, 143, 80, 78, 63, 198, 130, 183, 187, 199, 142, 81, 184, 43, 140, 141, 126, 96, 136, 47, 64, 85]","[59, 28, 101, 149, 4, 140, 53, 184, 155, 84, 3, 70, 161, 15, 145, 195, 126, 13, 132, 169, 65, 188, 6, 150, 192, 147, 115, 178, 10, 133, 44, 17, 100, 63, 102, 38, 27, 16, 197, 1, 24, 156, 42, 30, 198, 117, 151, 54, 31, 193, 164, 73, 136, 105, 190, 80, 46, 162, 175, 78, 142, 45, 5, 7, 61, 79, 91, 141, 97, 77, 58, 82, 87, 8, 68, 111, 41, 37, 35, 109, 0, 12, 39, 160, 33, 144, 56, 104, 157, 171, 177, 123, 25, 158, 116, 121, 112, 19, 131, 125, 90, 191, 71, 67, 120, 51, 98, 85, 2, 139, 182, 138, 11, 49, 29, 69, 189, 167, 34, 174, 183, 199, 9, 95, 181, 55, 18, 62, 110, 128, 124, 106, 143, 159, 119, 153, 186, 163, 103, 89, 165, 127, 137, 114, 26, 180, 176, 88, 194, 166, 86, 185, 22, 179, 52, 172, 57, 66, 94, 154, 47, 148, 60, 23, 20, 59]","{'distance': {'initial': 161670, 'final': 26083}, 'objective': {'initial': -138702, 'final': 19214}}",161670,26083,-138702,19214,22968,45297,161670,22968,-138702,26083,45297,401,TSPB
lab6,hae_op3_no_ls,85,1964499638,846.254431,True,,"[85, 180, 60, 22, 124, 135, 84, 159, 58, 87, 39, 25, 6, 13, 74, 72, 57, 12, 131, 0, 127, 16, 155, 89, 147, 152, 181, 150, 100, 167, 45, 122, 11, 103, 4, 24, 71, 62, 197, 185, 17, 111, 50, 113, 86, 157, 97, 67, 153, 36, 105, 138, 54, 162, 128, 174, 93, 56, 38, 104, 132, 133, 188, 76, 151, 139, 109, 191, 9, 195, 146, 120, 117, 101, 66, 77, 116, 158, 10, 18, 143, 80, 78, 63, 198, 130, 183, 187, 199, 142, 81, 184, 43, 140, 141, 126, 96, 136, 47, 64, 85]","[59, 28, 101, 149, 4, 140, 53, 184, 155, 84, 3, 70, 161, 15, 145, 195, 126, 13, 132, 169, 65, 188, 6, 150, 192, 147, 115, 178, 10, 133, 44, 17, 100, 63, 102, 38, 27, 16, 197, 1, 24, 156, 42, 30, 198, 117, 151, 54, 31, 193, 164, 73, 136, 105, 190, 80, 46, 162, 175, 78, 142, 45, 5, 7, 61, 79, 91, 141, 97, 77, 58, 82, 87, 8, 68, 111, 41, 37, 35, 109, 0, 12, 39, 160, 33, 144, 56, 104, 157, 171, 177, 123, 25, 158, 116, 121, 112, 19, 131, 125, 90, 191, 71, 67, 120, 51, 98, 85, 2, 139, 182, 138, 11, 49, 29, 69, 189, 167, 34, 174, 183, 199, 9, 95, 181, 55, 18, 62, 110, 128, 124, 106, 143, 159, 119, 153, 186, 163, 103, 89, 165, 127, 137, 114, 26, 180, 176, 88, 194, 166, 86, 185, 22, 179, 52, 172, 57, 66, 94, 154, 47, 148, 60, 23, 20, 59]","{'distance': {'initial': 161670, 'final': 26083}, 'objective': {'initial': -138702, 'final': 19214}}",161670,26083,-138702,19214,22968,45297,161670,22968,-138702,26083,45297,372,TSPB
lab6,ils,85,1946045837,846.29791,True,,"[85, 182, 138, 25, 158, 19, 112, 121, 116, 98, 51, 125, 131, 1, 197, 24, 156, 30, 198, 117, 193, 31, 164, 73, 54, 151, 173, 123, 177, 7, 5, 78, 175, 142, 45, 162, 46, 80, 190, 136, 105, 196, 42, 16, 27, 38, 102, 63, 100, 17, 44, 133, 10, 178, 90, 191, 120, 67, 71, 147, 192, 150, 6, 188, 65, 169, 132, 126, 13, 145, 15, 161, 70, 3, 189, 167, 155, 184, 53, 152, 170, 69, 109, 35, 0, 12, 29, 39, 111, 41, 119, 159, 143, 106, 124, 128, 110, 62, 18, 55, 174, 183, 9, 199, 140, 4, 149, 101, 28, 59, 20, 148, 47, 154, 94, 66, 57, 172, 52, 179, 22, 185, 95, 86, 166, 194, 88, 176, 180, 26, 103, 89, 127, 165, 163, 186, 153, 81, 77, 58, 82, 68, 8, 87, 171, 157, 104, 56, 144, 160, 33, 49, 11, 139, 2, 85]","[85, 98, 51, 125, 131, 19, 112, 121, 116, 158, 25, 123, 177, 91, 79, 61, 7, 5, 45, 142, 78, 175, 162, 46, 80, 190, 105, 136, 73, 164, 193, 31, 54, 151, 117, 198, 30, 42, 156, 24, 1, 197, 16, 27, 38, 102, 63, 100, 17, 44, 133, 10, 178, 90, 191, 120, 67, 71, 147, 192, 150, 6, 188, 65, 169, 132, 126, 13, 161, 70, 3, 15, 145, 189, 167, 69, 109, 35, 0, 12, 39, 29, 49, 33, 160, 144, 111, 41, 119, 159, 143, 106, 124, 128, 62, 18, 55, 174, 183, 140, 199, 4, 149, 101, 28, 59, 20, 23, 60, 148, 47, 154, 94, 66, 57, 172, 52, 179, 22, 185, 95, 110, 86, 166, 194, 88, 176, 180, 26, 103, 114, 137, 127, 165, 89, 163, 186, 153, 81, 77, 58, 87, 82, 68, 8, 56, 104, 171, 157, 138, 182, 11, 139, 2, 85]","{'distance': {'initial': 25316, 'final': 23785}, 'objective': {'initial': 0, 'final': 19495}}",25316,23785,0,19495,42776,43280,25316,42776,0,23785,43280,439,TSPB
lab6,lns,85,1946045837,846.020654,True,,"[85, 2, 139, 182, 138, 11, 49, 33, 160, 39, 29, 12, 0, 35, 109, 69, 189, 167, 155, 184, 53, 140, 4, 149, 101, 28, 199, 59, 20, 148, 47, 154, 94, 66, 57, 172, 52, 179, 22, 185, 95, 174, 55, 18, 62, 124, 128, 110, 86, 166, 194, 88, 176, 180, 26, 103, 89, 127, 165, 163, 186, 153, 119, 159, 143, 41, 111, 68, 82, 58, 87, 8, 56, 104, 157, 171, 25, 123, 177, 7, 5, 78, 175, 142, 45, 162, 46, 80, 190, 136, 105, 196, 42, 16, 27, 38, 102, 63, 100, 17, 44, 133, 10, 178, 191, 90, 125, 131, 1, 197, 24, 156, 30, 198, 117, 193, 31, 164, 73, 54, 151, 19, 112, 121, 116, 98, 51, 120, 67, 71, 147, 192, 150, 6, 188, 65, 169, 132, 161, 70, 3, 15, 145, 13, 126, 43, 134, 85]","[85, 2, 134, 192, 150, 6, 188, 65, 169, 132, 126, 13, 145, 15, 3, 161, 70, 84, 155, 189, 167, 184, 53, 174, 183, 140, 199, 4, 149, 101, 28, 59, 20, 148, 47, 154, 94, 66, 57, 172, 52, 179, 22, 130, 95, 181, 55, 18, 62, 124, 128, 110, 86, 166, 194, 88, 176, 180, 26, 103, 89, 127, 165, 163, 186, 153, 119, 159, 143, 35, 109, 0, 29, 39, 12, 37, 111, 41, 14, 50, 77, 58, 87, 82, 68, 8, 104, 56, 144, 160, 33, 49, 11, 139, 182, 138, 157, 171, 25, 123, 177, 7, 5, 45, 142, 78, 175, 162, 46, 80, 190, 105, 136, 73, 164, 193, 31, 54, 151, 117, 198, 30, 42, 156, 24, 1, 197, 16, 27, 38, 102, 63, 100, 17, 44, 133, 10, 178, 71, 67, 120, 191, 90, 125, 131, 19, 112, 121, 116, 51, 98, 85]","{'distance': {'initial': 22934, 'final': 22869}, 'objective': {'initial': 0, 'final': 19086}}",22934,22869,0,19086,41483,41955,22934,41483,0,22869,41955,255,TSPB
lab6,hae_op1_ls,85,1946045837,847.463394,True,,"[85, 49, 95, 70, 148, 129, 56, 21, 170, 193, 12, 69, 111, 162, 11, 182, 76, 40, 142, 23, 177, 72, 50, 106, 45, 81, 15, 36, 169, 196, 132, 125, 6, 131, 1, 154, 119, 41, 153, 160, 199, 168, 80, 124, 161, 8, 102, 166, 96, 126, 68, 94, 117, 100, 103, 133, 188, 120, 197, 179, 175, 78, 152, 29, 24, 67, 176, 115, 16, 178, 19, 157, 82, 17, 28, 108, 105, 90, 158, 43, 46, 190, 53, 42, 92, 89, 38, 163, 185, 93, 147, 13, 3, 2, 39, 136, 22, 114, 145, 47, 85]","[98, 51, 120, 67, 71, 191, 90, 125, 131, 121, 112, 19, 158, 25, 123, 177, 171, 157, 104, 56, 8, 68, 111, 41, 119, 159, 143, 106, 124, 128, 62, 18, 55, 174, 183, 140, 199, 4, 149, 101, 28, 59, 20, 148, 47, 154, 94, 66, 57, 172, 52, 179, 22, 185, 95, 110, 86, 166, 194, 88, 176, 180, 26, 103, 89, 127, 165, 163, 186, 153, 81, 77, 58, 82, 87, 91, 79, 61, 7, 5, 78, 175, 142, 45, 162, 46, 80, 190, 105, 136, 73, 164, 193, 31, 54, 151, 117, 198, 30, 42, 156, 24, 1, 197, 16, 27, 38, 102, 63, 100, 17, 44, 133, 10, 178, 115, 147, 192, 150, 6, 188, 65, 169, 132, 13, 126, 195, 145, 15, 3, 161, 70, 84, 155, 184, 167, 189, 69, 109, 35, 0, 12, 29, 39, 160, 33, 49, 11, 138, 182, 139, 2, 85, 74, 118, 98]","{'distance': {'initial': 171336, 'final': 22875}, 'objective': {'initial': -146704, 'final': 19964}}",171336,22875,-146704,19964,24632,42839,171336,24632,-146704,22875,42839,152,TSPB
lab6,hae_op2_ls,85,1946045837,849.682923,True,,"[85, 49, 95, 70, 148, 129, 56, 21, 170, 193, 12, 69, 111, 162, 11, 182, 76, 40, 142, 23, 177, 72, 50, 106, 45, 81, 15, 36, 169, 196, 132, 125, 6, 131, 1, 154, 119, 41, 153, 160, 199, 168, 80, 124, 161, 8, 102, 166, 96, 126, 68, 94, 117, 100, 103, 133, 188, 120, 197, 179, 175, 78, 152, 29, 24, 67, 176, 115, 16, 178, 19, 157, 82, 17, 28, 108, 105, 90, 158, 43, 46, 190, 53, 42, 92, 89, 38, 163, 185, 93, 147, 13, 3, 2, 39, 136, 22, 114, 145, 47, 85]","[110, 128, 124, 62, 18, 55, 174, 183, 140, 199, 9, 95, 185, 22, 179, 52, 172, 57, 66, 94, 154, 47, 148, 60, 23, 20, 59, 28, 101, 149, 4, 53, 184, 155, 167, 189, 145, 15, 3, 70, 161, 13, 126, 132, 169, 65, 188, 6, 150, 192, 147, 115, 178, 10, 133, 44, 17, 100, 63, 102, 38, 27, 16, 197, 1, 24, 156, 42, 30, 198, 117, 151, 54, 31, 193, 164, 73, 136, 105, 190, 80, 46, 162, 175, 78, 142, 45, 5, 123, 177, 7, 61, 79, 91, 141, 97, 77, 58, 82, 87, 8, 68, 111, 144, 56, 104, 157, 171, 25, 158, 19, 112, 121, 131, 125, 90, 191, 71, 67, 120, 51, 98, 118, 74, 85, 2, 139, 182, 138, 11, 49, 33, 160, 39, 29, 12, 0, 109, 35, 37, 41, 143, 159, 119, 153, 186, 163, 165, 127, 89, 103, 26, 180, 176, 88, 194, 166, 86, 110]","{'distance': {'initial': 171336, 'final': 23852}, 'objective': {'initial': -146704, 'final': 19961}}",171336,23852,-146704,19961,24632,43813,171336,24632,-146704,23852,43813,166,TSPB
lab6,hae_op3_ls,85,1946045837,847.521433,True,,"[85, 49, 95, 70, 148, 129, 56, 21, 170, 193, 12, 69, 111, 162, 11, 182, 76, 40, 142, 23, 177, 72, 50, 106, 45, 81, 15, 36, 169, 196, 132, 125, 6, 131, 1, 154, 119, 41, 153, 160, 199, 168, 80, 124, 161, 8, 102, 166, 96, 126, 68, 94, 117, 100, 103, 133, 188, 120, 197, 179, 175, 78, 152, 29, 24, 67, 176, 115, 16, 178, 19, 157, 82, 17, 28, 108, 105, 90, 158, 43, 46, 190, 53, 42, 92, 89, 38, 163, 185, 93, 147, 13, 3, 2, 39, 136, 22, 114, 145, 47, 85]","[197, 1, 24, 156, 42, 30, 198, 117, 151, 54, 31, 193, 164, 73, 136, 105, 190, 80, 46, 162, 175, 78, 142, 45, 5, 7, 61, 79, 91, 87, 82, 58, 77, 81, 153, 186, 163, 165, 127, 89, 103, 26, 180, 176, 88, 194, 166, 86, 110, 95, 185, 22, 179, 52, 172, 57, 66, 94, 154, 47, 148, 60, 23, 20, 59, 28, 101, 149, 4, 199, 140, 183, 174, 55, 18, 62, 128, 124, 106, 143, 159, 119, 41, 111, 68, 8, 104, 56, 144, 160, 33, 49, 29, 39, 12, 0, 35, 109, 69, 167, 189, 145, 15, 3, 70, 161, 13, 126, 132, 169, 65, 188, 6, 150, 192, 85, 2, 139, 11, 182, 138, 157, 171, 177, 123, 25, 158, 19, 112, 121, 116, 98, 51, 120, 67, 71, 125, 90, 191, 178, 10, 133, 44, 17, 100, 63, 102, 38, 27, 16, 197]","{'distance': {'initial': 171336, 'final': 22259}, 'objective': {'initial': -146704, 'final': 20001}}",171336,22259,-146704,20001,24632,42260,171336,24632,-146704,22259,42260,289,TSPB
lab6,hae_op2_no_ls,85,1946045837,845.581911,True,,"[85, 49, 95, 70, 148, 129, 56, 21, 170, 193, 12, 69, 111, 162, 11, 182, 76, 40, 142, 23, 177, 72, 50, 106, 45, 81, 15, 36, 169, 196, 132, 125, 6, 131, 1, 154, 119, 41, 153, 160, 199, 168, 80, 124, 161, 8, 102, 166, 96, 126, 68, 94, 117, 100, 103, 133, 188, 120, 197, 179, 175, 78, 152, 29, 24, 67, 176, 115, 16, 178, 19, 157, 82, 17, 28, 108, 105, 90, 158, 43, 46, 190, 53, 42, 92, 89, 38, 163, 185, 93, 147, 13, 3, 2, 39, 136, 22, 114, 145, 47, 85]","[15, 3, 70, 161, 132, 13, 126, 169, 65, 188, 6, 150, 192, 85, 2, 139, 11, 182, 138, 33, 49, 29, 109, 35, 0, 12, 39, 160, 144, 56, 104, 8, 68, 82, 87, 171, 25, 158, 116, 98, 51, 120, 67, 71, 191, 90, 125, 121, 112, 19, 131, 135, 32, 122, 133, 44, 17, 100, 63, 102, 38, 27, 16, 197, 1, 24, 156, 42, 30, 198, 117, 151, 54, 31, 193, 164, 73, 136, 105, 190, 80, 46, 162, 45, 142, 175, 78, 5, 123, 177, 7, 61, 79, 91, 141, 97, 77, 58, 50, 111, 41, 159, 143, 124, 106, 119, 153, 186, 163, 165, 127, 89, 103, 26, 180, 176, 88, 194, 166, 52, 179, 172, 57, 66, 94, 154, 47, 148, 60, 23, 20, 59, 28, 101, 149, 4, 140, 199, 9, 95, 130, 22, 185, 86, 110, 128, 62, 18, 55, 34, 170, 152, 53, 184, 155, 167, 189, 145, 15]","{'distance': {'initial': 171336, 'final': 24520}, 'objective': {'initial': -146704, 'final': 18916}}",171336,24520,-146704,18916,24632,43436,171336,24632,-146704,24520,43436,396,TSPB
lab6,hae_op3_no_ls,85,1946045837,846.812053,True,,"[85, 49, 95, 70, 148, 129, 56, 21, 170, 193, 12, 69, 111, 162, 11, 182, 76, 40, 142, 23, 177, 72, 50, 106, 45, 81, 15, 36, 169, 196, 132, 125, 6, 131, 1, 154, 119, 41, 153, 160, 199, 168, 80, 124, 161, 8, 102, 166, 96, 126, 68, 94, 117, 100, 103, 133, 188, 120, 197, 179, 175, 78, 152, 29, 24, 67, 176, 115, 16, 178, 19, 157, 82, 17, 28, 108, 105, 90, 158, 43, 46, 190, 53, 42, 92, 89, 38, 163, 185, 93, 147, 13, 3, 2, 39, 136, 22, 114, 145, 47, 85]","[85, 98, 51, 120, 67, 71, 191, 90, 125, 131, 19, 112, 121, 116, 158, 25, 123, 177, 171, 157, 104, 56, 8, 68, 111, 41, 119, 159, 143, 124, 128, 62, 18, 55, 174, 183, 140, 4, 149, 101, 28, 59, 199, 9, 95, 110, 86, 185, 22, 179, 57, 172, 52, 166, 194, 88, 176, 180, 26, 103, 89, 127, 165, 163, 186, 153, 81, 77, 58, 82, 87, 91, 79, 61, 7, 5, 45, 142, 78, 175, 162, 46, 80, 190, 105, 136, 73, 164, 193, 31, 54, 151, 117, 198, 30, 42, 156, 24, 1, 197, 16, 27, 38, 102, 63, 100, 17, 44, 133, 10, 178, 147, 192, 150, 6, 188, 65, 169, 132, 126, 13, 161, 70, 3, 15, 145, 189, 167, 69, 109, 35, 0, 12, 29, 39, 160, 33, 49, 11, 138, 182, 139, 2, 85]","{'distance': {'initial': 171336, 'final': 22037}, 'objective': {'initial': -146704, 'final': 19476}}",171336,22037,-146704,19476,24632,41513,171336,24632,-146704,22037,41513,398,TSPB
lab6,ils,85,1537573762,846.32124,True,,"[85, 192, 150, 6, 188, 65, 169, 132, 126, 13, 145, 15, 161, 70, 3, 189, 167, 69, 34, 55, 174, 183, 140, 4, 149, 101, 28, 59, 20, 23, 60, 148, 199, 9, 22, 185, 95, 86, 110, 128, 62, 124, 106, 143, 159, 119, 153, 186, 163, 89, 103, 26, 180, 176, 88, 194, 114, 137, 127, 165, 187, 146, 97, 77, 58, 91, 79, 61, 7, 177, 123, 5, 45, 142, 78, 175, 162, 46, 80, 190, 105, 136, 73, 164, 193, 31, 54, 151, 117, 198, 30, 42, 156, 24, 1, 197, 16, 27, 38, 102, 32, 96, 63, 100, 17, 44, 133, 10, 178, 191, 90, 125, 131, 121, 112, 19, 158, 25, 171, 87, 82, 50, 14, 41, 37, 35, 109, 0, 29, 39, 12, 111, 68, 8, 104, 56, 144, 160, 33, 49, 11, 138, 182, 139, 2, 85]","[85, 192, 150, 6, 188, 65, 169, 132, 126, 13, 161, 70, 3, 15, 145, 189, 167, 69, 34, 55, 174, 183, 140, 199, 4, 149, 101, 28, 59, 20, 23, 60, 148, 47, 154, 94, 66, 57, 172, 52, 179, 22, 185, 95, 86, 110, 128, 62, 124, 106, 143, 159, 119, 153, 186, 163, 89, 103, 26, 180, 176, 88, 194, 114, 137, 127, 165, 187, 146, 97, 77, 141, 91, 79, 61, 7, 177, 123, 5, 45, 142, 78, 175, 162, 46, 80, 190, 105, 136, 73, 164, 193, 31, 54, 151, 117, 198, 30, 42, 156, 24, 1, 197, 16, 27, 38, 102, 63, 100, 17, 44, 133, 10, 178, 90, 125, 191, 71, 67, 120, 51, 98, 116, 121, 112, 19, 158, 25, 182, 138, 157, 171, 87, 82, 58, 50, 14, 41, 37, 35, 109, 0, 12, 29, 39, 111, 68, 8, 104, 56, 144, 160, 33, 49, 11, 139, 2, 85]","{'distance': {'initial': 23583, 'final': 24387}, 'objective': {'initial': 0, 'final': 18986}}",23583,24387,0,18986,40719,43373,23583,40719,0,24387,43373,443,TSPB
lab6,lns,85,1537573762,845.428883,True,,"[85, 2, 74, 118, 98, 51, 116, 121, 112, 19, 131, 125, 90, 191, 178, 10, 133, 44, 17, 100, 63, 96, 32, 102, 38, 27, 16, 197, 1, 24, 156, 42, 30, 198, 117, 151, 54, 31, 193, 164, 73, 136, 105, 190, 80, 46, 162, 45, 142, 175, 78, 5, 123, 177, 7, 61, 79, 91, 141, 97, 77, 58, 82, 50, 14, 41, 111, 68, 8, 87, 171, 25, 182, 139, 11, 138, 157, 104, 56, 144, 160, 33, 49, 29, 39, 12, 0, 109, 35, 143, 159, 119, 153, 186, 163, 165, 127, 89, 103, 26, 180, 176, 88, 194, 166, 52, 179, 172, 57, 66, 94, 154, 47, 148, 20, 59, 28, 101, 149, 4, 140, 199, 9, 183, 174, 55, 181, 95, 130, 22, 185, 86, 110, 128, 124, 62, 18, 34, 69, 189, 167, 184, 155, 84, 70, 161, 3, 15, 145, 13, 126, 132, 169, 65, 188, 6, 150, 192, 85]","[85, 2, 139, 11, 182, 138, 49, 33, 160, 144, 56, 104, 157, 171, 177, 123, 25, 158, 19, 112, 121, 116, 98, 51, 125, 90, 191, 178, 10, 133, 44, 17, 100, 63, 96, 32, 102, 38, 27, 16, 197, 1, 24, 156, 42, 30, 198, 117, 151, 54, 31, 193, 164, 73, 136, 105, 190, 80, 46, 162, 175, 78, 142, 45, 5, 7, 61, 79, 91, 141, 97, 77, 58, 82, 87, 8, 68, 111, 41, 14, 81, 153, 186, 163, 165, 127, 89, 103, 26, 180, 176, 88, 194, 166, 86, 110, 95, 185, 22, 179, 52, 172, 57, 66, 94, 154, 47, 148, 20, 59, 28, 101, 149, 4, 199, 140, 183, 174, 55, 18, 62, 128, 124, 106, 119, 159, 143, 35, 109, 0, 12, 39, 29, 69, 189, 167, 184, 155, 84, 70, 161, 3, 15, 145, 13, 126, 132, 169, 65, 188, 6, 150, 192, 85]","{'distance': {'initial': 24735, 'final': 22927}, 'objective': {'initial': 0, 'final': 19687}}",24735,22927,0,19687,43454,42614,24735,43454,0,22927,42614,231,TSPB
lab6,hae_op1_ls,85,1537573762,845.040648,True,,"[85, 84, 136, 112, 77, 178, 181, 145, 95, 13, 186, 83, 161, 10, 59, 92, 4, 30, 197, 96, 87, 171, 69, 129, 82, 105, 131, 191, 101, 60, 56, 33, 159, 141, 73, 61, 57, 182, 76, 132, 165, 155, 168, 78, 194, 62, 175, 7, 18, 2, 42, 110, 149, 162, 183, 119, 153, 198, 135, 54, 94, 108, 88, 113, 152, 14, 167, 32, 148, 51, 47, 3, 40, 6, 120, 9, 134, 116, 187, 8, 126, 46, 27, 188, 28, 143, 50, 36, 146, 190, 34, 117, 58, 164, 93, 19, 163, 114, 111, 169, 85]","[178, 10, 133, 44, 17, 100, 63, 102, 38, 27, 16, 197, 1, 24, 156, 42, 30, 198, 117, 193, 31, 54, 164, 73, 136, 105, 190, 80, 46, 162, 45, 142, 175, 78, 5, 7, 61, 79, 91, 141, 97, 77, 58, 82, 87, 8, 68, 144, 56, 104, 157, 171, 177, 123, 25, 158, 116, 121, 112, 19, 151, 131, 125, 90, 191, 71, 67, 120, 51, 98, 118, 74, 85, 2, 139, 182, 138, 11, 49, 33, 160, 39, 29, 12, 0, 109, 35, 37, 111, 41, 14, 81, 153, 186, 163, 165, 127, 89, 103, 26, 180, 176, 88, 194, 166, 86, 110, 128, 106, 119, 159, 143, 124, 62, 18, 55, 181, 95, 185, 22, 179, 52, 172, 57, 66, 94, 154, 47, 148, 9, 199, 59, 28, 101, 149, 4, 140, 183, 174, 53, 184, 155, 167, 189, 145, 15, 3, 70, 161, 13, 126, 132, 169, 65, 188, 6, 150, 192, 147, 115, 178]","{'distance': {'initial': 167821, 'final': 24206}, 'objective': {'initial': -144828, 'final': 19579}}",167821,24206,-144828,19579,22993,43785,167821,22993,-144828,24206,43785,146,TSPB
lab6,hae_op2_ls,85,1537573762,848.642767,True,,"[85, 84, 136, 112, 77, 178, 181, 145, 95, 13, 186, 83, 161, 10, 59, 92, 4, 30, 197, 96, 87, 171, 69, 129, 82, 105, 131, 191, 101, 60, 56, 33, 159, 141, 73, 61, 57, 182, 76, 132, 165, 155, 168, 78, 194, 62, 175, 7, 18, 2, 42, 110, 149, 162, 183, 119, 153, 198, 135, 54, 94, 108, 88, 113, 152, 14, 167, 32, 148, 51, 47, 3, 40, 6, 120, 9, 134, 116, 187, 8, 126, 46, 27, 188, 28, 143, 50, 36, 146, 190, 34, 117, 58, 164, 93, 19, 163, 114, 111, 169, 85]","[33, 160, 39, 29, 12, 0, 35, 109, 69, 189, 167, 34, 55, 18, 62, 128, 124, 106, 143, 159, 119, 153, 186, 163, 165, 127, 89, 103, 26, 180, 176, 88, 194, 166, 86, 110, 95, 185, 22, 179, 52, 172, 57, 66, 94, 154, 47, 148, 20, 59, 28, 101, 149, 4, 140, 199, 9, 183, 174, 53, 184, 155, 84, 3, 70, 161, 15, 145, 195, 126, 13, 132, 169, 65, 188, 6, 150, 192, 147, 115, 178, 10, 133, 44, 17, 100, 63, 102, 38, 27, 16, 197, 1, 24, 156, 42, 30, 198, 117, 151, 54, 31, 193, 164, 73, 136, 105, 190, 80, 46, 162, 45, 142, 175, 78, 5, 7, 61, 79, 91, 141, 97, 77, 58, 82, 87, 8, 68, 111, 41, 37, 144, 56, 104, 157, 171, 177, 123, 25, 158, 116, 121, 112, 19, 131, 125, 90, 191, 71, 67, 120, 51, 98, 85, 2, 139, 182, 138, 11, 49, 33]","{'distance': {'initial': 167821, 'final': 24495}, 'objective': {'initial': -144828, 'final': 19750}}",167821,24495,-144828,19750,22993,44245,167821,22993,-144828,24495,44245,165,TSPB
lab6,hae_op3_ls,85,1537573762,847.186928,True,,"[85, 84, 136, 112, 77, 178, 181, 145, 95, 13, 186, 83, 161, 10, 59, 92, 4, 30, 197, 96, 87, 171, 69, 129, 82, 105, 131, 191, 101, 60, 56, 33, 159, 141, 73, 61, 57, 182, 76, 132, 165, 155, 168, 78, 194, 62, 175, 7, 18, 2, 42, 110, 149, 162, 183, 119, 153, 198, 135, 54, 94, 108, 88, 113, 152, 14, 167, 32, 148, 51, 47, 3, 40, 6, 120, 9, 134, 116, 187, 8, 126, 46, 27, 188, 28, 143, 50, 36, 146, 190, 34, 117, 58, 164, 93, 19, 163, 114, 111, 169, 85]","[177, 171, 157, 104, 56, 8, 68, 111, 41, 119, 159, 143, 106, 124, 128, 62, 18, 55, 174, 183, 140, 199, 4, 149, 101, 28, 59, 20, 23, 60, 148, 47, 154, 94, 66, 57, 172, 52, 179, 22, 185, 95, 110, 86, 166, 194, 88, 176, 180, 26, 103, 89, 127, 165, 163, 186, 153, 81, 77, 58, 82, 87, 91, 79, 61, 7, 5, 45, 142, 78, 175, 162, 46, 80, 190, 105, 136, 73, 164, 193, 31, 54, 151, 117, 198, 30, 42, 156, 24, 1, 197, 16, 27, 38, 102, 63, 100, 17, 44, 133, 10, 178, 191, 90, 125, 131, 19, 112, 121, 116, 98, 51, 120, 67, 71, 147, 192, 150, 6, 188, 65, 169, 132, 13, 126, 195, 145, 15, 3, 161, 70, 84, 155, 184, 167, 189, 69, 109, 35, 0, 12, 29, 39, 160, 33, 49, 11, 138, 182, 25, 123, 177]","{'distance': {'initial': 167821, 'final': 22385}, 'objective': {'initial': -144828, 'final': 20099}}",167821,22385,-144828,20099,22993,42484,167821,22993,-144828,22385,42484,292,TSPB
lab6,hae_op2_no_ls,85,1537573762,845.319274,True,,"[85, 84, 136, 112, 77, 178, 181, 145, 95, 13, 186, 83, 161, 10, 59, 92, 4, 30, 197, 96, 87, 171, 69, 129, 82, 105, 131, 191, 101, 60, 56, 33, 159, 141, 73, 61, 57, 182, 76, 132, 165, 155, 168, 78, 194, 62, 175, 7, 18, 2, 42, 110, 149, 162, 183, 119, 153, 198, 135, 54, 94, 108, 88, 113, 152, 14, 167, 32, 148, 51, 47, 3, 40, 6, 120, 9, 134, 116, 187, 8, 126, 46, 27, 188, 28, 143, 50, 36, 146, 190, 34, 117, 58, 164, 93, 19, 163, 114, 111, 169, 85]","[190, 80, 46, 162, 175, 78, 142, 45, 136, 73, 164, 31, 54, 151, 19, 112, 121, 116, 125, 90, 191, 71, 67, 120, 51, 98, 85, 2, 139, 182, 138, 11, 49, 33, 160, 144, 111, 41, 14, 50, 58, 87, 82, 68, 8, 56, 104, 157, 171, 25, 123, 177, 7, 61, 79, 91, 141, 97, 77, 81, 153, 186, 163, 89, 165, 127, 103, 26, 180, 176, 88, 194, 166, 86, 95, 185, 22, 179, 52, 172, 57, 66, 94, 154, 47, 148, 20, 59, 28, 101, 149, 4, 140, 199, 9, 183, 174, 181, 110, 128, 106, 119, 159, 143, 124, 62, 18, 55, 34, 35, 0, 12, 39, 29, 109, 69, 167, 189, 3, 70, 161, 15, 145, 13, 126, 132, 169, 65, 188, 6, 150, 192, 147, 115, 178, 10, 133, 44, 17, 100, 63, 102, 38, 27, 16, 197, 1, 24, 156, 42, 30, 198, 117, 193, 105, 190]","{'distance': {'initial': 167821, 'final': 23931}, 'objective': {'initial': -144828, 'final': 18927}}",167821,23931,-144828,18927,22993,42858,167821,22993,-144828,23931,42858,388,TSPB
lab6,hae_op3_no_ls,85,1537573762,845.143077,True,,"[85, 84, 136, 112, 77, 178, 181, 145, 95, 13, 186, 83, 161, 10, 59, 92, 4, 30, 197, 96, 87, 171, 69, 129, 82, 105, 131, 191, 101, 60, 56, 33, 159, 141, 73, 61, 57, 182, 76, 132, 165, 155, 168, 78, 194, 62, 175, 7, 18, 2, 42, 110, 149, 162, 183, 119, 153, 198, 135, 54, 94, 108, 88, 113, 152, 14, 167, 32, 148, 51, 47, 3, 40, 6, 120, 9, 134, 116, 187, 8, 126, 46, 27, 188, 28, 143, 50, 36, 146, 190, 34, 117, 58, 164, 93, 19, 163, 114, 111, 169, 85]","[190, 80, 46, 162, 175, 78, 142, 45, 136, 73, 164, 31, 54, 151, 19, 112, 121, 116, 51, 98, 85, 2, 139, 11, 182, 138, 49, 33, 160, 144, 56, 104, 157, 171, 25, 123, 177, 7, 61, 79, 91, 141, 97, 77, 58, 82, 87, 8, 68, 111, 41, 12, 39, 29, 0, 109, 35, 143, 159, 119, 153, 186, 163, 165, 127, 89, 103, 26, 180, 176, 88, 194, 166, 86, 22, 179, 52, 172, 57, 66, 94, 154, 47, 148, 59, 28, 101, 149, 4, 140, 199, 9, 183, 174, 95, 110, 128, 124, 62, 18, 55, 34, 167, 189, 145, 15, 3, 70, 161, 13, 126, 132, 169, 65, 188, 6, 150, 192, 147, 71, 67, 120, 125, 90, 191, 178, 10, 133, 44, 17, 100, 63, 102, 38, 27, 16, 197, 1, 24, 156, 42, 30, 198, 117, 193, 105, 190]","{'distance': {'initial': 167821, 'final': 22649}, 'objective': {'initial': -144828, 'final': 19189}}",167821,22649,-144828,19189,22993,41838,167821,22993,-144828,22649,41838,367,TSPB
lab6,ils,85,997618963,845.975365,True,,"[85, 2, 74, 118, 98, 51, 125, 120, 67, 71, 191, 90, 178, 10, 133, 44, 17, 100, 63, 102, 32, 135, 131, 121, 116, 158, 25, 182, 138, 11, 49, 33, 160, 144, 56, 68, 8, 104, 157, 171, 123, 112, 19, 151, 1, 197, 38, 27, 16, 24, 156, 42, 30, 198, 117, 193, 31, 54, 164, 73, 136, 105, 190, 80, 46, 162, 45, 142, 175, 78, 5, 177, 7, 61, 79, 91, 87, 82, 58, 77, 97, 153, 186, 163, 165, 127, 89, 103, 26, 180, 176, 88, 194, 166, 86, 185, 22, 130, 95, 9, 148, 60, 23, 20, 59, 199, 28, 101, 149, 4, 140, 183, 174, 55, 18, 62, 110, 128, 124, 106, 143, 159, 119, 41, 111, 37, 12, 39, 29, 0, 35, 109, 69, 167, 189, 145, 15, 3, 70, 161, 13, 126, 132, 169, 65, 188, 6, 150, 192, 85]","[85, 2, 134, 192, 150, 6, 188, 65, 169, 132, 126, 13, 161, 70, 3, 15, 145, 189, 167, 69, 109, 35, 0, 12, 29, 39, 111, 41, 119, 159, 143, 106, 124, 128, 62, 18, 55, 174, 183, 140, 199, 4, 149, 101, 28, 59, 20, 23, 60, 148, 47, 154, 94, 66, 57, 172, 52, 179, 22, 185, 95, 110, 86, 166, 194, 88, 176, 180, 26, 103, 89, 127, 165, 163, 186, 153, 81, 77, 58, 82, 87, 91, 79, 61, 7, 177, 123, 5, 45, 142, 78, 175, 162, 46, 80, 190, 105, 136, 73, 164, 31, 54, 193, 117, 30, 42, 27, 38, 16, 197, 1, 24, 156, 198, 151, 19, 112, 121, 116, 158, 25, 171, 157, 104, 56, 8, 68, 144, 160, 33, 49, 11, 138, 182, 74, 118, 98, 51, 125, 131, 135, 32, 102, 63, 100, 17, 44, 133, 10, 178, 90, 191, 71, 67, 120, 85]","{'distance': {'initial': 23735, 'final': 23539}, 'objective': {'initial': 0, 'final': 19226}}",23735,23539,0,19226,41347,42765,23735,41347,0,23539,42765,449,TSPB
lab6,lns,85,997618963,847.241157,True,,"[85, 2, 74, 118, 98, 51, 116, 121, 131, 125, 90, 191, 120, 67, 71, 178, 10, 133, 44, 17, 100, 63, 102, 38, 27, 16, 197, 1, 24, 156, 42, 30, 198, 117, 151, 54, 31, 193, 164, 73, 136, 105, 190, 80, 46, 162, 175, 78, 142, 45, 5, 123, 177, 171, 25, 182, 139, 11, 138, 157, 104, 56, 8, 87, 82, 58, 77, 97, 153, 186, 163, 89, 165, 127, 103, 26, 180, 176, 88, 194, 166, 64, 119, 159, 143, 41, 111, 68, 144, 160, 33, 49, 29, 39, 12, 0, 35, 109, 69, 34, 55, 18, 62, 124, 128, 110, 86, 95, 185, 22, 179, 52, 172, 57, 66, 94, 154, 47, 148, 60, 23, 20, 59, 199, 9, 183, 174, 140, 28, 101, 149, 4, 53, 184, 155, 167, 189, 145, 15, 3, 70, 161, 13, 126, 132, 169, 65, 188, 6, 150, 192, 85]","[85, 2, 74, 118, 98, 51, 116, 121, 112, 19, 131, 125, 90, 191, 120, 67, 71, 178, 10, 133, 44, 17, 100, 63, 102, 38, 27, 16, 197, 1, 24, 156, 42, 30, 198, 117, 151, 54, 31, 193, 164, 73, 136, 105, 190, 80, 46, 162, 175, 78, 142, 45, 5, 7, 61, 79, 91, 141, 97, 77, 58, 82, 87, 8, 68, 111, 144, 56, 104, 157, 171, 177, 123, 25, 182, 138, 11, 49, 33, 160, 39, 29, 12, 0, 109, 35, 37, 41, 143, 159, 119, 153, 186, 163, 165, 127, 89, 103, 26, 180, 176, 88, 194, 166, 86, 110, 128, 124, 62, 18, 55, 181, 95, 185, 22, 179, 52, 172, 57, 66, 94, 154, 47, 148, 60, 23, 20, 59, 28, 101, 149, 4, 199, 140, 183, 174, 53, 184, 155, 167, 189, 145, 15, 3, 70, 161, 13, 126, 132, 169, 65, 188, 6, 150, 192, 85]","{'distance': {'initial': 24189, 'final': 23506}, 'objective': {'initial': 0, 'final': 19846}}",24189,23506,0,19846,42185,43352,24189,42185,0,23506,43352,241,TSPB
lab6,hae_op1_ls,85,997618963,849.307958,True,,"[85, 76, 125, 9, 142, 72, 193, 37, 107, 169, 55, 61, 163, 116, 62, 184, 81, 123, 110, 93, 174, 78, 46, 98, 183, 162, 1, 171, 180, 44, 43, 154, 69, 190, 166, 122, 119, 132, 182, 83, 185, 121, 115, 159, 177, 67, 90, 105, 19, 34, 23, 120, 3, 49, 18, 64, 74, 10, 11, 58, 17, 63, 66, 102, 27, 71, 194, 188, 6, 160, 100, 51, 165, 53, 148, 56, 181, 170, 113, 59, 131, 5, 126, 70, 0, 97, 164, 28, 104, 197, 31, 173, 103, 146, 38, 108, 141, 168, 151, 137, 85]","[87, 82, 68, 8, 104, 56, 144, 160, 39, 29, 12, 0, 35, 109, 69, 189, 167, 184, 155, 84, 3, 70, 161, 15, 145, 195, 126, 13, 132, 169, 65, 188, 6, 150, 192, 85, 2, 139, 11, 49, 33, 138, 182, 157, 171, 177, 123, 25, 158, 19, 112, 121, 116, 98, 51, 120, 67, 71, 125, 90, 191, 178, 10, 133, 44, 17, 100, 63, 102, 38, 27, 16, 197, 1, 24, 156, 42, 30, 198, 117, 151, 54, 31, 193, 164, 73, 136, 105, 190, 80, 46, 162, 45, 142, 175, 78, 5, 7, 61, 79, 91, 141, 97, 153, 186, 163, 165, 127, 89, 103, 26, 180, 176, 88, 194, 166, 86, 110, 128, 181, 95, 185, 22, 179, 52, 172, 57, 66, 94, 154, 47, 148, 60, 23, 20, 59, 28, 101, 149, 4, 140, 199, 9, 183, 174, 55, 18, 62, 124, 106, 143, 159, 119, 41, 14, 50, 77, 58, 87]","{'distance': {'initial': 165134, 'final': 23814}, 'objective': {'initial': -141022, 'final': 19669}}",165134,23814,-141022,19669,24112,43483,165134,24112,-141022,23814,43483,152,TSPB
lab6,hae_op2_ls,85,997618963,848.278463,True,,"[85, 76, 125, 9, 142, 72, 193, 37, 107, 169, 55, 61, 163, 116, 62, 184, 81, 123, 110, 93, 174, 78, 46, 98, 183, 162, 1, 171, 180, 44, 43, 154, 69, 190, 166, 122, 119, 132, 182, 83, 185, 121, 115, 159, 177, 67, 90, 105, 19, 34, 23, 120, 3, 49, 18, 64, 74, 10, 11, 58, 17, 63, 66, 102, 27, 71, 194, 188, 6, 160, 100, 51, 165, 53, 148, 56, 181, 170, 113, 59, 131, 5, 126, 70, 0, 97, 164, 28, 104, 197, 31, 173, 103, 146, 38, 108, 141, 168, 151, 137, 85]","[59, 20, 148, 47, 154, 94, 66, 57, 172, 52, 179, 22, 185, 95, 110, 86, 166, 194, 88, 176, 180, 26, 103, 89, 127, 165, 163, 186, 153, 81, 77, 58, 82, 87, 91, 79, 61, 7, 5, 45, 142, 78, 175, 162, 46, 80, 190, 105, 136, 73, 164, 193, 31, 54, 151, 117, 198, 30, 42, 156, 24, 1, 197, 16, 27, 38, 102, 63, 100, 17, 44, 133, 10, 178, 191, 90, 125, 131, 19, 112, 121, 116, 98, 51, 120, 67, 71, 147, 192, 150, 6, 188, 65, 169, 132, 126, 13, 161, 70, 3, 15, 145, 189, 167, 69, 109, 35, 0, 12, 29, 39, 160, 33, 49, 11, 138, 182, 25, 123, 177, 171, 157, 104, 56, 8, 68, 111, 41, 119, 159, 143, 106, 124, 128, 62, 18, 55, 174, 183, 140, 199, 4, 149, 101, 28, 59]","{'distance': {'initial': 165134, 'final': 21546}, 'objective': {'initial': -141022, 'final': 19860}}",165134,21546,-141022,19860,24112,41406,165134,24112,-141022,21546,41406,177,TSPB
lab6,hae_op3_ls,85,997618963,846.30347,True,,"[85, 76, 125, 9, 142, 72, 193, 37, 107, 169, 55, 61, 163, 116, 62, 184, 81, 123, 110, 93, 174, 78, 46, 98, 183, 162, 1, 171, 180, 44, 43, 154, 69, 190, 166, 122, 119, 132, 182, 83, 185, 121, 115, 159, 177, 67, 90, 105, 19, 34, 23, 120, 3, 49, 18, 64, 74, 10, 11, 58, 17, 63, 66, 102, 27, 71, 194, 188, 6, 160, 100, 51, 165, 53, 148, 56, 181, 170, 113, 59, 131, 5, 126, 70, 0, 97, 164, 28, 104, 197, 31, 173, 103, 146, 38, 108, 141, 168, 151, 137, 85]","[103, 89, 127, 165, 163, 186, 153, 81, 77, 58, 82, 87, 91, 79, 61, 7, 5, 45, 142, 78, 175, 162, 46, 80, 190, 105, 136, 73, 164, 193, 31, 54, 151, 117, 198, 30, 42, 156, 24, 1, 197, 16, 27, 38, 102, 63, 100, 17, 44, 133, 10, 178, 191, 90, 125, 51, 120, 67, 71, 147, 192, 150, 6, 188, 65, 169, 132, 126, 13, 145, 15, 161, 70, 3, 84, 155, 184, 167, 189, 69, 109, 35, 0, 12, 29, 39, 160, 33, 49, 138, 182, 11, 139, 2, 85, 98, 116, 121, 112, 19, 158, 25, 123, 177, 171, 157, 104, 56, 8, 68, 111, 41, 119, 159, 143, 106, 124, 128, 62, 18, 55, 174, 183, 140, 199, 4, 149, 101, 28, 59, 20, 23, 60, 148, 47, 154, 94, 66, 57, 172, 52, 179, 22, 185, 95, 110, 86, 166, 194, 88, 176, 180, 26, 103]","{'distance': {'initial': 165134, 'final': 22745}, 'objective': {'initial': -141022, 'final': 20018}}",165134,22745,-141022,20018,24112,42763,165134,24112,-141022,22745,42763,277,TSPB
lab6,hae_op2_no_ls,85,997618963,846.382729,True,,"[85, 76, 125, 9, 142, 72, 193, 37, 107, 169, 55, 61, 163, 116, 62, 184, 81, 123, 110, 93, 174, 78, 46, 98, 183, 162, 1, 171, 180, 44, 43, 154, 69, 190, 166, 122, 119, 132, 182, 83, 185, 121, 115, 159, 177, 67, 90, 105, 19, 34, 23, 120, 3, 49, 18, 64, 74, 10, 11, 58, 17, 63, 66, 102, 27, 71, 194, 188, 6, 160, 100, 51, 165, 53, 148, 56, 181, 170, 113, 59, 131, 5, 126, 70, 0, 97, 164, 28, 104, 197, 31, 173, 103, 146, 38, 108, 141, 168, 151, 137, 85]","[100, 17, 44, 133, 122, 32, 135, 131, 19, 112, 121, 125, 90, 191, 120, 67, 71, 147, 192, 150, 6, 188, 65, 169, 132, 161, 70, 3, 15, 145, 13, 126, 195, 168, 139, 11, 49, 160, 33, 138, 182, 2, 85, 98, 51, 116, 158, 25, 123, 177, 171, 157, 104, 8, 68, 56, 144, 39, 29, 12, 0, 109, 35, 37, 111, 41, 119, 159, 143, 106, 124, 128, 110, 62, 18, 55, 34, 69, 189, 167, 155, 184, 53, 174, 183, 140, 4, 149, 101, 28, 199, 59, 20, 23, 60, 148, 47, 154, 94, 66, 57, 172, 52, 179, 22, 130, 95, 86, 166, 194, 88, 176, 180, 26, 103, 89, 127, 165, 163, 186, 153, 81, 77, 58, 82, 87, 91, 79, 61, 7, 5, 45, 142, 78, 175, 162, 46, 80, 190, 105, 136, 73, 164, 193, 31, 54, 151, 117, 198, 30, 42, 156, 24, 1, 197, 16, 27, 38, 102, 63, 100]","{'distance': {'initial': 165134, 'final': 24948}, 'objective': {'initial': -141022, 'final': 18806}}",165134,24948,-141022,18806,24112,43754,165134,24112,-141022,24948,43754,441,TSPB
lab6,hae_op3_no_ls,85,997618963,845.146256,True,,"[85, 76, 125, 9, 142, 72, 193, 37, 107, 169, 55, 61, 163, 116, 62, 184, 81, 123, 110, 93, 174, 78, 46, 98, 183, 162, 1, 171, 180, 44, 43, 154, 69, 190, 166, 122, 119, 132, 182, 83, 185, 121, 115, 159, 177, 67, 90, 105, 19, 34, 23, 120, 3, 49, 18, 64, 74, 10, 11, 58, 17, 63, 66, 102, 27, 71, 194, 188, 6, 160, 100, 51, 165, 53, 148, 56, 181, 170, 113, 59, 131, 5, 126, 70, 0, 97, 164, 28, 104, 197, 31, 173, 103, 146, 38, 108, 141, 168, 151, 137, 85]","[103, 89, 127, 165, 163, 186, 153, 81, 77, 58, 82, 87, 91, 79, 61, 7, 5, 45, 142, 78, 175, 162, 46, 80, 190, 105, 136, 73, 164, 193, 31, 54, 151, 117, 198, 30, 42, 156, 24, 1, 197, 16, 27, 38, 102, 63, 100, 17, 44, 133, 191, 90, 125, 51, 120, 67, 71, 192, 150, 6, 188, 65, 169, 132, 13, 126, 145, 15, 3, 161, 70, 155, 184, 167, 189, 69, 109, 35, 0, 12, 39, 29, 49, 160, 33, 138, 182, 11, 139, 2, 85, 98, 116, 121, 112, 19, 25, 123, 177, 171, 104, 56, 144, 8, 68, 111, 41, 119, 159, 143, 124, 128, 62, 18, 55, 174, 183, 140, 199, 4, 149, 101, 28, 59, 20, 23, 60, 148, 154, 94, 66, 57, 172, 52, 179, 22, 95, 110, 86, 166, 194, 88, 176, 180, 26, 103]","{'distance': {'initial': 165134, 'final': 22481}, 'objective': {'initial': -141022, 'final': 19321}}",165134,22481,-141022,19321,24112,41802,165134,24112,-141022,22481,41802,403,TSPB
lab6,ils,85,2056187347,846.478238,True,,"[85, 2, 74, 118, 98, 51, 125, 90, 191, 120, 67, 71, 178, 10, 133, 44, 17, 100, 63, 102, 38, 27, 16, 197, 1, 24, 156, 42, 30, 198, 117, 151, 54, 31, 193, 164, 73, 136, 105, 190, 80, 46, 162, 45, 142, 175, 78, 5, 123, 177, 7, 61, 79, 91, 87, 58, 82, 8, 68, 111, 41, 14, 50, 77, 81, 153, 186, 163, 89, 165, 127, 103, 26, 180, 176, 88, 194, 166, 52, 179, 172, 57, 66, 94, 154, 47, 148, 20, 59, 28, 101, 149, 4, 140, 199, 9, 95, 130, 22, 185, 86, 110, 128, 124, 62, 18, 55, 174, 53, 184, 155, 167, 189, 69, 109, 35, 0, 12, 29, 39, 160, 144, 56, 104, 171, 157, 182, 138, 33, 49, 11, 139, 43, 126, 13, 145, 15, 3, 70, 161, 132, 169, 65, 188, 6, 150, 192, 85]","[85, 2, 74, 118, 98, 51, 120, 67, 71, 191, 125, 90, 178, 10, 133, 44, 17, 100, 63, 102, 38, 27, 16, 197, 1, 24, 156, 42, 30, 198, 117, 151, 54, 31, 193, 164, 73, 136, 105, 190, 80, 46, 162, 175, 78, 142, 45, 5, 123, 177, 7, 61, 79, 91, 87, 82, 8, 68, 111, 41, 14, 50, 58, 77, 81, 153, 186, 163, 165, 127, 89, 103, 26, 180, 176, 88, 194, 166, 52, 179, 172, 57, 66, 94, 154, 47, 148, 20, 59, 28, 101, 149, 4, 140, 199, 9, 95, 130, 22, 185, 86, 110, 128, 124, 62, 18, 55, 34, 170, 152, 53, 184, 155, 167, 189, 69, 109, 35, 0, 12, 29, 39, 160, 144, 56, 104, 157, 171, 25, 182, 138, 33, 49, 11, 139, 168, 195, 126, 13, 145, 15, 3, 70, 161, 132, 169, 65, 188, 6, 150, 192, 85]","{'distance': {'initial': 21992, 'final': 22115}, 'objective': {'initial': 0, 'final': 19015}}",21992,22115,0,19015,40654,41130,21992,40654,0,22115,41130,463,TSPB
lab6,lns,85,2056187347,846.136812,True,,"[85, 2, 182, 138, 157, 171, 177, 123, 5, 45, 162, 46, 142, 175, 78, 7, 61, 79, 91, 141, 97, 77, 81, 153, 186, 163, 165, 127, 89, 103, 26, 180, 176, 88, 194, 166, 86, 110, 95, 185, 22, 179, 52, 172, 57, 66, 94, 154, 47, 148, 60, 23, 20, 59, 199, 28, 101, 149, 4, 140, 183, 174, 55, 18, 62, 128, 124, 106, 143, 159, 119, 41, 111, 50, 58, 87, 82, 68, 8, 104, 56, 144, 160, 33, 49, 11, 139, 43, 126, 13, 145, 189, 167, 184, 155, 84, 3, 15, 70, 161, 132, 169, 65, 188, 6, 150, 192, 147, 71, 67, 120, 191, 90, 178, 10, 133, 44, 17, 100, 63, 102, 38, 27, 16, 197, 1, 24, 156, 42, 30, 198, 117, 193, 31, 164, 73, 54, 151, 19, 112, 121, 131, 125, 51, 98, 118, 74, 85]","[85, 2, 43, 126, 13, 145, 15, 3, 70, 161, 132, 169, 65, 188, 6, 150, 192, 147, 115, 178, 10, 133, 44, 17, 100, 63, 102, 38, 27, 16, 197, 1, 24, 156, 42, 30, 198, 117, 151, 54, 31, 193, 164, 73, 136, 105, 190, 80, 46, 162, 175, 78, 142, 45, 5, 7, 61, 79, 91, 141, 97, 77, 58, 82, 87, 8, 104, 56, 144, 68, 111, 41, 143, 159, 119, 153, 186, 163, 165, 127, 89, 103, 26, 180, 176, 88, 194, 166, 86, 110, 128, 124, 62, 18, 83, 181, 95, 130, 22, 179, 52, 172, 57, 66, 94, 154, 47, 148, 60, 23, 20, 59, 28, 101, 149, 4, 199, 140, 183, 174, 55, 34, 170, 152, 53, 184, 155, 167, 189, 69, 109, 35, 0, 12, 29, 39, 160, 33, 49, 11, 139, 182, 138, 157, 171, 177, 123, 25, 158, 116, 121, 112, 19, 131, 125, 90, 191, 71, 67, 120, 51, 98, 85]","{'distance': {'initial': 22869, 'final': 24146}, 'objective': {'initial': 0, 'final': 20016}}",22869,24146,0,20016,40580,44162,22869,40580,0,24146,44162,236,TSPB
lab6,hae_op1_ls,85,2056187347,846.232871,True,,"[85, 134, 11, 145, 7, 41, 0, 71, 91, 43, 15, 101, 187, 65, 121, 182, 81, 176, 27, 66, 160, 140, 157, 110, 99, 189, 146, 152, 17, 115, 175, 199, 104, 78, 133, 183, 198, 102, 13, 82, 51, 5, 86, 70, 34, 161, 28, 3, 153, 53, 125, 132, 88, 144, 123, 180, 97, 38, 92, 142, 67, 155, 79, 47, 188, 151, 44, 57, 141, 19, 8, 72, 89, 59, 185, 22, 172, 120, 24, 83, 33, 74, 62, 150, 159, 147, 64, 163, 94, 127, 31, 55, 63, 128, 118, 14, 135, 60, 56, 48, 85]","[19, 112, 121, 116, 118, 74, 85, 2, 139, 182, 138, 11, 49, 33, 160, 39, 29, 12, 0, 35, 109, 69, 189, 167, 184, 155, 84, 3, 70, 161, 15, 145, 195, 126, 13, 132, 169, 65, 188, 6, 150, 192, 147, 71, 67, 120, 98, 51, 125, 90, 191, 178, 10, 133, 44, 17, 100, 63, 102, 38, 27, 16, 197, 1, 24, 156, 42, 30, 198, 117, 151, 54, 31, 193, 164, 73, 136, 105, 190, 80, 46, 162, 175, 78, 142, 45, 5, 123, 177, 7, 61, 79, 91, 87, 82, 58, 77, 81, 153, 186, 163, 165, 127, 89, 103, 26, 180, 176, 88, 194, 166, 86, 110, 128, 181, 95, 130, 22, 179, 52, 172, 57, 66, 94, 154, 47, 148, 20, 59, 28, 101, 149, 4, 199, 140, 183, 174, 55, 18, 62, 124, 106, 143, 159, 119, 41, 111, 68, 8, 56, 104, 157, 171, 25, 158, 19]","{'distance': {'initial': 165916, 'final': 22857}, 'objective': {'initial': -141816, 'final': 19633}}",165916,22857,-141816,19633,24100,42490,165916,24100,-141816,22857,42490,147,TSPB
lab6,hae_op2_ls,85,2056187347,845.300914,True,,"[85, 134, 11, 145, 7, 41, 0, 71, 91, 43, 15, 101, 187, 65, 121, 182, 81, 176, 27, 66, 160, 140, 157, 110, 99, 189, 146, 152, 17, 115, 175, 199, 104, 78, 133, 183, 198, 102, 13, 82, 51, 5, 86, 70, 34, 161, 28, 3, 153, 53, 125, 132, 88, 144, 123, 180, 97, 38, 92, 142, 67, 155, 79, 47, 188, 151, 44, 57, 141, 19, 8, 72, 89, 59, 185, 22, 172, 120, 24, 83, 33, 74, 62, 150, 159, 147, 64, 163, 94, 127, 31, 55, 63, 128, 118, 14, 135, 60, 56, 48, 85]","[174, 183, 140, 199, 4, 149, 101, 28, 59, 20, 148, 47, 154, 94, 66, 57, 172, 52, 179, 22, 185, 95, 86, 166, 194, 88, 176, 180, 26, 103, 89, 127, 165, 163, 186, 153, 81, 77, 58, 82, 87, 91, 79, 61, 7, 78, 175, 162, 46, 80, 190, 105, 136, 45, 142, 5, 123, 177, 171, 25, 182, 138, 11, 139, 2, 85, 98, 51, 120, 67, 71, 191, 90, 125, 131, 121, 112, 19, 151, 54, 31, 73, 164, 193, 117, 198, 30, 42, 156, 24, 1, 197, 16, 27, 38, 102, 63, 100, 17, 44, 133, 10, 178, 115, 147, 192, 150, 6, 188, 65, 169, 132, 126, 13, 145, 15, 3, 161, 70, 84, 155, 184, 167, 189, 69, 109, 35, 0, 12, 39, 29, 49, 33, 160, 144, 56, 104, 8, 68, 111, 41, 119, 159, 143, 106, 124, 128, 110, 62, 18, 55, 174]","{'distance': {'initial': 165916, 'final': 22831}, 'objective': {'initial': -141816, 'final': 19688}}",165916,22831,-141816,19688,24100,42519,165916,24100,-141816,22831,42519,167,TSPB
lab6,hae_op3_ls,85,2056187347,846.762534,True,,"[85, 134, 11, 145, 7, 41, 0, 71, 91, 43, 15, 101, 187, 65, 121, 182, 81, 176, 27, 66, 160, 140, 157, 110, 99, 189, 146, 152, 17, 115, 175, 199, 104, 78, 133, 183, 198, 102, 13, 82, 51, 5, 86, 70, 34, 161, 28, 3, 153, 53, 125, 132, 88, 144, 123, 180, 97, 38, 92, 142, 67, 155, 79, 47, 188, 151, 44, 57, 141, 19, 8, 72, 89, 59, 185, 22, 172, 120, 24, 83, 33, 74, 62, 150, 159, 147, 64, 163, 94, 127, 31, 55, 63, 128, 118, 14, 135, 60, 56, 48, 85]","[78, 142, 45, 5, 7, 61, 79, 91, 141, 97, 77, 58, 82, 87, 8, 68, 111, 144, 56, 104, 157, 171, 177, 123, 25, 182, 138, 11, 49, 33, 160, 39, 29, 12, 0, 109, 35, 37, 41, 143, 159, 119, 153, 186, 163, 165, 127, 89, 103, 26, 180, 176, 88, 194, 166, 86, 110, 128, 124, 62, 18, 83, 181, 95, 185, 22, 179, 52, 172, 57, 66, 94, 154, 47, 148, 60, 23, 20, 59, 28, 101, 149, 4, 199, 140, 183, 174, 55, 34, 170, 152, 53, 184, 155, 167, 189, 145, 15, 3, 70, 161, 13, 126, 132, 169, 65, 188, 6, 150, 192, 147, 71, 67, 120, 51, 98, 116, 121, 112, 19, 131, 125, 90, 191, 178, 10, 133, 44, 17, 100, 63, 102, 38, 27, 16, 197, 1, 24, 156, 42, 30, 198, 117, 151, 54, 31, 193, 164, 73, 136, 105, 190, 80, 46, 162, 175, 78]","{'distance': {'initial': 165916, 'final': 23275}, 'objective': {'initial': -141816, 'final': 19894}}",165916,23275,-141816,19894,24100,43169,165916,24100,-141816,23275,43169,281,TSPB
lab6,hae_op2_no_ls,85,2056187347,846.825373,True,,"[85, 134, 11, 145, 7, 41, 0, 71, 91, 43, 15, 101, 187, 65, 121, 182, 81, 176, 27, 66, 160, 140, 157, 110, 99, 189, 146, 152, 17, 115, 175, 199, 104, 78, 133, 183, 198, 102, 13, 82, 51, 5, 86, 70, 34, 161, 28, 3, 153, 53, 125, 132, 88, 144, 123, 180, 97, 38, 92, 142, 67, 155, 79, 47, 188, 151, 44, 57, 141, 19, 8, 72, 89, 59, 185, 22, 172, 120, 24, 83, 33, 74, 62, 150, 159, 147, 64, 163, 94, 127, 31, 55, 63, 128, 118, 14, 135, 60, 56, 48, 85]","[194, 166, 86, 95, 185, 22, 179, 52, 172, 57, 66, 94, 154, 47, 148, 9, 199, 59, 28, 101, 149, 4, 140, 183, 174, 55, 18, 62, 110, 128, 124, 106, 143, 159, 119, 41, 111, 39, 29, 12, 0, 35, 109, 69, 189, 167, 184, 155, 84, 70, 161, 3, 15, 145, 13, 126, 132, 169, 65, 188, 6, 150, 192, 147, 71, 67, 120, 51, 125, 90, 191, 178, 10, 133, 44, 17, 100, 63, 102, 38, 27, 16, 197, 1, 24, 156, 42, 30, 198, 117, 193, 54, 31, 164, 73, 136, 105, 190, 80, 46, 162, 175, 78, 142, 45, 5, 7, 61, 79, 91, 177, 123, 25, 158, 112, 19, 151, 131, 121, 116, 98, 85, 2, 139, 182, 138, 11, 49, 33, 160, 144, 56, 104, 157, 171, 8, 68, 82, 87, 58, 77, 81, 153, 186, 163, 89, 165, 127, 137, 114, 103, 26, 180, 176, 88, 194]","{'distance': {'initial': 165916, 'final': 24382}, 'objective': {'initial': -141816, 'final': 19188}}",165916,24382,-141816,19188,24100,43570,165916,24100,-141816,24382,43570,385,TSPB
lab6,hae_op3_no_ls,85,2056187347,846.203251,True,,"[85, 134, 11, 145, 7, 41, 0, 71, 91, 43, 15, 101, 187, 65, 121, 182, 81, 176, 27, 66, 160, 140, 157, 110, 99, 189, 146, 152, 17, 115, 175, 199, 104, 78, 133, 183, 198, 102, 13, 82, 51, 5, 86, 70, 34, 161, 28, 3, 153, 53, 125, 132, 88, 144, 123, 180, 97, 38, 92, 142, 67, 155, 79, 47, 188, 151, 44, 57, 141, 19, 8, 72, 89, 59, 185, 22, 172, 120, 24, 83, 33, 74, 62, 150, 159, 147, 64, 163, 94, 127, 31, 55, 63, 128, 118, 14, 135, 60, 56, 48, 85]","[194, 166, 86, 95, 185, 22, 179, 52, 172, 57, 66, 94, 154, 47, 148, 9, 199, 59, 28, 101, 149, 4, 140, 183, 174, 55, 18, 62, 110, 128, 124, 106, 143, 159, 119, 41, 111, 68, 8, 56, 104, 157, 171, 177, 123, 25, 138, 182, 85, 2, 139, 11, 49, 33, 160, 39, 29, 12, 0, 35, 109, 69, 189, 167, 184, 155, 84, 70, 161, 3, 15, 145, 13, 126, 169, 65, 188, 6, 150, 192, 147, 71, 67, 120, 51, 98, 116, 121, 112, 19, 131, 125, 90, 191, 178, 10, 133, 44, 17, 100, 63, 102, 38, 27, 16, 197, 1, 24, 156, 42, 30, 198, 117, 151, 54, 193, 31, 164, 73, 136, 105, 190, 80, 46, 162, 175, 78, 142, 45, 5, 7, 61, 79, 91, 87, 82, 58, 77, 153, 186, 163, 89, 165, 127, 103, 26, 180, 176, 88, 194]","{'distance': {'initial': 165916, 'final': 23004}, 'objective': {'initial': -141816, 'final': 19558}}",165916,23004,-141816,19558,24100,42562,165916,24100,-141816,23004,42562,369,TSPB
lab6,ils,85,7147683,845.191976,True,,"[85, 2, 139, 182, 138, 11, 49, 33, 160, 144, 56, 104, 8, 68, 82, 87, 21, 61, 79, 91, 58, 77, 97, 153, 186, 163, 89, 165, 127, 103, 26, 180, 176, 88, 194, 166, 86, 110, 95, 185, 22, 179, 52, 172, 57, 66, 94, 154, 47, 148, 9, 199, 59, 28, 101, 149, 4, 140, 183, 174, 53, 184, 155, 189, 167, 34, 55, 18, 62, 128, 124, 106, 143, 159, 119, 41, 111, 37, 35, 109, 0, 12, 39, 29, 69, 145, 15, 3, 70, 161, 13, 126, 132, 169, 65, 188, 6, 150, 192, 147, 71, 67, 120, 125, 90, 191, 178, 10, 133, 44, 17, 100, 63, 96, 32, 102, 38, 27, 16, 197, 1, 24, 156, 42, 30, 198, 117, 151, 54, 31, 193, 164, 73, 136, 105, 190, 80, 46, 162, 45, 142, 175, 78, 5, 7, 177, 123, 171, 25, 158, 19, 112, 121, 116, 51, 98, 85]","[85, 2, 139, 182, 138, 11, 49, 33, 160, 144, 56, 104, 8, 68, 82, 87, 21, 61, 79, 91, 58, 77, 81, 153, 186, 163, 165, 127, 89, 103, 26, 180, 176, 88, 194, 166, 86, 110, 95, 185, 22, 179, 52, 172, 57, 66, 94, 154, 47, 148, 9, 199, 59, 28, 101, 149, 4, 140, 183, 174, 55, 18, 62, 128, 124, 106, 143, 159, 119, 41, 111, 37, 35, 109, 0, 12, 39, 29, 69, 189, 167, 184, 155, 84, 70, 161, 3, 15, 145, 195, 126, 13, 132, 169, 65, 188, 6, 150, 192, 147, 71, 67, 120, 51, 125, 90, 191, 178, 10, 133, 44, 17, 100, 63, 102, 38, 27, 16, 197, 1, 24, 156, 42, 30, 198, 117, 151, 54, 31, 193, 164, 73, 136, 105, 190, 80, 46, 162, 175, 78, 142, 45, 5, 7, 177, 123, 171, 25, 158, 19, 112, 121, 116, 98, 85]","{'distance': {'initial': 24169, 'final': 23150}, 'objective': {'initial': 0, 'final': 19572}}",24169,23150,0,19572,43172,42722,24169,43172,0,23150,42722,451,TSPB
lab6,lns,85,7147683,846.586936,True,,"[85, 192, 150, 6, 188, 65, 169, 132, 126, 13, 161, 70, 145, 15, 3, 84, 155, 189, 167, 184, 53, 174, 183, 140, 4, 149, 101, 28, 59, 199, 9, 148, 47, 154, 94, 66, 57, 22, 179, 172, 52, 166, 194, 88, 176, 180, 26, 103, 89, 127, 165, 163, 186, 153, 119, 106, 124, 128, 110, 62, 18, 55, 34, 143, 159, 41, 111, 37, 35, 109, 0, 12, 39, 29, 49, 11, 139, 182, 138, 33, 160, 144, 56, 104, 8, 68, 82, 58, 77, 97, 141, 91, 79, 61, 21, 87, 171, 25, 123, 177, 7, 78, 175, 142, 46, 162, 45, 5, 173, 73, 164, 54, 31, 193, 136, 105, 190, 80, 196, 42, 156, 16, 27, 38, 197, 1, 24, 198, 30, 117, 151, 19, 112, 121, 116, 125, 191, 90, 131, 135, 32, 102, 63, 100, 17, 44, 133, 10, 178, 71, 67, 120, 51, 98, 118, 74, 2, 85]","[85, 192, 150, 6, 188, 65, 169, 132, 126, 13, 145, 15, 3, 161, 70, 84, 155, 189, 167, 184, 53, 152, 170, 34, 55, 18, 62, 124, 128, 110, 86, 185, 22, 130, 95, 174, 183, 140, 199, 4, 149, 101, 28, 59, 20, 148, 47, 154, 94, 66, 57, 172, 179, 52, 166, 194, 88, 176, 180, 26, 103, 89, 127, 165, 163, 186, 153, 119, 159, 143, 41, 111, 68, 144, 56, 104, 8, 87, 82, 58, 77, 97, 141, 91, 79, 61, 7, 5, 45, 142, 78, 175, 162, 46, 80, 190, 105, 136, 73, 164, 193, 31, 54, 151, 117, 198, 30, 42, 156, 24, 1, 197, 16, 27, 38, 102, 63, 100, 17, 44, 133, 10, 178, 90, 125, 191, 71, 67, 120, 51, 98, 116, 121, 112, 19, 158, 25, 123, 177, 171, 157, 182, 138, 33, 160, 39, 12, 0, 35, 109, 29, 49, 11, 139, 2, 85]","{'distance': {'initial': 25798, 'final': 23436}, 'objective': {'initial': 0, 'final': 19555}}",25798,23436,0,19555,43197,42991,25798,43197,0,23436,42991,232,TSPB
lab6,hae_op1_ls,85,7147683,845.125527,True,,"[85, 159, 6, 122, 1, 41, 142, 193, 61, 83, 178, 64, 125, 110, 52, 9, 148, 184, 111, 79, 57, 102, 35, 190, 51, 21, 103, 186, 0, 11, 2, 176, 106, 120, 18, 109, 66, 137, 42, 59, 26, 96, 70, 157, 97, 98, 8, 146, 40, 160, 89, 199, 124, 39, 82, 136, 80, 196, 38, 71, 14, 180, 32, 112, 135, 151, 99, 153, 58, 152, 189, 131, 88, 62, 116, 24, 31, 107, 161, 48, 170, 143, 12, 173, 5, 181, 67, 87, 65, 93, 15, 154, 155, 17, 156, 23, 149, 172, 92, 163, 85]","[140, 183, 174, 55, 18, 62, 128, 124, 106, 143, 159, 119, 41, 111, 68, 8, 56, 104, 157, 171, 177, 123, 25, 182, 138, 11, 49, 33, 160, 39, 29, 12, 0, 35, 109, 69, 189, 167, 184, 155, 84, 3, 70, 161, 15, 145, 195, 126, 13, 132, 169, 65, 188, 6, 150, 192, 85, 2, 74, 118, 98, 51, 120, 67, 71, 191, 125, 90, 178, 10, 133, 44, 17, 100, 63, 96, 32, 102, 38, 27, 16, 197, 1, 24, 156, 42, 30, 198, 117, 193, 164, 31, 54, 151, 131, 121, 112, 19, 73, 136, 105, 190, 80, 46, 162, 175, 78, 142, 45, 5, 7, 61, 79, 91, 87, 82, 58, 77, 50, 14, 81, 153, 186, 163, 89, 165, 127, 137, 114, 103, 26, 180, 176, 88, 194, 166, 86, 110, 95, 130, 22, 179, 52, 172, 57, 66, 94, 154, 47, 148, 20, 59, 28, 101, 149, 4, 199, 140]","{'distance': {'initial': 154819, 'final': 23551}, 'objective': {'initial': -130694, 'final': 19673}}",154819,23551,-130694,19673,24125,43224,154819,24125,-130694,23551,43224,143,TSPB
lab6,hae_op2_ls,85,7147683,846.3231,True,,"[85, 159, 6, 122, 1, 41, 142, 193, 61, 83, 178, 64, 125, 110, 52, 9, 148, 184, 111, 79, 57, 102, 35, 190, 51, 21, 103, 186, 0, 11, 2, 176, 106, 120, 18, 109, 66, 137, 42, 59, 26, 96, 70, 157, 97, 98, 8, 146, 40, 160, 89, 199, 124, 39, 82, 136, 80, 196, 38, 71, 14, 180, 32, 112, 135, 151, 99, 153, 58, 152, 189, 131, 88, 62, 116, 24, 31, 107, 161, 48, 170, 143, 12, 173, 5, 181, 67, 87, 65, 93, 15, 154, 155, 17, 156, 23, 149, 172, 92, 163, 85]","[49, 11, 139, 2, 43, 168, 195, 126, 13, 145, 15, 3, 70, 161, 132, 169, 65, 188, 6, 150, 192, 147, 71, 67, 120, 98, 51, 125, 90, 191, 178, 10, 133, 44, 17, 100, 63, 102, 38, 27, 16, 197, 1, 24, 156, 42, 30, 198, 117, 193, 31, 164, 73, 54, 151, 19, 112, 121, 116, 158, 25, 123, 177, 5, 45, 136, 105, 190, 80, 46, 162, 175, 78, 142, 7, 61, 79, 91, 141, 97, 77, 58, 82, 87, 171, 157, 182, 138, 104, 56, 8, 68, 111, 41, 143, 159, 119, 153, 186, 163, 165, 127, 89, 103, 26, 180, 176, 88, 194, 166, 86, 110, 128, 124, 62, 18, 55, 174, 183, 140, 199, 9, 95, 185, 22, 179, 52, 172, 57, 66, 94, 154, 47, 148, 20, 59, 28, 101, 149, 4, 53, 184, 155, 167, 189, 69, 109, 35, 0, 12, 29, 39, 160, 33, 49]","{'distance': {'initial': 154819, 'final': 23410}, 'objective': {'initial': -130694, 'final': 19622}}",154819,23410,-130694,19622,24125,43032,154819,24125,-130694,23410,43032,166,TSPB
lab6,hae_op3_ls,85,7147683,845.985225,True,,"[85, 159, 6, 122, 1, 41, 142, 193, 61, 83, 178, 64, 125, 110, 52, 9, 148, 184, 111, 79, 57, 102, 35, 190, 51, 21, 103, 186, 0, 11, 2, 176, 106, 120, 18, 109, 66, 137, 42, 59, 26, 96, 70, 157, 97, 98, 8, 146, 40, 160, 89, 199, 124, 39, 82, 136, 80, 196, 38, 71, 14, 180, 32, 112, 135, 151, 99, 153, 58, 152, 189, 131, 88, 62, 116, 24, 31, 107, 161, 48, 170, 143, 12, 173, 5, 181, 67, 87, 65, 93, 15, 154, 155, 17, 156, 23, 149, 172, 92, 163, 85]","[95, 110, 86, 166, 194, 88, 176, 180, 26, 103, 89, 127, 165, 163, 186, 153, 81, 77, 58, 82, 87, 91, 79, 61, 7, 5, 45, 142, 78, 175, 162, 46, 80, 190, 105, 136, 73, 164, 193, 31, 54, 151, 117, 198, 30, 42, 156, 24, 1, 197, 16, 27, 38, 102, 63, 100, 17, 44, 133, 10, 178, 115, 147, 192, 150, 6, 188, 65, 169, 132, 126, 13, 161, 70, 3, 15, 145, 189, 167, 69, 109, 35, 0, 12, 29, 39, 160, 33, 49, 138, 182, 11, 139, 2, 85, 98, 51, 120, 67, 71, 191, 90, 125, 131, 121, 112, 19, 158, 25, 123, 177, 171, 157, 104, 56, 8, 68, 111, 41, 119, 159, 143, 106, 124, 128, 62, 18, 55, 174, 183, 140, 199, 4, 149, 101, 28, 59, 20, 23, 60, 148, 47, 154, 94, 66, 57, 172, 52, 179, 22, 185, 95]","{'distance': {'initial': 154819, 'final': 22489}, 'objective': {'initial': -130694, 'final': 20035}}",154819,22489,-130694,20035,24125,42524,154819,24125,-130694,22489,42524,287,TSPB
lab6,hae_op2_no_ls,85,7147683,845.887946,True,,"[85, 159, 6, 122, 1, 41, 142, 193, 61, 83, 178, 64, 125, 110, 52, 9, 148, 184, 111, 79, 57, 102, 35, 190, 51, 21, 103, 186, 0, 11, 2, 176, 106, 120, 18, 109, 66, 137, 42, 59, 26, 96, 70, 157, 97, 98, 8, 146, 40, 160, 89, 199, 124, 39, 82, 136, 80, 196, 38, 71, 14, 180, 32, 112, 135, 151, 99, 153, 58, 152, 189, 131, 88, 62, 116, 24, 31, 107, 161, 48, 170, 143, 12, 173, 5, 181, 67, 87, 65, 93, 15, 154, 155, 17, 156, 23, 149, 172, 92, 163, 85]","[136, 105, 190, 80, 46, 162, 142, 175, 78, 7, 61, 79, 91, 87, 82, 58, 77, 50, 14, 41, 143, 159, 119, 153, 186, 163, 165, 127, 89, 103, 26, 180, 176, 88, 194, 166, 86, 110, 128, 124, 62, 18, 55, 174, 183, 140, 9, 95, 185, 22, 179, 52, 172, 57, 66, 94, 154, 47, 148, 60, 23, 20, 59, 199, 28, 101, 149, 4, 53, 184, 155, 167, 189, 3, 70, 161, 15, 145, 13, 126, 132, 169, 65, 188, 6, 150, 192, 147, 71, 67, 120, 191, 90, 125, 131, 122, 133, 44, 17, 100, 63, 96, 32, 102, 38, 27, 16, 197, 1, 24, 156, 42, 30, 198, 117, 193, 31, 164, 73, 54, 151, 19, 112, 121, 116, 51, 98, 118, 74, 85, 2, 139, 11, 182, 138, 49, 33, 160, 39, 29, 12, 0, 109, 35, 37, 111, 68, 8, 56, 104, 157, 171, 25, 123, 177, 5, 45, 136]","{'distance': {'initial': 154819, 'final': 24219}, 'objective': {'initial': -130694, 'final': 19186}}",154819,24219,-130694,19186,24125,43405,154819,24125,-130694,24219,43405,379,TSPB
lab6,hae_op3_no_ls,85,7147683,846.411619,True,,"[85, 159, 6, 122, 1, 41, 142, 193, 61, 83, 178, 64, 125, 110, 52, 9, 148, 184, 111, 79, 57, 102, 35, 190, 51, 21, 103, 186, 0, 11, 2, 176, 106, 120, 18, 109, 66, 137, 42, 59, 26, 96, 70, 157, 97, 98, 8, 146, 40, 160, 89, 199, 124, 39, 82, 136, 80, 196, 38, 71, 14, 180, 32, 112, 135, 151, 99, 153, 58, 152, 189, 131, 88, 62, 116, 24, 31, 107, 161, 48, 170, 143, 12, 173, 5, 181, 67, 87, 65, 93, 15, 154, 155, 17, 156, 23, 149, 172, 92, 163, 85]","[191, 90, 125, 116, 121, 112, 19, 158, 25, 177, 7, 5, 45, 142, 78, 175, 162, 46, 80, 190, 105, 136, 73, 164, 193, 31, 54, 151, 117, 198, 30, 42, 156, 24, 1, 197, 16, 27, 38, 102, 63, 100, 17, 44, 133, 10, 178, 147, 192, 150, 6, 188, 65, 169, 132, 126, 13, 145, 15, 3, 161, 70, 84, 155, 184, 167, 189, 69, 109, 35, 0, 12, 39, 29, 49, 33, 160, 144, 56, 104, 8, 68, 111, 41, 119, 159, 143, 124, 128, 62, 55, 34, 174, 183, 140, 199, 4, 149, 101, 28, 59, 148, 47, 154, 94, 66, 57, 172, 52, 179, 22, 185, 95, 110, 86, 166, 194, 88, 176, 180, 26, 103, 89, 127, 165, 163, 186, 153, 81, 97, 77, 58, 82, 91, 79, 61, 87, 171, 157, 138, 182, 11, 139, 2, 85, 98, 51, 120, 67, 71, 191]","{'distance': {'initial': 154819, 'final': 23129}, 'objective': {'initial': -130694, 'final': 19218}}",154819,23129,-130694,19218,24125,42347,154819,24125,-130694,23129,42347,370,TSPB
