lab,solver,start_node,seed,time_ms,is_valid,error_message,initial_path,path,metrics,initial_distance,final_distance,initial_objective,final_objective,initial_profit,final_profit,phase1_distance,phase1_profit,phase1_objective,phase2_distance,phase2_profit,perturbations,instance
lab7,msls,85,668058399,101.14313,True,,"[156, 18, 41, 60, 13, 169, 190, 178, 168, 96, 52, 159, 27, 170, 5, 110, 47, 101, 175, 34, 61, 83, 122, 117, 19, 53, 68, 90, 82, 163, 181, 118, 84, 160, 154, 183, 23, 185, 12, 199, 192, 197, 26, 32, 141, 28, 55, 10, 157, 128, 130, 58, 75, 63, 103, 166, 39, 148, 30, 135, 64, 114, 171, 107, 38, 3, 62, 113, 87, 78, 120, 99, 115, 132, 77, 11, 125, 51, 0, 143, 129, 161, 1, 116, 105, 198, 35, 153, 173, 17, 136, 186, 134, 188, 72, 104, 164, 50, 73, 149, 156]","[156, 126, 112, 4, 84, 11, 166, 28, 184, 104, 147, 54, 30, 48, 160, 192, 42, 5, 96, 41, 193, 159, 199, 18, 69, 108, 67, 163, 110, 191, 139, 198, 46, 68, 140, 93, 117, 170, 0, 153, 183, 89, 76, 23, 186, 114, 64, 15, 148, 111, 167, 33, 37, 9, 62, 61, 144, 155, 102, 49, 178, 3, 32, 138, 21, 7, 164, 58, 71, 27, 107, 90, 39, 165, 8, 119, 40, 185, 179, 91, 169, 196, 17, 157, 188, 56, 13, 31, 168, 145, 78, 82, 44, 120, 2, 87, 125, 74, 152, 97, 1, 150, 101, 26, 100, 121, 99, 189, 19, 124, 12, 130, 94, 63, 182, 136, 53, 158, 180, 173, 6, 194, 161, 162, 72, 109, 51, 66, 141, 60, 118, 59, 116, 105, 65, 47, 77, 131, 149, 24, 29, 156]","{'distance': {'initial': 22119, 'final': 22119}, 'objective': {'initial': 0, 'final': 7438}}",22119,22119,0,7438,29557,29557,22119,29557,0,22119,29557,200,TSPA
lab7,hae_op2_ls,85,668058399,105.11104,True,,"[85, 156, 46, 10, 177, 2, 99, 163, 76, 127, 25, 167, 27, 22, 33, 192, 54, 61, 24, 50, 100, 194, 62, 172, 8, 41, 72, 118, 66, 198, 19, 134, 125, 112, 170, 171, 109, 147, 175, 158, 51, 65, 150, 6, 146, 91, 105, 97, 35, 40, 197, 39, 94, 126, 23, 195, 55, 95, 142, 7, 59, 129, 77, 191, 113, 48, 123, 70, 87, 117, 58, 18, 188, 88, 148, 138, 104, 26, 186, 140, 184, 52, 92, 137, 131, 124, 187, 89, 16, 28, 135, 44, 36, 17, 82, 9, 132, 71, 160, 0, 85]","[191, 110, 163, 69, 108, 67, 36, 140, 93, 68, 46, 60, 118, 59, 72, 109, 51, 141, 66, 176, 137, 23, 76, 183, 89, 83, 114, 64, 15, 9, 62, 61, 144, 155, 102, 49, 32, 138, 8, 185, 40, 119, 165, 39, 95, 7, 164, 58, 71, 27, 107, 90, 174, 187, 81, 169, 196, 17, 157, 188, 56, 13, 31, 168, 145, 78, 25, 44, 120, 82, 92, 179, 91, 55, 52, 106, 178, 3, 128, 167, 33, 37, 148, 111, 124, 12, 130, 94, 189, 19, 152, 74, 125, 87, 150, 101, 1, 97, 26, 100, 99, 121, 182, 136, 53, 158, 180, 173, 6, 194, 161, 24, 149, 131, 47, 65, 116, 105, 77, 166, 28, 184, 11, 35, 126, 29, 156, 112, 4, 190, 10, 177, 104, 147, 54, 30, 48, 160, 192, 181, 103, 146, 195, 159, 193, 41, 96, 115, 198, 139, 191]","{'distance': {'initial': 187943, 'final': 23203}, 'objective': {'initial': -170548, 'final': 8066}}",187943,23203,-170548,8066,17395,31269,187943,17395,-170548,23203,31269,200,TSPA
lab7,imhae_2,85,668058399,105.401837,True,,"[85, 156, 46, 10, 177, 2, 99, 163, 76, 127, 25, 167, 27, 22, 33, 192, 54, 61, 24, 50, 100, 194, 62, 172, 8, 41, 72, 118, 66, 198, 19, 134, 125, 112, 170, 171, 109, 147, 175, 158, 51, 65, 150, 6, 146, 91, 105, 97, 35, 40, 197, 39, 94, 126, 23, 195, 55, 95, 142, 7, 59, 129, 77, 191, 113, 48, 123, 70, 87, 117, 58, 18, 188, 88, 148, 138, 104, 26, 186, 140, 184, 52, 92, 137, 131, 124, 187, 89, 16, 28, 135, 44, 36, 17, 82, 9, 132, 71, 160, 0, 85]","[191, 110, 163, 69, 108, 67, 36, 140, 93, 68, 46, 60, 118, 59, 72, 109, 51, 141, 66, 176, 137, 23, 76, 183, 89, 83, 114, 64, 15, 9, 62, 61, 144, 155, 102, 49, 32, 138, 8, 185, 40, 119, 165, 39, 95, 7, 164, 58, 71, 27, 107, 90, 174, 187, 81, 169, 196, 17, 157, 188, 56, 13, 31, 168, 145, 78, 25, 44, 120, 82, 92, 179, 91, 55, 52, 106, 178, 3, 128, 167, 33, 37, 148, 111, 124, 12, 130, 94, 189, 19, 152, 74, 125, 87, 150, 101, 1, 97, 26, 100, 99, 121, 182, 136, 53, 158, 180, 173, 6, 194, 161, 24, 149, 131, 47, 65, 116, 105, 77, 166, 28, 184, 11, 35, 126, 29, 156, 112, 4, 190, 10, 177, 104, 147, 54, 30, 48, 160, 192, 181, 103, 146, 195, 159, 193, 41, 96, 115, 198, 139, 191]","{'distance': {'initial': 187943, 'final': 23203}, 'objective': {'initial': -170548, 'final': 8066}}",187943,23203,-170548,8066,17395,31269,187943,17395,-170548,23203,31269,424,TSPA
lab7,imhae_4,85,668058399,105.215069,True,,"[85, 1, 8, 156, 39, 175, 38, 96, 139, 24, 83, 66, 182, 117, 112, 142, 158, 86, 29, 46, 33, 116, 37, 69, 120, 129, 153, 0, 183, 95, 157, 57, 159, 110, 53, 166, 67, 126, 89, 12, 148, 44, 90, 34, 54, 149, 88, 17, 76, 163, 181, 25, 131, 91, 165, 70, 4, 154, 191, 68, 127, 3, 31, 104, 74, 179, 197, 81, 109, 189, 196, 130, 161, 118, 11, 145, 36, 45, 143, 188, 170, 107, 193, 124, 141, 84, 100, 160, 42, 113, 192, 178, 20, 115, 172, 2, 111, 122, 162, 184, 85]","[165, 119, 40, 185, 8, 138, 32, 49, 102, 155, 144, 64, 114, 15, 61, 62, 9, 33, 37, 148, 167, 111, 124, 94, 130, 12, 176, 66, 141, 51, 109, 72, 59, 118, 60, 46, 68, 93, 140, 36, 67, 108, 69, 163, 110, 139, 191, 41, 193, 159, 22, 146, 103, 181, 192, 160, 48, 30, 54, 147, 104, 177, 10, 190, 4, 112, 156, 29, 126, 35, 11, 184, 28, 166, 77, 105, 116, 65, 47, 131, 149, 24, 161, 194, 6, 173, 180, 158, 53, 136, 182, 121, 99, 189, 19, 100, 26, 101, 150, 1, 97, 152, 74, 125, 87, 2, 82, 120, 44, 25, 78, 145, 179, 91, 168, 31, 13, 56, 188, 157, 17, 196, 169, 81, 187, 174, 90, 107, 27, 71, 58, 164, 7, 95, 39, 165]","{'distance': {'initial': 164989, 'final': 20834}, 'objective': {'initial': -148358, 'final': 8233}}",164989,20834,-148358,8233,16631,29067,164989,16631,-148358,20834,29067,1183,TSPA
lab7,imhae_6,85,668058399,105.437827,True,,"[85, 188, 56, 113, 171, 88, 16, 25, 44, 120, 82, 2, 87, 1, 150, 101, 97, 26, 100, 99, 121, 182, 136, 53, 158, 180, 173, 6, 194, 133, 151, 51, 109, 141, 60, 118, 59, 65, 116, 105, 77, 131, 149, 72, 162, 161, 24, 29, 156, 126, 112, 4, 84, 11, 166, 28, 184, 104, 147, 54, 30, 48, 160, 192, 181, 103, 146, 22, 20, 18, 69, 108, 67, 163, 159, 193, 41, 96, 115, 198, 46, 68, 140, 93, 117, 170, 0, 153, 183, 89, 76, 23, 83, 114, 64, 15, 33, 37, 148, 12, 130, 124, 94, 189, 19, 152, 74, 111, 167, 128, 178, 3, 32, 138, 14, 155, 49, 102, 62, 9, 61, 144, 132, 21, 7, 164, 58, 71, 27, 107, 90, 39, 165, 8, 185, 40, 119, 174, 187, 81, 196, 169, 91, 179, 145, 78, 168, 157, 31, 13, 85]","[85, 188, 157, 17, 196, 169, 81, 187, 174, 90, 107, 27, 71, 58, 164, 7, 95, 39, 165, 8, 119, 40, 185, 106, 178, 3, 32, 138, 14, 155, 144, 102, 49, 128, 167, 111, 124, 94, 130, 12, 148, 37, 33, 9, 62, 61, 15, 64, 114, 186, 23, 76, 89, 183, 153, 0, 170, 117, 93, 140, 36, 67, 108, 69, 163, 110, 191, 139, 198, 46, 115, 96, 41, 193, 159, 22, 146, 103, 181, 192, 160, 48, 30, 54, 147, 104, 177, 10, 190, 4, 112, 126, 156, 29, 24, 149, 131, 11, 184, 28, 166, 77, 105, 116, 65, 59, 118, 60, 141, 66, 51, 109, 72, 162, 161, 194, 6, 173, 180, 158, 53, 136, 182, 121, 99, 189, 19, 100, 26, 101, 150, 1, 97, 152, 74, 125, 87, 2, 82, 120, 44, 25, 78, 145, 179, 91, 168, 16, 88, 171, 113, 56, 13, 31, 85]","{'distance': {'initial': 25181, 'final': 23365}, 'objective': {'initial': 0, 'final': 8329}}",25181,23365,0,8329,31591,31694,25181,31591,0,23365,31694,2380,TSPA
lab7,imhae_8,85,668058399,105.722074,True,,"[85, 188, 56, 113, 171, 88, 16, 25, 44, 120, 82, 2, 87, 1, 150, 101, 97, 26, 100, 99, 121, 182, 136, 53, 158, 180, 173, 6, 194, 133, 151, 51, 109, 141, 60, 118, 59, 65, 116, 105, 77, 131, 149, 72, 162, 161, 24, 29, 156, 126, 112, 4, 84, 11, 166, 28, 184, 104, 147, 54, 30, 48, 160, 192, 181, 103, 146, 22, 20, 18, 69, 108, 67, 163, 159, 193, 41, 96, 115, 198, 46, 68, 140, 93, 117, 170, 0, 153, 183, 89, 76, 23, 83, 114, 64, 15, 33, 37, 148, 12, 130, 124, 94, 189, 19, 152, 74, 111, 167, 128, 178, 3, 32, 138, 14, 155, 49, 102, 62, 9, 61, 144, 132, 21, 7, 164, 58, 71, 27, 107, 90, 39, 165, 8, 185, 40, 119, 174, 187, 81, 196, 169, 91, 179, 145, 78, 168, 157, 31, 13, 85]","[85, 188, 157, 17, 196, 169, 81, 187, 174, 90, 107, 27, 71, 58, 164, 7, 95, 39, 165, 8, 119, 40, 185, 106, 178, 3, 32, 138, 14, 155, 144, 102, 49, 128, 167, 111, 124, 94, 130, 12, 148, 37, 33, 9, 62, 61, 15, 64, 114, 186, 23, 76, 89, 183, 153, 0, 170, 117, 93, 140, 36, 67, 108, 69, 163, 110, 191, 139, 198, 46, 115, 96, 41, 193, 159, 22, 146, 103, 181, 192, 160, 48, 30, 54, 147, 104, 177, 10, 190, 4, 112, 126, 156, 29, 24, 149, 131, 11, 184, 28, 166, 77, 105, 116, 65, 59, 118, 60, 141, 66, 51, 109, 72, 162, 161, 194, 6, 173, 180, 158, 53, 136, 182, 121, 99, 189, 19, 100, 26, 101, 150, 1, 97, 152, 74, 125, 87, 2, 82, 120, 44, 25, 78, 145, 179, 91, 168, 16, 88, 171, 113, 56, 13, 31, 85]","{'distance': {'initial': 25181, 'final': 23365}, 'objective': {'initial': 0, 'final': 8329}}",25181,23365,0,8329,31591,31694,25181,31591,0,23365,31694,3321,TSPA
lab7,imhae_12,85,668058399,105.673074,True,,"[85, 188, 56, 113, 171, 88, 16, 25, 44, 120, 82, 2, 87, 1, 150, 101, 97, 26, 100, 99, 121, 182, 136, 53, 158, 180, 173, 6, 194, 133, 151, 51, 109, 141, 60, 118, 59, 65, 116, 105, 77, 131, 149, 72, 162, 161, 24, 29, 156, 126, 112, 4, 84, 11, 166, 28, 184, 104, 147, 54, 30, 48, 160, 192, 181, 103, 146, 22, 20, 18, 69, 108, 67, 163, 159, 193, 41, 96, 115, 198, 46, 68, 140, 93, 117, 170, 0, 153, 183, 89, 76, 23, 83, 114, 64, 15, 33, 37, 148, 12, 130, 124, 94, 189, 19, 152, 74, 111, 167, 128, 178, 3, 32, 138, 14, 155, 49, 102, 62, 9, 61, 144, 132, 21, 7, 164, 58, 71, 27, 107, 90, 39, 165, 8, 185, 40, 119, 174, 187, 81, 196, 169, 91, 179, 145, 78, 168, 157, 31, 13, 85]","[85, 188, 157, 17, 196, 169, 81, 187, 174, 90, 107, 27, 71, 58, 164, 7, 95, 39, 165, 8, 119, 40, 185, 106, 178, 3, 32, 138, 14, 155, 144, 102, 49, 128, 167, 111, 124, 94, 130, 12, 148, 37, 33, 9, 62, 61, 15, 64, 114, 186, 23, 76, 89, 183, 153, 0, 170, 117, 93, 140, 36, 67, 108, 69, 163, 110, 191, 139, 198, 46, 115, 96, 41, 193, 159, 22, 146, 103, 181, 192, 160, 48, 30, 54, 147, 104, 177, 10, 190, 4, 112, 126, 156, 29, 24, 149, 131, 11, 184, 28, 166, 77, 105, 116, 65, 59, 118, 60, 141, 66, 51, 109, 72, 162, 161, 194, 6, 173, 180, 158, 53, 136, 182, 121, 99, 189, 19, 100, 26, 101, 150, 1, 97, 152, 74, 125, 87, 2, 82, 120, 44, 25, 78, 145, 179, 91, 168, 16, 88, 171, 113, 56, 13, 31, 85]","{'distance': {'initial': 25181, 'final': 23365}, 'objective': {'initial': 0, 'final': 8329}}",25181,23365,0,8329,31591,31694,25181,31591,0,23365,31694,3289,TSPA
lab7,msls,85,1130317502,99.899572,True,,"[25, 99, 188, 6, 149, 173, 103, 30, 10, 16, 56, 44, 77, 125, 111, 109, 176, 24, 181, 163, 138, 52, 172, 2, 90, 82, 114, 97, 98, 87, 66, 65, 47, 57, 42, 106, 67, 155, 140, 32, 136, 175, 75, 195, 51, 14, 178, 147, 69, 144, 48, 160, 53, 154, 27, 41, 166, 183, 139, 1, 89, 12, 15, 198, 122, 34, 146, 100, 28, 190, 5, 131, 104, 11, 19, 108, 105, 86, 135, 39, 126, 169, 128, 80, 83, 142, 185, 96, 174, 179, 191, 22, 165, 115, 92, 153, 9, 162, 29, 120, 25]","[25, 44, 120, 82, 2, 87, 125, 74, 152, 167, 111, 124, 12, 130, 94, 189, 19, 97, 1, 150, 101, 26, 100, 99, 121, 182, 136, 53, 158, 180, 173, 6, 194, 161, 162, 72, 109, 51, 66, 141, 60, 118, 59, 65, 116, 105, 77, 166, 11, 35, 29, 156, 126, 112, 4, 190, 10, 177, 104, 147, 54, 30, 48, 184, 28, 160, 192, 181, 103, 146, 22, 159, 193, 41, 96, 115, 198, 46, 68, 139, 191, 110, 163, 69, 108, 67, 36, 140, 93, 117, 170, 0, 153, 183, 89, 76, 23, 83, 114, 64, 15, 9, 62, 61, 144, 155, 14, 138, 32, 3, 178, 106, 8, 165, 119, 40, 185, 91, 179, 145, 78, 168, 196, 169, 174, 187, 81, 17, 157, 188, 85, 31, 13, 56, 113, 171, 88, 16, 25]","{'distance': {'initial': 21473, 'final': 21473}, 'objective': {'initial': 0, 'final': 7490}}",21473,21473,0,7490,28963,28963,21473,28963,0,21473,28963,200,TSPA
lab7,hae_op2_ls,85,1130317502,105.314688,True,,"[85, 147, 193, 34, 121, 74, 186, 66, 160, 178, 90, 33, 133, 138, 108, 48, 176, 191, 172, 139, 185, 2, 41, 6, 18, 151, 167, 153, 117, 22, 143, 4, 146, 23, 35, 115, 49, 21, 13, 50, 144, 46, 81, 148, 173, 130, 163, 140, 44, 69, 194, 15, 9, 10, 110, 73, 184, 179, 136, 109, 137, 196, 181, 12, 58, 129, 156, 165, 161, 166, 103, 54, 169, 64, 67, 125, 126, 124, 84, 3, 30, 145, 36, 91, 120, 187, 155, 116, 31, 19, 32, 28, 92, 82, 192, 188, 60, 76, 100, 119, 85]","[8, 165, 39, 95, 7, 164, 58, 71, 27, 107, 90, 174, 187, 81, 169, 196, 17, 157, 188, 85, 31, 13, 56, 113, 171, 88, 16, 168, 91, 179, 145, 78, 25, 44, 120, 82, 129, 172, 167, 111, 124, 12, 130, 94, 189, 19, 152, 74, 125, 87, 1, 150, 101, 97, 26, 100, 99, 121, 182, 136, 53, 158, 180, 173, 6, 194, 161, 162, 72, 109, 51, 66, 141, 60, 118, 59, 65, 116, 105, 77, 131, 149, 24, 29, 156, 126, 112, 4, 84, 11, 166, 28, 184, 104, 147, 54, 30, 48, 160, 192, 181, 103, 146, 195, 159, 193, 41, 96, 115, 198, 46, 68, 140, 93, 117, 170, 0, 153, 183, 89, 76, 23, 186, 114, 64, 15, 9, 62, 61, 144, 155, 102, 49, 138, 32, 3, 178, 106, 185, 40, 119, 8]","{'distance': {'initial': 175984, 'final': 21495}, 'objective': {'initial': -156636, 'final': 8119}}",175984,21495,-156636,8119,19348,29614,175984,19348,-156636,21495,29614,239,TSPA
lab7,imhae_2,85,1130317502,105.399886,True,,"[85, 62, 187, 32, 91, 104, 157, 155, 19, 177, 12, 53, 59, 42, 55, 3, 148, 174, 75, 124, 128, 48, 119, 161, 146, 40, 107, 113, 165, 125, 6, 195, 0, 82, 127, 105, 74, 28, 83, 121, 37, 176, 151, 178, 108, 16, 50, 136, 154, 15, 81, 35, 199, 41, 63, 188, 132, 66, 86, 39, 143, 120, 46, 164, 30, 58, 134, 145, 126, 156, 13, 92, 94, 110, 133, 140, 54, 198, 25, 34, 152, 158, 72, 96, 191, 180, 51, 43, 56, 93, 166, 173, 162, 130, 135, 182, 117, 123, 61, 160, 85]","[104, 147, 54, 30, 48, 160, 192, 181, 103, 146, 195, 159, 193, 41, 96, 115, 198, 46, 68, 163, 69, 108, 67, 36, 140, 93, 117, 170, 0, 153, 183, 89, 76, 23, 186, 114, 64, 15, 61, 62, 9, 33, 37, 148, 12, 130, 94, 124, 111, 167, 128, 49, 102, 144, 155, 14, 138, 32, 3, 178, 106, 185, 40, 119, 8, 165, 39, 27, 107, 90, 174, 187, 81, 196, 169, 91, 179, 145, 168, 157, 188, 56, 13, 31, 78, 25, 44, 120, 82, 2, 87, 125, 74, 152, 1, 150, 101, 97, 26, 100, 19, 189, 99, 121, 182, 136, 53, 158, 180, 173, 6, 194, 161, 162, 72, 109, 51, 66, 141, 60, 118, 59, 65, 116, 105, 77, 131, 149, 24, 29, 156, 126, 112, 4, 84, 11, 166, 28, 184, 104]","{'distance': {'initial': 168458, 'final': 21244}, 'objective': {'initial': -151364, 'final': 8144}}",168458,21244,-151364,8144,17094,29388,168458,17094,-151364,21244,29388,414,TSPA
lab7,imhae_4,85,1130317502,105.463106,True,,"[85, 142, 131, 169, 66, 42, 72, 104, 43, 61, 198, 157, 86, 83, 89, 33, 93, 97, 187, 180, 171, 22, 73, 106, 19, 2, 80, 156, 0, 71, 32, 195, 121, 16, 113, 39, 50, 94, 114, 120, 82, 41, 151, 109, 136, 193, 1, 186, 49, 95, 62, 150, 27, 134, 4, 146, 119, 8, 37, 139, 40, 135, 153, 199, 123, 143, 60, 54, 69, 147, 59, 70, 63, 188, 164, 12, 17, 77, 87, 24, 161, 178, 174, 10, 98, 58, 90, 159, 99, 176, 107, 152, 197, 160, 125, 92, 96, 162, 189, 56, 85]","[1, 150, 101, 26, 100, 19, 189, 99, 121, 182, 136, 53, 158, 180, 173, 6, 194, 161, 24, 149, 131, 47, 65, 116, 105, 77, 166, 28, 184, 11, 35, 126, 29, 156, 112, 4, 190, 10, 177, 104, 147, 54, 30, 48, 160, 192, 181, 103, 146, 195, 159, 193, 41, 96, 115, 198, 139, 191, 110, 163, 69, 108, 67, 36, 140, 93, 68, 46, 60, 118, 59, 72, 109, 51, 141, 66, 176, 137, 23, 186, 114, 64, 15, 61, 62, 9, 33, 37, 148, 12, 130, 94, 124, 111, 167, 128, 49, 102, 144, 155, 14, 138, 32, 3, 178, 106, 185, 40, 119, 8, 165, 39, 27, 107, 90, 174, 187, 81, 169, 196, 17, 157, 188, 56, 13, 31, 168, 91, 179, 145, 78, 25, 44, 120, 82, 2, 87, 125, 74, 152, 97, 1]","{'distance': {'initial': 158941, 'final': 21283}, 'objective': {'initial': -141591, 'final': 8302}}",158941,21283,-141591,8302,17350,29585,158941,17350,-141591,21283,29585,1165,TSPA
lab7,imhae_6,85,1130317502,105.396947,True,,"[85, 142, 131, 169, 66, 42, 72, 104, 43, 61, 198, 157, 86, 83, 89, 33, 93, 97, 187, 180, 171, 22, 73, 106, 19, 2, 80, 156, 0, 71, 32, 195, 121, 16, 113, 39, 50, 94, 114, 120, 82, 41, 151, 109, 136, 193, 1, 186, 49, 95, 62, 150, 27, 134, 4, 146, 119, 8, 37, 139, 40, 135, 153, 199, 123, 143, 60, 54, 69, 147, 59, 70, 63, 188, 164, 12, 17, 77, 87, 24, 161, 178, 174, 10, 98, 58, 90, 159, 99, 176, 107, 152, 197, 160, 125, 92, 96, 162, 189, 56, 85]","[1, 150, 101, 26, 100, 19, 189, 99, 121, 182, 136, 53, 158, 180, 173, 6, 194, 161, 24, 149, 131, 47, 65, 116, 105, 77, 166, 28, 184, 11, 35, 126, 29, 156, 112, 4, 190, 10, 177, 104, 147, 54, 30, 48, 160, 192, 181, 103, 146, 195, 159, 193, 41, 96, 115, 198, 139, 191, 110, 163, 69, 108, 67, 36, 140, 93, 68, 46, 60, 118, 59, 72, 109, 51, 141, 66, 176, 137, 23, 186, 114, 64, 15, 61, 62, 9, 33, 37, 148, 12, 130, 94, 124, 111, 167, 128, 49, 102, 144, 155, 14, 138, 32, 3, 178, 106, 185, 40, 119, 8, 165, 39, 27, 107, 90, 174, 187, 81, 169, 196, 17, 157, 188, 56, 13, 31, 168, 91, 179, 145, 78, 25, 44, 120, 82, 2, 87, 125, 74, 152, 97, 1]","{'distance': {'initial': 158941, 'final': 21283}, 'objective': {'initial': -141591, 'final': 8302}}",158941,21283,-141591,8302,17350,29585,158941,17350,-141591,21283,29585,2537,TSPA
lab7,imhae_8,85,1130317502,105.545635,True,,"[85, 142, 131, 169, 66, 42, 72, 104, 43, 61, 198, 157, 86, 83, 89, 33, 93, 97, 187, 180, 171, 22, 73, 106, 19, 2, 80, 156, 0, 71, 32, 195, 121, 16, 113, 39, 50, 94, 114, 120, 82, 41, 151, 109, 136, 193, 1, 186, 49, 95, 62, 150, 27, 134, 4, 146, 119, 8, 37, 139, 40, 135, 153, 199, 123, 143, 60, 54, 69, 147, 59, 70, 63, 188, 164, 12, 17, 77, 87, 24, 161, 178, 174, 10, 98, 58, 90, 159, 99, 176, 107, 152, 197, 160, 125, 92, 96, 162, 189, 56, 85]","[1, 150, 101, 26, 100, 19, 189, 99, 121, 182, 136, 53, 158, 180, 173, 6, 194, 161, 24, 149, 131, 47, 65, 116, 105, 77, 166, 28, 184, 11, 35, 126, 29, 156, 112, 4, 190, 10, 177, 104, 147, 54, 30, 48, 160, 192, 181, 103, 146, 195, 159, 193, 41, 96, 115, 198, 139, 191, 110, 163, 69, 108, 67, 36, 140, 93, 68, 46, 60, 118, 59, 72, 109, 51, 141, 66, 176, 137, 23, 186, 114, 64, 15, 61, 62, 9, 33, 37, 148, 12, 130, 94, 124, 111, 167, 128, 49, 102, 144, 155, 14, 138, 32, 3, 178, 106, 185, 40, 119, 8, 165, 39, 27, 107, 90, 174, 187, 81, 169, 196, 17, 157, 188, 56, 13, 31, 168, 91, 179, 145, 78, 25, 44, 120, 82, 2, 87, 125, 74, 152, 97, 1]","{'distance': {'initial': 158941, 'final': 21283}, 'objective': {'initial': -141591, 'final': 8302}}",158941,21283,-141591,8302,17350,29585,158941,17350,-141591,21283,29585,3396,TSPA
lab7,imhae_12,85,1130317502,105.639915,True,,"[85, 56, 13, 31, 78, 25, 44, 120, 82, 2, 87, 125, 74, 152, 97, 1, 150, 101, 26, 100, 53, 158, 154, 6, 173, 180, 136, 182, 121, 99, 189, 19, 94, 124, 12, 130, 63, 133, 161, 162, 72, 51, 109, 59, 118, 60, 46, 198, 115, 96, 5, 116, 65, 47, 105, 77, 149, 131, 11, 35, 29, 156, 126, 112, 4, 190, 10, 177, 104, 147, 54, 30, 48, 184, 166, 28, 160, 192, 181, 41, 193, 159, 195, 103, 146, 22, 20, 18, 69, 108, 67, 163, 36, 140, 93, 117, 0, 170, 143, 183, 89, 76, 23, 83, 114, 64, 15, 61, 62, 9, 33, 37, 148, 111, 167, 128, 178, 3, 32, 138, 49, 102, 155, 144, 132, 21, 7, 164, 58, 71, 27, 107, 90, 39, 165, 8, 185, 40, 119, 174, 187, 81, 196, 169, 91, 179, 145, 168, 157, 188, 85]","[85, 56, 13, 31, 168, 78, 145, 91, 179, 92, 82, 44, 120, 2, 87, 125, 74, 152, 97, 1, 150, 101, 26, 100, 19, 189, 99, 121, 182, 136, 53, 158, 180, 173, 6, 194, 161, 162, 72, 109, 51, 66, 141, 60, 118, 59, 65, 116, 105, 77, 166, 28, 184, 11, 131, 149, 24, 29, 156, 126, 112, 4, 190, 10, 177, 104, 147, 54, 30, 48, 160, 192, 181, 103, 146, 22, 159, 193, 41, 96, 115, 46, 198, 139, 191, 110, 163, 69, 108, 67, 36, 140, 93, 117, 0, 170, 143, 183, 89, 76, 23, 83, 114, 64, 15, 61, 62, 9, 33, 37, 148, 12, 130, 94, 124, 111, 167, 128, 49, 102, 144, 155, 14, 138, 32, 3, 178, 106, 185, 40, 119, 8, 165, 39, 95, 7, 164, 58, 71, 27, 107, 90, 174, 187, 81, 169, 196, 17, 157, 188, 85]","{'distance': {'initial': 24180, 'final': 22920}, 'objective': {'initial': 0, 'final': 8289}}",24180,22920,0,8289,30850,31209,24180,30850,0,22920,31209,3799,TSPA
lab7,msls,85,1612545282,101.656196,True,,"[167, 107, 13, 72, 192, 33, 160, 3, 155, 130, 124, 185, 143, 103, 38, 187, 81, 145, 65, 12, 17, 31, 15, 41, 23, 97, 188, 69, 60, 16, 98, 156, 79, 22, 27, 116, 123, 29, 144, 117, 104, 121, 151, 68, 179, 101, 37, 9, 170, 115, 112, 92, 126, 182, 8, 95, 50, 32, 6, 48, 111, 191, 183, 94, 189, 87, 52, 177, 162, 114, 5, 122, 57, 120, 176, 77, 134, 89, 35, 21, 133, 171, 10, 149, 67, 49, 45, 42, 152, 159, 20, 102, 40, 166, 100, 26, 118, 44, 88, 150, 167]","[167, 111, 148, 15, 64, 114, 186, 23, 76, 89, 183, 153, 0, 170, 117, 93, 140, 36, 67, 108, 69, 163, 110, 139, 191, 41, 193, 159, 195, 146, 103, 181, 192, 160, 48, 30, 54, 147, 104, 177, 10, 190, 184, 28, 166, 11, 84, 4, 112, 126, 156, 29, 24, 149, 131, 77, 105, 47, 65, 116, 5, 96, 115, 198, 46, 60, 141, 66, 51, 109, 118, 59, 72, 162, 161, 194, 6, 173, 180, 158, 53, 136, 182, 63, 130, 12, 124, 94, 19, 189, 99, 121, 100, 26, 97, 101, 150, 1, 152, 74, 125, 87, 172, 55, 52, 91, 179, 145, 168, 78, 82, 120, 44, 25, 16, 88, 171, 13, 56, 188, 85, 31, 157, 17, 196, 169, 81, 187, 174, 90, 107, 27, 71, 58, 164, 7, 95, 39, 165, 119, 40, 185, 8, 138, 32, 3, 178, 49, 102, 155, 144, 61, 62, 9, 37, 33, 167]","{'distance': {'initial': 24234, 'final': 24234}, 'objective': {'initial': 0, 'final': 7654}}",24234,24234,0,7654,31888,31888,24234,31888,0,24234,31888,200,TSPA
lab7,hae_op2_ls,85,1612545282,105.268468,True,,"[85, 151, 120, 134, 194, 122, 3, 17, 176, 115, 116, 133, 54, 145, 117, 187, 199, 158, 86, 159, 170, 98, 96, 114, 123, 47, 72, 59, 131, 24, 19, 75, 23, 103, 127, 13, 70, 193, 104, 169, 8, 79, 42, 156, 130, 167, 49, 124, 48, 157, 1, 179, 143, 25, 61, 144, 160, 188, 91, 153, 177, 142, 52, 105, 90, 152, 101, 64, 99, 34, 155, 178, 189, 180, 81, 146, 46, 80, 7, 100, 166, 20, 121, 192, 11, 136, 129, 162, 148, 84, 77, 12, 39, 4, 137, 112, 173, 126, 183, 111, 85]","[115, 96, 41, 193, 159, 195, 146, 103, 181, 192, 160, 48, 30, 54, 147, 104, 184, 28, 166, 11, 84, 4, 112, 126, 156, 29, 24, 149, 131, 77, 105, 116, 65, 59, 118, 60, 141, 66, 51, 109, 72, 162, 161, 194, 6, 173, 180, 158, 53, 136, 182, 121, 99, 189, 19, 100, 26, 101, 150, 1, 97, 152, 74, 125, 87, 2, 82, 120, 44, 25, 78, 145, 179, 91, 168, 31, 13, 56, 188, 157, 17, 196, 169, 81, 187, 174, 90, 107, 27, 39, 165, 8, 119, 40, 185, 106, 178, 3, 32, 138, 14, 144, 155, 49, 102, 61, 62, 9, 37, 33, 167, 111, 124, 94, 130, 12, 148, 15, 64, 114, 186, 23, 76, 89, 183, 153, 0, 170, 117, 93, 140, 36, 67, 108, 69, 163, 110, 191, 139, 198, 46, 115]","{'distance': {'initial': 164015, 'final': 21431}, 'objective': {'initial': -145956, 'final': 7965}}",164015,21431,-145956,7965,18059,29396,164015,18059,-145956,21431,29396,230,TSPA
lab7,imhae_2,85,1612545282,105.250419,True,,"[85, 151, 120, 134, 194, 122, 3, 17, 176, 115, 116, 133, 54, 145, 117, 187, 199, 158, 86, 159, 170, 98, 96, 114, 123, 47, 72, 59, 131, 24, 19, 75, 23, 103, 127, 13, 70, 193, 104, 169, 8, 79, 42, 156, 130, 167, 49, 124, 48, 157, 1, 179, 143, 25, 61, 144, 160, 188, 91, 153, 177, 142, 52, 105, 90, 152, 101, 64, 99, 34, 155, 178, 189, 180, 81, 146, 46, 80, 7, 100, 166, 20, 121, 192, 11, 136, 129, 162, 148, 84, 77, 12, 39, 4, 137, 112, 173, 126, 183, 111, 85]","[115, 96, 41, 193, 159, 195, 146, 103, 181, 192, 160, 48, 30, 54, 147, 104, 184, 28, 166, 11, 84, 4, 112, 126, 156, 29, 24, 149, 131, 77, 105, 116, 65, 59, 118, 60, 141, 66, 51, 109, 72, 162, 161, 194, 6, 173, 180, 158, 53, 136, 182, 121, 99, 189, 19, 100, 26, 101, 150, 1, 97, 152, 74, 125, 87, 2, 82, 120, 44, 25, 78, 145, 179, 91, 168, 31, 13, 56, 188, 157, 17, 196, 169, 81, 187, 174, 90, 107, 27, 39, 165, 8, 119, 40, 185, 106, 178, 3, 32, 138, 14, 144, 155, 49, 102, 61, 62, 9, 37, 33, 167, 111, 124, 94, 130, 12, 148, 15, 64, 114, 186, 23, 76, 89, 183, 153, 0, 170, 117, 93, 140, 36, 67, 108, 69, 163, 110, 191, 139, 198, 46, 115]","{'distance': {'initial': 164015, 'final': 21431}, 'objective': {'initial': -145956, 'final': 7965}}",164015,21431,-145956,7965,18059,29396,164015,18059,-145956,21431,29396,416,TSPA
lab7,imhae_4,85,1612545282,105.486416,True,,"[85, 195, 76, 22, 142, 183, 24, 17, 104, 79, 180, 189, 100, 4, 20, 165, 80, 84, 125, 108, 27, 151, 29, 134, 97, 192, 161, 67, 117, 40, 68, 1, 148, 15, 128, 175, 62, 177, 96, 169, 44, 131, 42, 82, 59, 121, 89, 143, 91, 150, 8, 141, 78, 3, 171, 154, 109, 26, 9, 23, 65, 87, 179, 187, 63, 120, 123, 34, 47, 135, 181, 140, 155, 49, 188, 136, 132, 35, 92, 21, 156, 126, 74, 66, 46, 102, 170, 70, 57, 144, 45, 146, 133, 58, 54, 174, 182, 160, 69, 106, 85]","[144, 155, 14, 138, 32, 3, 178, 49, 102, 62, 9, 61, 15, 64, 114, 186, 23, 137, 176, 66, 141, 51, 109, 72, 59, 118, 60, 46, 68, 93, 140, 36, 67, 108, 69, 163, 110, 139, 191, 41, 193, 159, 195, 146, 103, 181, 192, 160, 48, 30, 54, 147, 104, 177, 10, 190, 4, 112, 156, 29, 126, 35, 11, 184, 28, 166, 77, 105, 116, 65, 47, 131, 149, 24, 161, 194, 6, 173, 180, 158, 53, 136, 182, 121, 99, 100, 26, 101, 150, 1, 97, 19, 189, 94, 130, 12, 124, 111, 167, 152, 74, 125, 87, 2, 82, 120, 44, 25, 16, 88, 171, 113, 56, 13, 31, 85, 188, 157, 168, 78, 145, 179, 91, 169, 196, 81, 187, 174, 119, 40, 185, 8, 165, 39, 90, 107, 27, 71, 58, 164, 7, 21, 132, 144]","{'distance': {'initial': 165680, 'final': 22086}, 'objective': {'initial': -149462, 'final': 8218}}",165680,22086,-149462,8218,16218,30304,165680,16218,-149462,22086,30304,1081,TSPA
lab7,imhae_6,85,1612545282,105.374207,True,,"[85, 195, 76, 22, 142, 183, 24, 17, 104, 79, 180, 189, 100, 4, 20, 165, 80, 84, 125, 108, 27, 151, 29, 134, 97, 192, 161, 67, 117, 40, 68, 1, 148, 15, 128, 175, 62, 177, 96, 169, 44, 131, 42, 82, 59, 121, 89, 143, 91, 150, 8, 141, 78, 3, 171, 154, 109, 26, 9, 23, 65, 87, 179, 187, 63, 120, 123, 34, 47, 135, 181, 140, 155, 49, 188, 136, 132, 35, 92, 21, 156, 126, 74, 66, 46, 102, 170, 70, 57, 144, 45, 146, 133, 58, 54, 174, 182, 160, 69, 106, 85]","[144, 155, 14, 138, 32, 3, 178, 49, 102, 62, 9, 61, 15, 64, 114, 186, 23, 137, 176, 66, 141, 51, 109, 72, 59, 118, 60, 46, 68, 93, 140, 36, 67, 108, 69, 163, 110, 139, 191, 41, 193, 159, 195, 146, 103, 181, 192, 160, 48, 30, 54, 147, 104, 177, 10, 190, 4, 112, 156, 29, 126, 35, 11, 184, 28, 166, 77, 105, 116, 65, 47, 131, 149, 24, 161, 194, 6, 173, 180, 158, 53, 136, 182, 121, 99, 100, 26, 101, 150, 1, 97, 19, 189, 94, 130, 12, 124, 111, 167, 152, 74, 125, 87, 2, 82, 120, 44, 25, 16, 88, 171, 113, 56, 13, 31, 85, 188, 157, 168, 78, 145, 179, 91, 169, 196, 81, 187, 174, 119, 40, 185, 8, 165, 39, 90, 107, 27, 71, 58, 164, 7, 21, 132, 144]","{'distance': {'initial': 165680, 'final': 22086}, 'objective': {'initial': -149462, 'final': 8218}}",165680,22086,-149462,8218,16218,30304,165680,16218,-149462,22086,30304,2386,TSPA
lab7,imhae_8,85,1612545282,105.341118,True,,"[85, 195, 76, 22, 142, 183, 24, 17, 104, 79, 180, 189, 100, 4, 20, 165, 80, 84, 125, 108, 27, 151, 29, 134, 97, 192, 161, 67, 117, 40, 68, 1, 148, 15, 128, 175, 62, 177, 96, 169, 44, 131, 42, 82, 59, 121, 89, 143, 91, 150, 8, 141, 78, 3, 171, 154, 109, 26, 9, 23, 65, 87, 179, 187, 63, 120, 123, 34, 47, 135, 181, 140, 155, 49, 188, 136, 132, 35, 92, 21, 156, 126, 74, 66, 46, 102, 170, 70, 57, 144, 45, 146, 133, 58, 54, 174, 182, 160, 69, 106, 85]","[144, 155, 14, 138, 32, 3, 178, 49, 102, 62, 9, 61, 15, 64, 114, 186, 23, 137, 176, 66, 141, 51, 109, 72, 59, 118, 60, 46, 68, 93, 140, 36, 67, 108, 69, 163, 110, 139, 191, 41, 193, 159, 195, 146, 103, 181, 192, 160, 48, 30, 54, 147, 104, 177, 10, 190, 4, 112, 156, 29, 126, 35, 11, 184, 28, 166, 77, 105, 116, 65, 47, 131, 149, 24, 161, 194, 6, 173, 180, 158, 53, 136, 182, 121, 99, 100, 26, 101, 150, 1, 97, 19, 189, 94, 130, 12, 124, 111, 167, 152, 74, 125, 87, 2, 82, 120, 44, 25, 16, 88, 171, 113, 56, 13, 31, 85, 188, 157, 168, 78, 145, 179, 91, 169, 196, 81, 187, 174, 119, 40, 185, 8, 165, 39, 90, 107, 27, 71, 58, 164, 7, 21, 132, 144]","{'distance': {'initial': 165680, 'final': 22086}, 'objective': {'initial': -149462, 'final': 8218}}",165680,22086,-149462,8218,16218,30304,165680,16218,-149462,22086,30304,3636,TSPA
lab7,imhae_12,85,1612545282,105.653984,True,,"[85, 195, 76, 22, 142, 183, 24, 17, 104, 79, 180, 189, 100, 4, 20, 165, 80, 84, 125, 108, 27, 151, 29, 134, 97, 192, 161, 67, 117, 40, 68, 1, 148, 15, 128, 175, 62, 177, 96, 169, 44, 131, 42, 82, 59, 121, 89, 143, 91, 150, 8, 141, 78, 3, 171, 154, 109, 26, 9, 23, 65, 87, 179, 187, 63, 120, 123, 34, 47, 135, 181, 140, 155, 49, 188, 136, 132, 35, 92, 21, 156, 126, 74, 66, 46, 102, 170, 70, 57, 144, 45, 146, 133, 58, 54, 174, 182, 160, 69, 106, 85]","[144, 155, 14, 138, 32, 3, 178, 49, 102, 62, 9, 61, 15, 64, 114, 186, 23, 137, 176, 66, 141, 51, 109, 72, 59, 118, 60, 46, 68, 93, 140, 36, 67, 108, 69, 163, 110, 139, 191, 41, 193, 159, 195, 146, 103, 181, 192, 160, 48, 30, 54, 147, 104, 177, 10, 190, 4, 112, 156, 29, 126, 35, 11, 184, 28, 166, 77, 105, 116, 65, 47, 131, 149, 24, 161, 194, 6, 173, 180, 158, 53, 136, 182, 121, 99, 100, 26, 101, 150, 1, 97, 19, 189, 94, 130, 12, 124, 111, 167, 152, 74, 125, 87, 2, 82, 120, 44, 25, 16, 88, 171, 113, 56, 13, 31, 85, 188, 157, 168, 78, 145, 179, 91, 169, 196, 81, 187, 174, 119, 40, 185, 8, 165, 39, 90, 107, 27, 71, 58, 164, 7, 21, 132, 144]","{'distance': {'initial': 165680, 'final': 22086}, 'objective': {'initial': -149462, 'final': 8218}}",165680,22086,-149462,8218,16218,30304,165680,16218,-149462,22086,30304,3746,TSPA
lab7,msls,85,1183913513,101.553026,True,,"[198, 181, 173, 75, 20, 52, 174, 1, 106, 187, 153, 14, 39, 25, 92, 107, 176, 11, 98, 94, 42, 68, 46, 103, 66, 8, 97, 133, 12, 122, 5, 76, 48, 163, 111, 136, 81, 118, 90, 7, 44, 149, 29, 143, 125, 131, 109, 189, 110, 186, 78, 77, 146, 152, 38, 158, 102, 69, 138, 0, 148, 132, 190, 34, 89, 70, 179, 62, 95, 141, 151, 147, 74, 124, 155, 168, 27, 35, 4, 17, 56, 91, 177, 162, 26, 40, 139, 166, 93, 142, 108, 116, 64, 175, 164, 16, 55, 57, 41, 23, 198]","[198, 115, 96, 41, 193, 159, 195, 146, 103, 181, 192, 160, 48, 30, 54, 147, 104, 184, 28, 166, 11, 84, 4, 112, 126, 156, 29, 24, 149, 131, 77, 105, 116, 65, 59, 72, 162, 161, 194, 6, 173, 180, 158, 53, 136, 182, 121, 99, 100, 26, 97, 101, 150, 1, 87, 125, 74, 152, 19, 189, 94, 130, 12, 124, 111, 167, 128, 52, 55, 57, 92, 82, 120, 44, 25, 16, 88, 171, 113, 56, 13, 31, 168, 78, 145, 179, 91, 157, 17, 196, 169, 81, 187, 174, 90, 107, 27, 71, 58, 164, 7, 95, 39, 165, 8, 119, 40, 185, 106, 178, 3, 32, 138, 14, 155, 144, 49, 102, 62, 9, 61, 15, 64, 114, 83, 89, 183, 76, 23, 137, 176, 66, 141, 51, 109, 118, 60, 46, 68, 93, 140, 36, 67, 108, 69, 163, 110, 191, 139, 198]","{'distance': {'initial': 23127, 'final': 23127}, 'objective': {'initial': 0, 'final': 7868}}",23127,23127,0,7868,30995,30995,23127,30995,0,23127,30995,200,TSPA
lab7,hae_op2_ls,85,1183913513,105.232598,True,,"[85, 163, 16, 53, 143, 180, 116, 162, 117, 18, 55, 110, 10, 46, 187, 171, 67, 87, 123, 92, 72, 169, 147, 114, 127, 118, 33, 190, 150, 27, 151, 19, 69, 25, 35, 59, 164, 100, 86, 191, 155, 189, 96, 161, 12, 70, 93, 120, 42, 6, 15, 158, 125, 3, 54, 68, 31, 124, 34, 14, 122, 38, 81, 9, 56, 199, 8, 133, 113, 168, 177, 134, 90, 142, 102, 23, 32, 4, 111, 83, 73, 84, 51, 49, 144, 63, 22, 182, 41, 174, 5, 179, 11, 40, 76, 26, 109, 60, 61, 74, 85]","[9, 62, 61, 144, 155, 102, 49, 178, 3, 32, 138, 8, 185, 40, 119, 165, 39, 27, 107, 90, 174, 187, 81, 196, 169, 91, 179, 145, 78, 168, 157, 188, 85, 31, 13, 56, 113, 171, 88, 16, 25, 44, 120, 82, 2, 87, 125, 74, 152, 111, 167, 33, 37, 148, 12, 130, 124, 94, 19, 189, 99, 97, 1, 150, 101, 26, 100, 121, 182, 136, 53, 158, 180, 173, 6, 194, 161, 162, 72, 59, 65, 116, 105, 77, 166, 28, 184, 11, 35, 126, 29, 156, 112, 4, 190, 10, 177, 104, 147, 54, 30, 48, 160, 192, 181, 103, 146, 195, 159, 193, 41, 191, 139, 110, 163, 69, 108, 67, 36, 140, 93, 68, 46, 198, 115, 60, 118, 109, 51, 141, 66, 176, 137, 23, 186, 114, 64, 15, 9]","{'distance': {'initial': 191996, 'final': 21447}, 'objective': {'initial': -173674, 'final': 7828}}",191996,21447,-173674,7828,18322,29275,191996,18322,-173674,21447,29275,225,TSPA
lab7,imhae_2,85,1183913513,105.267098,True,,"[85, 163, 16, 53, 143, 180, 116, 162, 117, 18, 55, 110, 10, 46, 187, 171, 67, 87, 123, 92, 72, 169, 147, 114, 127, 118, 33, 190, 150, 27, 151, 19, 69, 25, 35, 59, 164, 100, 86, 191, 155, 189, 96, 161, 12, 70, 93, 120, 42, 6, 15, 158, 125, 3, 54, 68, 31, 124, 34, 14, 122, 38, 81, 9, 56, 199, 8, 133, 113, 168, 177, 134, 90, 142, 102, 23, 32, 4, 111, 83, 73, 84, 51, 49, 144, 63, 22, 182, 41, 174, 5, 179, 11, 40, 76, 26, 109, 60, 61, 74, 85]","[9, 62, 61, 144, 155, 102, 49, 178, 3, 32, 138, 8, 185, 40, 119, 165, 39, 27, 107, 90, 174, 187, 81, 196, 169, 91, 179, 145, 78, 168, 157, 188, 85, 31, 13, 56, 113, 171, 88, 16, 25, 44, 120, 82, 2, 87, 125, 74, 152, 111, 167, 33, 37, 148, 12, 130, 124, 94, 19, 189, 99, 97, 1, 150, 101, 26, 100, 121, 182, 136, 53, 158, 180, 173, 6, 194, 161, 162, 72, 59, 65, 116, 105, 77, 166, 28, 184, 11, 35, 126, 29, 156, 112, 4, 190, 10, 177, 104, 147, 54, 30, 48, 160, 192, 181, 103, 146, 195, 159, 193, 41, 191, 139, 110, 163, 69, 108, 67, 36, 140, 93, 68, 46, 198, 115, 60, 118, 109, 51, 141, 66, 176, 137, 23, 186, 114, 64, 15, 9]","{'distance': {'initial': 191996, 'final': 21447}, 'objective': {'initial': -173674, 'final': 7828}}",191996,21447,-173674,7828,18322,29275,191996,18322,-173674,21447,29275,440,TSPA
lab7,imhae_4,85,1183913513,105.569525,True,,"[85, 87, 172, 23, 163, 32, 140, 68, 45, 10, 155, 121, 192, 101, 171, 2, 59, 189, 24, 122, 83, 20, 107, 70, 15, 149, 47, 133, 139, 113, 181, 81, 177, 166, 17, 57, 93, 167, 12, 185, 98, 118, 56, 99, 168, 28, 135, 50, 34, 136, 188, 44, 179, 186, 66, 55, 193, 0, 119, 79, 115, 64, 112, 5, 151, 6, 129, 170, 97, 36, 62, 157, 176, 178, 61, 175, 1, 114, 73, 96, 194, 53, 71, 152, 94, 27, 108, 147, 128, 195, 104, 22, 26, 60, 174, 143, 78, 39, 132, 187, 85]","[44, 120, 82, 2, 87, 125, 74, 152, 97, 1, 150, 101, 26, 100, 19, 189, 99, 121, 182, 136, 53, 158, 180, 173, 6, 194, 161, 24, 149, 131, 47, 65, 116, 105, 77, 166, 11, 28, 184, 104, 147, 54, 30, 48, 160, 192, 181, 103, 146, 195, 159, 193, 41, 96, 115, 198, 139, 191, 110, 163, 69, 108, 67, 36, 140, 93, 68, 46, 60, 118, 59, 72, 109, 51, 141, 66, 176, 137, 23, 186, 114, 64, 15, 61, 62, 9, 33, 37, 148, 111, 167, 128, 49, 102, 144, 155, 14, 138, 32, 3, 178, 106, 185, 40, 119, 8, 165, 39, 27, 107, 90, 174, 187, 81, 169, 196, 17, 157, 188, 56, 13, 31, 168, 91, 179, 145, 78, 25, 44]","{'distance': {'initial': 169009, 'final': 19394}, 'objective': {'initial': -151501, 'final': 7837}}",169009,19394,-151501,7837,17508,27231,169009,17508,-151501,19394,27231,1228,TSPA
lab7,imhae_6,85,1183913513,105.375107,True,,"[85, 56, 13, 31, 78, 25, 44, 120, 82, 2, 87, 125, 74, 152, 97, 1, 150, 101, 26, 100, 121, 99, 189, 19, 124, 12, 130, 94, 63, 182, 136, 53, 158, 180, 173, 6, 194, 127, 29, 156, 126, 112, 4, 84, 11, 166, 28, 184, 190, 10, 177, 104, 147, 54, 30, 48, 160, 192, 181, 103, 146, 22, 159, 199, 18, 69, 108, 67, 163, 36, 140, 93, 117, 170, 0, 68, 46, 198, 139, 110, 191, 193, 41, 96, 5, 116, 65, 47, 105, 77, 131, 149, 72, 59, 118, 60, 109, 51, 141, 66, 176, 137, 23, 76, 183, 89, 83, 114, 64, 15, 61, 9, 62, 144, 155, 102, 49, 32, 138, 8, 165, 39, 95, 7, 164, 58, 71, 27, 107, 90, 174, 187, 81, 196, 169, 40, 119, 185, 91, 179, 145, 168, 157, 188, 85]","[85, 56, 13, 31, 168, 91, 179, 145, 78, 25, 44, 120, 82, 2, 87, 125, 74, 152, 1, 150, 101, 97, 26, 100, 19, 189, 99, 121, 182, 136, 53, 158, 180, 173, 6, 194, 161, 24, 149, 131, 47, 65, 116, 105, 77, 166, 28, 184, 11, 35, 126, 29, 156, 112, 4, 190, 10, 177, 104, 147, 54, 30, 48, 160, 192, 181, 103, 146, 22, 159, 193, 41, 96, 115, 118, 59, 72, 109, 51, 66, 141, 60, 46, 198, 139, 191, 110, 163, 69, 108, 67, 36, 140, 93, 117, 170, 0, 153, 183, 89, 76, 23, 83, 114, 64, 15, 12, 130, 94, 124, 111, 167, 148, 37, 33, 9, 62, 61, 144, 155, 102, 49, 32, 138, 8, 185, 40, 119, 165, 39, 95, 7, 164, 58, 71, 27, 107, 90, 174, 187, 81, 169, 196, 17, 157, 188, 85]","{'distance': {'initial': 23059, 'final': 22624}, 'objective': {'initial': 0, 'final': 8121}}",23059,22624,0,8121,30410,30745,23059,30410,0,22624,30745,2504,TSPA
lab7,imhae_8,85,1183913513,105.531286,True,,"[85, 56, 13, 31, 78, 25, 44, 120, 82, 2, 87, 125, 74, 152, 97, 1, 150, 101, 26, 100, 121, 99, 189, 19, 124, 12, 130, 94, 63, 182, 136, 53, 158, 180, 173, 6, 194, 127, 29, 156, 126, 112, 4, 84, 11, 166, 28, 184, 190, 10, 177, 104, 147, 54, 30, 48, 160, 192, 181, 103, 146, 22, 159, 199, 18, 69, 108, 67, 163, 36, 140, 93, 117, 170, 0, 68, 46, 198, 139, 110, 191, 193, 41, 96, 5, 116, 65, 47, 105, 77, 131, 149, 72, 59, 118, 60, 109, 51, 141, 66, 176, 137, 23, 76, 183, 89, 83, 114, 64, 15, 61, 9, 62, 144, 155, 102, 49, 32, 138, 8, 165, 39, 95, 7, 164, 58, 71, 27, 107, 90, 174, 187, 81, 196, 169, 40, 119, 185, 91, 179, 145, 168, 157, 188, 85]","[85, 56, 13, 31, 168, 91, 179, 145, 78, 25, 44, 120, 82, 2, 87, 125, 74, 152, 1, 150, 101, 97, 26, 100, 19, 189, 99, 121, 182, 136, 53, 158, 180, 173, 6, 194, 161, 24, 149, 131, 47, 65, 116, 105, 77, 166, 28, 184, 11, 35, 126, 29, 156, 112, 4, 190, 10, 177, 104, 147, 54, 30, 48, 160, 192, 181, 103, 146, 22, 159, 193, 41, 96, 115, 118, 59, 72, 109, 51, 66, 141, 60, 46, 198, 139, 191, 110, 163, 69, 108, 67, 36, 140, 93, 117, 170, 0, 153, 183, 89, 76, 23, 83, 114, 64, 15, 12, 130, 94, 124, 111, 167, 148, 37, 33, 9, 62, 61, 144, 155, 102, 49, 32, 138, 8, 185, 40, 119, 165, 39, 95, 7, 164, 58, 71, 27, 107, 90, 174, 187, 81, 169, 196, 17, 157, 188, 85]","{'distance': {'initial': 23059, 'final': 22624}, 'objective': {'initial': 0, 'final': 8121}}",23059,22624,0,8121,30410,30745,23059,30410,0,22624,30745,3734,TSPA
lab7,imhae_12,85,1183913513,105.704194,True,,"[85, 164, 87, 173, 142, 187, 144, 67, 33, 133, 128, 35, 192, 26, 178, 126, 94, 93, 36, 45, 3, 153, 53, 117, 172, 141, 7, 146, 107, 23, 104, 132, 37, 177, 24, 79, 145, 60, 119, 156, 166, 127, 27, 73, 74, 8, 54, 6, 115, 114, 47, 181, 12, 137, 179, 83, 150, 152, 106, 72, 116, 30, 82, 105, 41, 28, 100, 108, 59, 66, 0, 19, 157, 80, 154, 191, 165, 92, 61, 44, 14, 75, 130, 22, 190, 139, 69, 51, 11, 29, 17, 124, 71, 135, 78, 70, 32, 101, 46, 97, 85]","[147, 54, 30, 48, 160, 192, 42, 5, 96, 41, 193, 159, 199, 18, 69, 108, 67, 163, 110, 191, 139, 198, 46, 68, 140, 93, 117, 170, 0, 153, 183, 89, 76, 23, 186, 114, 64, 15, 61, 62, 9, 33, 37, 148, 12, 130, 94, 124, 111, 167, 128, 49, 102, 144, 155, 14, 138, 32, 3, 178, 106, 185, 40, 119, 8, 165, 39, 95, 7, 164, 58, 71, 27, 107, 90, 174, 187, 81, 169, 196, 17, 157, 188, 56, 13, 31, 168, 91, 179, 145, 78, 25, 44, 120, 82, 2, 87, 125, 74, 152, 97, 1, 150, 101, 26, 100, 19, 189, 99, 121, 182, 136, 53, 158, 180, 173, 6, 194, 161, 162, 72, 109, 51, 66, 141, 60, 118, 59, 65, 116, 105, 77, 166, 28, 184, 11, 35, 126, 29, 156, 112, 4, 190, 10, 177, 104, 147]","{'distance': {'initial': 161036, 'final': 21877}, 'objective': {'initial': -142648, 'final': 8342}}",161036,21877,-142648,8342,18388,30219,161036,18388,-142648,21877,30219,3457,TSPA
lab7,msls,85,1242644980,102.510396,True,,"[189, 31, 196, 165, 100, 43, 168, 53, 60, 176, 160, 40, 174, 118, 65, 130, 180, 67, 94, 139, 115, 113, 49, 173, 69, 87, 126, 34, 75, 175, 154, 102, 41, 153, 66, 54, 80, 10, 55, 141, 136, 146, 125, 151, 85, 135, 185, 191, 32, 52, 129, 73, 28, 137, 149, 56, 93, 42, 0, 81, 181, 157, 158, 162, 123, 13, 97, 156, 159, 63, 39, 84, 155, 51, 15, 47, 48, 133, 190, 36, 107, 24, 11, 177, 197, 193, 105, 76, 70, 72, 77, 25, 21, 16, 64, 184, 38, 124, 82, 183, 189]","[189, 99, 121, 182, 136, 53, 158, 180, 173, 6, 194, 127, 29, 156, 126, 112, 4, 190, 10, 177, 104, 147, 54, 30, 48, 160, 192, 42, 5, 96, 41, 193, 159, 199, 18, 69, 108, 67, 163, 36, 140, 93, 68, 110, 191, 139, 198, 46, 115, 116, 65, 47, 105, 77, 166, 28, 184, 11, 131, 149, 24, 161, 162, 72, 59, 118, 60, 141, 109, 51, 66, 176, 12, 130, 94, 124, 111, 167, 148, 37, 33, 9, 62, 61, 144, 155, 102, 49, 138, 32, 3, 178, 106, 185, 40, 119, 8, 165, 39, 27, 107, 90, 174, 187, 81, 196, 169, 91, 179, 145, 78, 168, 157, 188, 85, 31, 13, 56, 113, 171, 88, 16, 25, 44, 120, 82, 2, 87, 125, 74, 152, 97, 1, 150, 101, 26, 100, 19, 189]","{'distance': {'initial': 20716, 'final': 20716}, 'objective': {'initial': 0, 'final': 7902}}",20716,20716,0,7902,28618,28618,20716,28618,0,20716,28618,200,TSPA
lab7,hae_op2_ls,85,1242644980,105.208529,True,,"[85, 61, 17, 110, 161, 144, 42, 134, 133, 75, 5, 158, 67, 180, 2, 68, 14, 130, 55, 36, 193, 198, 149, 31, 168, 181, 195, 71, 183, 32, 103, 176, 185, 79, 22, 107, 104, 139, 192, 50, 41, 171, 38, 12, 34, 111, 182, 52, 86, 54, 83, 16, 196, 64, 45, 135, 127, 93, 96, 154, 39, 56, 152, 21, 20, 8, 43, 100, 186, 13, 116, 177, 178, 97, 145, 169, 95, 29, 187, 138, 81, 63, 170, 147, 80, 105, 123, 155, 53, 163, 11, 109, 6, 35, 115, 194, 66, 18, 89, 179, 85]","[53, 158, 154, 6, 173, 180, 136, 182, 121, 99, 189, 19, 94, 124, 130, 12, 176, 66, 141, 51, 109, 60, 118, 59, 72, 162, 161, 24, 149, 131, 47, 65, 116, 105, 77, 166, 28, 184, 11, 35, 126, 29, 156, 112, 4, 190, 10, 177, 104, 147, 54, 30, 48, 160, 192, 42, 5, 96, 115, 198, 46, 68, 110, 139, 191, 41, 193, 159, 195, 103, 146, 22, 199, 18, 69, 108, 67, 163, 36, 140, 93, 117, 0, 170, 143, 183, 89, 76, 23, 186, 114, 64, 15, 61, 62, 9, 33, 37, 148, 111, 167, 128, 49, 102, 144, 155, 14, 138, 32, 3, 178, 106, 185, 40, 119, 8, 165, 39, 95, 7, 164, 58, 71, 27, 107, 90, 174, 187, 81, 169, 196, 17, 157, 188, 56, 13, 31, 168, 78, 145, 91, 179, 92, 82, 44, 120, 2, 87, 125, 74, 152, 97, 1, 150, 101, 26, 100, 53]","{'distance': {'initial': 171419, 'final': 23834}, 'objective': {'initial': -154806, 'final': 8096}}",171419,23834,-154806,8096,16613,31930,171419,16613,-154806,23834,31930,227,TSPA
lab7,imhae_2,85,1242644980,105.439186,True,,"[85, 61, 17, 110, 161, 144, 42, 134, 133, 75, 5, 158, 67, 180, 2, 68, 14, 130, 55, 36, 193, 198, 149, 31, 168, 181, 195, 71, 183, 32, 103, 176, 185, 79, 22, 107, 104, 139, 192, 50, 41, 171, 38, 12, 34, 111, 182, 52, 86, 54, 83, 16, 196, 64, 45, 135, 127, 93, 96, 154, 39, 56, 152, 21, 20, 8, 43, 100, 186, 13, 116, 177, 178, 97, 145, 169, 95, 29, 187, 138, 81, 63, 170, 147, 80, 105, 123, 155, 53, 163, 11, 109, 6, 35, 115, 194, 66, 18, 89, 179, 85]","[53, 158, 154, 6, 173, 180, 136, 182, 121, 99, 189, 19, 94, 124, 130, 12, 176, 66, 141, 51, 109, 60, 118, 59, 72, 162, 161, 24, 149, 131, 47, 65, 116, 105, 77, 166, 28, 184, 11, 35, 126, 29, 156, 112, 4, 190, 10, 177, 104, 147, 54, 30, 48, 160, 192, 42, 5, 96, 115, 198, 46, 68, 110, 139, 191, 41, 193, 159, 195, 103, 146, 22, 199, 18, 69, 108, 67, 163, 36, 140, 93, 117, 0, 170, 143, 183, 89, 76, 23, 186, 114, 64, 15, 61, 62, 9, 33, 37, 148, 111, 167, 128, 49, 102, 144, 155, 14, 138, 32, 3, 178, 106, 185, 40, 119, 8, 165, 39, 95, 7, 164, 58, 71, 27, 107, 90, 174, 187, 81, 169, 196, 17, 157, 188, 56, 13, 31, 168, 78, 145, 91, 179, 92, 82, 44, 120, 2, 87, 125, 74, 152, 97, 1, 150, 101, 26, 100, 53]","{'distance': {'initial': 171419, 'final': 23834}, 'objective': {'initial': -154806, 'final': 8096}}",171419,23834,-154806,8096,16613,31930,171419,16613,-154806,23834,31930,416,TSPA
lab7,imhae_4,85,1242644980,105.211139,True,,"[85, 4, 82, 142, 59, 118, 170, 20, 197, 89, 145, 155, 10, 167, 78, 76, 152, 127, 148, 31, 51, 101, 120, 22, 103, 1, 25, 34, 173, 75, 175, 166, 104, 126, 129, 69, 157, 32, 186, 151, 92, 48, 64, 50, 7, 28, 87, 153, 124, 71, 29, 168, 39, 98, 190, 114, 90, 106, 84, 30, 156, 70, 198, 58, 141, 16, 38, 143, 13, 181, 81, 91, 96, 14, 132, 139, 171, 109, 9, 86, 169, 111, 158, 177, 165, 150, 116, 56, 42, 194, 176, 140, 162, 102, 95, 77, 117, 131, 149, 45, 85]","[169, 196, 17, 157, 188, 56, 13, 31, 168, 78, 145, 91, 179, 92, 82, 44, 120, 2, 87, 125, 74, 152, 97, 1, 150, 101, 26, 100, 19, 189, 99, 121, 182, 136, 53, 158, 180, 173, 6, 194, 161, 24, 29, 156, 126, 112, 4, 190, 10, 177, 104, 147, 54, 30, 48, 160, 192, 28, 184, 11, 166, 77, 105, 116, 65, 59, 118, 72, 109, 51, 66, 141, 60, 46, 198, 115, 96, 41, 193, 159, 163, 69, 108, 67, 36, 140, 93, 117, 170, 0, 153, 183, 89, 76, 23, 186, 114, 64, 15, 61, 62, 9, 33, 37, 148, 12, 130, 94, 124, 111, 167, 128, 49, 102, 144, 155, 14, 138, 32, 3, 178, 106, 185, 40, 119, 8, 165, 39, 95, 7, 164, 58, 71, 27, 107, 90, 174, 187, 81, 169]","{'distance': {'initial': 181091, 'final': 21610}, 'objective': {'initial': -163575, 'final': 8125}}",181091,21610,-163575,8125,17516,29735,181091,17516,-163575,21610,29735,1278,TSPA
lab7,imhae_6,85,1242644980,105.486826,True,,"[85, 188, 157, 17, 196, 169, 91, 179, 55, 52, 106, 178, 3, 32, 138, 8, 185, 40, 119, 165, 39, 90, 107, 27, 71, 58, 164, 7, 21, 132, 144, 155, 61, 62, 9, 15, 64, 114, 83, 23, 76, 89, 183, 153, 0, 170, 117, 93, 140, 36, 163, 67, 108, 69, 18, 199, 159, 195, 146, 103, 181, 192, 160, 48, 30, 54, 147, 104, 177, 10, 190, 4, 112, 126, 156, 29, 24, 161, 162, 72, 118, 59, 65, 116, 105, 77, 43, 42, 5, 96, 41, 193, 191, 110, 139, 198, 46, 60, 141, 66, 51, 151, 133, 173, 6, 154, 180, 158, 53, 136, 182, 121, 99, 189, 19, 100, 26, 101, 150, 1, 97, 152, 74, 125, 87, 2, 82, 120, 44, 25, 78, 145, 168, 31, 13, 56, 85]","[85, 188, 157, 17, 196, 169, 81, 187, 174, 90, 107, 27, 71, 58, 164, 7, 95, 39, 165, 119, 40, 185, 8, 138, 32, 3, 178, 49, 102, 155, 144, 61, 62, 9, 15, 64, 114, 83, 23, 76, 89, 183, 153, 0, 170, 117, 93, 140, 36, 67, 108, 69, 163, 110, 191, 139, 68, 46, 198, 115, 96, 41, 193, 159, 22, 146, 103, 181, 192, 160, 48, 30, 54, 147, 104, 177, 10, 190, 4, 112, 156, 29, 126, 35, 11, 184, 28, 166, 131, 149, 77, 105, 116, 65, 59, 118, 60, 141, 66, 51, 109, 72, 162, 161, 194, 6, 173, 180, 158, 53, 136, 182, 121, 99, 189, 19, 100, 26, 101, 150, 1, 97, 152, 74, 125, 87, 2, 82, 120, 44, 25, 78, 145, 179, 91, 168, 31, 13, 56, 85]","{'distance': {'initial': 21117, 'final': 21234}, 'objective': {'initial': 0, 'final': 8236}}",21117,21234,0,8236,27531,29470,21117,27531,0,21234,29470,2611,TSPA
lab7,imhae_8,85,1242644980,105.572035,True,,"[85, 188, 157, 17, 196, 169, 81, 187, 174, 90, 107, 27, 71, 58, 164, 7, 95, 39, 165, 119, 40, 185, 8, 138, 32, 3, 178, 106, 52, 55, 91, 179, 145, 168, 78, 82, 2, 87, 125, 74, 152, 19, 189, 94, 130, 12, 124, 111, 167, 148, 37, 33, 9, 62, 61, 155, 144, 64, 114, 186, 23, 76, 89, 183, 153, 0, 170, 117, 93, 140, 36, 67, 108, 69, 163, 159, 193, 41, 191, 139, 110, 68, 46, 60, 141, 66, 51, 109, 72, 118, 59, 65, 116, 105, 77, 166, 28, 192, 181, 146, 103, 160, 48, 30, 54, 147, 104, 184, 11, 84, 4, 112, 126, 156, 29, 127, 194, 161, 162, 133, 173, 6, 154, 180, 158, 53, 136, 182, 121, 99, 100, 26, 97, 1, 101, 150, 120, 44, 25, 16, 88, 171, 113, 56, 13, 31, 85]","[85, 188, 56, 113, 171, 88, 16, 25, 44, 120, 82, 2, 87, 125, 74, 152, 97, 1, 150, 101, 26, 100, 19, 189, 99, 121, 182, 136, 53, 158, 180, 173, 6, 194, 161, 162, 72, 109, 51, 66, 141, 60, 118, 59, 65, 116, 105, 77, 166, 28, 184, 11, 35, 126, 29, 156, 112, 4, 190, 10, 177, 104, 147, 54, 30, 48, 160, 192, 181, 103, 146, 195, 159, 193, 41, 191, 110, 139, 198, 46, 68, 163, 69, 108, 67, 36, 140, 93, 117, 170, 0, 153, 183, 89, 76, 23, 186, 114, 64, 15, 61, 62, 9, 33, 37, 148, 12, 130, 94, 124, 111, 167, 128, 49, 102, 144, 155, 14, 138, 32, 3, 178, 106, 185, 40, 119, 8, 165, 39, 95, 7, 164, 58, 71, 27, 107, 90, 174, 187, 81, 196, 169, 91, 179, 145, 78, 168, 157, 31, 13, 85]","{'distance': {'initial': 23294, 'final': 22406}, 'objective': {'initial': 0, 'final': 8465}}",23294,22406,0,8465,30098,30871,23294,30098,0,22406,30871,3517,TSPA
lab7,imhae_12,85,1242644980,105.760653,True,,"[85, 188, 157, 17, 196, 169, 81, 187, 174, 90, 107, 27, 71, 58, 164, 7, 95, 39, 165, 119, 40, 185, 8, 138, 32, 3, 178, 106, 52, 55, 91, 179, 145, 168, 78, 82, 2, 87, 125, 74, 152, 19, 189, 94, 130, 12, 124, 111, 167, 148, 37, 33, 9, 62, 61, 155, 144, 64, 114, 186, 23, 76, 89, 183, 153, 0, 170, 117, 93, 140, 36, 67, 108, 69, 163, 159, 193, 41, 191, 139, 110, 68, 46, 60, 141, 66, 51, 109, 72, 118, 59, 65, 116, 105, 77, 166, 28, 192, 181, 146, 103, 160, 48, 30, 54, 147, 104, 184, 11, 84, 4, 112, 126, 156, 29, 127, 194, 161, 162, 133, 173, 6, 154, 180, 158, 53, 136, 182, 121, 99, 100, 26, 97, 1, 101, 150, 120, 44, 25, 16, 88, 171, 113, 56, 13, 31, 85]","[85, 188, 56, 113, 171, 88, 16, 25, 44, 120, 82, 2, 87, 125, 74, 152, 97, 1, 150, 101, 26, 100, 19, 189, 99, 121, 182, 136, 53, 158, 180, 173, 6, 194, 161, 162, 72, 109, 51, 66, 141, 60, 118, 59, 65, 116, 105, 77, 166, 28, 184, 11, 35, 126, 29, 156, 112, 4, 190, 10, 177, 104, 147, 54, 30, 48, 160, 192, 181, 103, 146, 195, 159, 193, 41, 191, 110, 139, 198, 46, 68, 163, 69, 108, 67, 36, 140, 93, 117, 170, 0, 153, 183, 89, 76, 23, 186, 114, 64, 15, 61, 62, 9, 33, 37, 148, 12, 130, 94, 124, 111, 167, 128, 49, 102, 144, 155, 14, 138, 32, 3, 178, 106, 185, 40, 119, 8, 165, 39, 95, 7, 164, 58, 71, 27, 107, 90, 174, 187, 81, 196, 169, 91, 179, 145, 78, 168, 157, 31, 13, 85]","{'distance': {'initial': 23294, 'final': 22406}, 'objective': {'initial': 0, 'final': 8465}}",23294,22406,0,8465,30098,30871,23294,30098,0,22406,30871,3753,TSPA
lab7,msls,85,375679063,102.033682,True,,"[128, 96, 189, 68, 63, 145, 115, 88, 140, 6, 99, 144, 107, 165, 102, 15, 180, 39, 186, 80, 190, 32, 67, 121, 26, 122, 62, 41, 10, 147, 92, 104, 146, 169, 83, 188, 98, 148, 192, 101, 134, 199, 135, 112, 123, 191, 109, 116, 114, 182, 137, 153, 156, 185, 163, 113, 33, 46, 130, 111, 1, 78, 120, 90, 195, 7, 61, 181, 176, 126, 58, 74, 117, 142, 49, 50, 155, 69, 173, 93, 100, 22, 197, 76, 95, 162, 11, 40, 161, 9, 0, 132, 89, 149, 57, 51, 5, 138, 172, 129, 128]","[128, 33, 37, 9, 62, 61, 15, 186, 23, 76, 183, 89, 83, 114, 64, 144, 155, 102, 49, 178, 3, 32, 138, 8, 185, 40, 119, 165, 39, 95, 7, 164, 58, 71, 27, 107, 90, 187, 81, 174, 169, 196, 17, 157, 188, 85, 31, 13, 56, 113, 171, 88, 16, 25, 44, 120, 82, 78, 168, 145, 91, 179, 92, 129, 87, 125, 74, 152, 1, 150, 101, 97, 26, 100, 19, 189, 99, 121, 182, 136, 53, 158, 180, 173, 6, 194, 161, 162, 72, 51, 109, 118, 59, 65, 116, 105, 77, 28, 184, 11, 166, 131, 149, 24, 29, 156, 126, 112, 4, 190, 10, 177, 104, 147, 54, 30, 48, 160, 192, 181, 103, 146, 22, 159, 193, 41, 96, 115, 198, 46, 68, 163, 69, 108, 67, 36, 140, 93, 117, 170, 0, 60, 141, 66, 176, 12, 130, 94, 124, 111, 167, 128]","{'distance': {'initial': 24246, 'final': 24246}, 'objective': {'initial': 0, 'final': 7516}}",24246,24246,0,7516,31762,31762,24246,31762,0,24246,31762,200,TSPA
lab7,hae_op2_ls,85,375679063,105.267669,True,,"[85, 173, 187, 97, 45, 109, 26, 9, 194, 94, 104, 124, 107, 134, 74, 10, 116, 21, 56, 76, 90, 141, 61, 143, 196, 17, 84, 133, 33, 167, 52, 18, 199, 151, 179, 123, 135, 19, 22, 112, 8, 32, 103, 42, 184, 54, 154, 127, 81, 110, 137, 36, 83, 147, 138, 88, 82, 142, 70, 60, 132, 16, 145, 80, 47, 122, 165, 191, 195, 66, 152, 48, 140, 67, 183, 119, 189, 79, 178, 128, 27, 180, 53, 25, 1, 121, 144, 49, 105, 50, 96, 162, 153, 164, 161, 59, 41, 120, 38, 86, 85]","[145, 179, 91, 168, 31, 13, 56, 188, 157, 17, 196, 169, 81, 187, 174, 119, 40, 185, 8, 165, 39, 138, 32, 3, 178, 49, 102, 155, 144, 61, 62, 9, 33, 37, 148, 167, 111, 124, 94, 130, 12, 176, 66, 141, 51, 109, 72, 59, 118, 60, 46, 68, 93, 140, 36, 67, 108, 69, 163, 159, 193, 41, 96, 5, 42, 192, 160, 48, 30, 54, 147, 104, 177, 10, 190, 4, 112, 156, 29, 126, 35, 11, 184, 28, 166, 77, 105, 116, 65, 47, 131, 149, 24, 161, 194, 6, 173, 180, 158, 53, 136, 182, 121, 99, 189, 19, 100, 26, 101, 150, 1, 97, 152, 74, 125, 87, 2, 82, 120, 44, 25, 78, 145]","{'distance': {'initial': 155336, 'final': 18170}, 'objective': {'initial': -138170, 'final': 7823}}",155336,18170,-138170,7823,17166,25993,155336,17166,-138170,18170,25993,310,TSPA
lab7,imhae_2,85,375679063,105.318698,True,,"[85, 173, 187, 97, 45, 109, 26, 9, 194, 94, 104, 124, 107, 134, 74, 10, 116, 21, 56, 76, 90, 141, 61, 143, 196, 17, 84, 133, 33, 167, 52, 18, 199, 151, 179, 123, 135, 19, 22, 112, 8, 32, 103, 42, 184, 54, 154, 127, 81, 110, 137, 36, 83, 147, 138, 88, 82, 142, 70, 60, 132, 16, 145, 80, 47, 122, 165, 191, 195, 66, 152, 48, 140, 67, 183, 119, 189, 79, 178, 128, 27, 180, 53, 25, 1, 121, 144, 49, 105, 50, 96, 162, 153, 164, 161, 59, 41, 120, 38, 86, 85]","[145, 179, 91, 168, 31, 13, 56, 188, 157, 17, 196, 169, 81, 187, 174, 119, 40, 185, 8, 165, 39, 138, 32, 3, 178, 49, 102, 155, 144, 61, 62, 9, 33, 37, 148, 167, 111, 124, 94, 130, 12, 176, 66, 141, 51, 109, 72, 59, 118, 60, 46, 68, 93, 140, 36, 67, 108, 69, 163, 159, 193, 41, 96, 5, 42, 192, 160, 48, 30, 54, 147, 104, 177, 10, 190, 4, 112, 156, 29, 126, 35, 11, 184, 28, 166, 77, 105, 116, 65, 47, 131, 149, 24, 161, 194, 6, 173, 180, 158, 53, 136, 182, 121, 99, 189, 19, 100, 26, 101, 150, 1, 97, 152, 74, 125, 87, 2, 82, 120, 44, 25, 78, 145]","{'distance': {'initial': 155336, 'final': 18170}, 'objective': {'initial': -138170, 'final': 7823}}",155336,18170,-138170,7823,17166,25993,155336,17166,-138170,18170,25993,494,TSPA
lab7,imhae_4,85,375679063,105.449767,True,,"[85, 64, 164, 139, 155, 198, 39, 79, 110, 9, 87, 126, 168, 116, 31, 82, 137, 101, 122, 152, 145, 15, 150, 54, 160, 190, 174, 165, 69, 32, 133, 33, 51, 117, 29, 177, 86, 30, 191, 38, 157, 16, 188, 141, 131, 151, 140, 149, 41, 162, 37, 134, 159, 24, 105, 118, 4, 123, 74, 112, 120, 184, 58, 44, 148, 12, 182, 21, 3, 173, 83, 46, 80, 136, 22, 55, 25, 154, 100, 132, 49, 81, 1, 163, 172, 67, 92, 102, 73, 56, 195, 94, 171, 18, 95, 66, 2, 175, 103, 70, 85]","[111, 148, 37, 33, 9, 62, 61, 15, 64, 114, 186, 23, 76, 89, 183, 153, 0, 170, 117, 93, 140, 68, 46, 198, 115, 96, 41, 193, 159, 195, 146, 103, 181, 192, 160, 48, 30, 54, 147, 104, 177, 10, 190, 4, 112, 156, 29, 126, 35, 11, 184, 28, 166, 77, 105, 116, 65, 59, 118, 60, 141, 66, 51, 109, 72, 162, 161, 194, 6, 173, 180, 158, 53, 136, 182, 121, 99, 189, 19, 100, 26, 101, 150, 1, 97, 152, 74, 125, 87, 2, 82, 120, 44, 25, 16, 88, 171, 113, 56, 13, 31, 85, 188, 157, 168, 78, 145, 179, 91, 169, 196, 81, 187, 174, 90, 107, 27, 71, 58, 164, 7, 95, 39, 165, 8, 119, 40, 185, 106, 178, 3, 32, 138, 14, 155, 144, 102, 49, 128, 167, 111]","{'distance': {'initial': 162999, 'final': 20782}, 'objective': {'initial': -145029, 'final': 8345}}",162999,20782,-145029,8345,17970,29127,162999,17970,-145029,20782,29127,1263,TSPA
lab7,imhae_6,85,375679063,105.417766,True,,"[85, 64, 164, 139, 155, 198, 39, 79, 110, 9, 87, 126, 168, 116, 31, 82, 137, 101, 122, 152, 145, 15, 150, 54, 160, 190, 174, 165, 69, 32, 133, 33, 51, 117, 29, 177, 86, 30, 191, 38, 157, 16, 188, 141, 131, 151, 140, 149, 41, 162, 37, 134, 159, 24, 105, 118, 4, 123, 74, 112, 120, 184, 58, 44, 148, 12, 182, 21, 3, 173, 83, 46, 80, 136, 22, 55, 25, 154, 100, 132, 49, 81, 1, 163, 172, 67, 92, 102, 73, 56, 195, 94, 171, 18, 95, 66, 2, 175, 103, 70, 85]","[111, 148, 37, 33, 9, 62, 61, 15, 64, 114, 186, 23, 76, 89, 183, 153, 0, 170, 117, 93, 140, 68, 46, 198, 115, 96, 41, 193, 159, 195, 146, 103, 181, 192, 160, 48, 30, 54, 147, 104, 177, 10, 190, 4, 112, 156, 29, 126, 35, 11, 184, 28, 166, 77, 105, 116, 65, 59, 118, 60, 141, 66, 51, 109, 72, 162, 161, 194, 6, 173, 180, 158, 53, 136, 182, 121, 99, 189, 19, 100, 26, 101, 150, 1, 97, 152, 74, 125, 87, 2, 82, 120, 44, 25, 16, 88, 171, 113, 56, 13, 31, 85, 188, 157, 168, 78, 145, 179, 91, 169, 196, 81, 187, 174, 90, 107, 27, 71, 58, 164, 7, 95, 39, 165, 8, 119, 40, 185, 106, 178, 3, 32, 138, 14, 155, 144, 102, 49, 128, 167, 111]","{'distance': {'initial': 162999, 'final': 20782}, 'objective': {'initial': -145029, 'final': 8345}}",162999,20782,-145029,8345,17970,29127,162999,17970,-145029,20782,29127,2686,TSPA
lab7,imhae_8,85,375679063,105.406957,True,,"[85, 13, 31, 157, 168, 78, 145, 179, 91, 55, 52, 178, 3, 106, 185, 8, 165, 119, 40, 174, 169, 196, 81, 187, 90, 107, 27, 71, 58, 164, 7, 95, 39, 138, 32, 14, 155, 144, 132, 73, 64, 114, 83, 23, 186, 15, 61, 9, 62, 102, 49, 128, 167, 33, 37, 148, 111, 124, 12, 130, 94, 19, 189, 99, 121, 182, 136, 63, 133, 151, 72, 109, 51, 66, 141, 60, 118, 59, 149, 131, 166, 28, 77, 47, 65, 116, 105, 5, 96, 41, 193, 115, 46, 198, 139, 191, 110, 68, 93, 140, 36, 163, 67, 108, 69, 18, 199, 159, 195, 146, 103, 181, 192, 160, 48, 30, 54, 147, 104, 184, 11, 84, 4, 112, 126, 156, 29, 127, 70, 6, 173, 180, 158, 53, 100, 26, 101, 150, 1, 97, 152, 74, 125, 87, 2, 82, 120, 44, 25, 16, 88, 171, 113, 56, 188, 85]","[85, 13, 31, 157, 168, 78, 145, 179, 91, 169, 196, 81, 187, 174, 90, 107, 27, 71, 58, 164, 7, 95, 39, 165, 119, 40, 185, 8, 138, 32, 3, 178, 49, 102, 155, 144, 61, 62, 9, 37, 33, 167, 111, 124, 94, 130, 12, 148, 15, 64, 114, 186, 23, 137, 176, 66, 141, 51, 109, 72, 59, 118, 60, 46, 68, 93, 140, 36, 67, 108, 69, 163, 110, 191, 139, 198, 115, 96, 41, 193, 159, 195, 146, 103, 181, 192, 160, 48, 30, 54, 147, 104, 177, 10, 190, 4, 112, 126, 156, 29, 35, 11, 184, 28, 166, 77, 105, 116, 65, 47, 131, 149, 24, 161, 194, 6, 173, 180, 158, 53, 136, 182, 121, 99, 189, 19, 100, 26, 101, 150, 1, 97, 152, 74, 125, 87, 2, 82, 120, 44, 25, 16, 88, 171, 113, 56, 188, 85]","{'distance': {'initial': 25074, 'final': 22566}, 'objective': {'initial': 0, 'final': 8394}}",25074,22566,0,8394,31136,30960,25074,31136,0,22566,30960,3786,TSPA
lab7,imhae_12,85,375679063,105.664235,True,,"[85, 13, 31, 157, 168, 78, 145, 179, 91, 55, 52, 178, 3, 106, 185, 8, 165, 119, 40, 174, 169, 196, 81, 187, 90, 107, 27, 71, 58, 164, 7, 95, 39, 138, 32, 14, 155, 144, 132, 73, 64, 114, 83, 23, 186, 15, 61, 9, 62, 102, 49, 128, 167, 33, 37, 148, 111, 124, 12, 130, 94, 19, 189, 99, 121, 182, 136, 63, 133, 151, 72, 109, 51, 66, 141, 60, 118, 59, 149, 131, 166, 28, 77, 47, 65, 116, 105, 5, 96, 41, 193, 115, 46, 198, 139, 191, 110, 68, 93, 140, 36, 163, 67, 108, 69, 18, 199, 159, 195, 146, 103, 181, 192, 160, 48, 30, 54, 147, 104, 184, 11, 84, 4, 112, 126, 156, 29, 127, 70, 6, 173, 180, 158, 53, 100, 26, 101, 150, 1, 97, 152, 74, 125, 87, 2, 82, 120, 44, 25, 16, 88, 171, 113, 56, 188, 85]","[85, 13, 31, 157, 168, 78, 145, 179, 91, 169, 196, 81, 187, 174, 90, 107, 27, 71, 58, 164, 7, 95, 39, 165, 119, 40, 185, 8, 138, 32, 3, 178, 49, 102, 155, 144, 61, 62, 9, 37, 33, 167, 111, 124, 94, 130, 12, 148, 15, 64, 114, 186, 23, 137, 176, 66, 141, 51, 109, 72, 59, 118, 60, 46, 68, 93, 140, 36, 67, 108, 69, 163, 110, 191, 139, 198, 115, 96, 41, 193, 159, 195, 146, 103, 181, 192, 160, 48, 30, 54, 147, 104, 177, 10, 190, 4, 112, 126, 156, 29, 35, 11, 184, 28, 166, 77, 105, 116, 65, 47, 131, 149, 24, 161, 194, 6, 173, 180, 158, 53, 136, 182, 121, 99, 189, 19, 100, 26, 101, 150, 1, 97, 152, 74, 125, 87, 2, 82, 120, 44, 25, 16, 88, 171, 113, 56, 188, 85]","{'distance': {'initial': 25074, 'final': 22566}, 'objective': {'initial': 0, 'final': 8394}}",25074,22566,0,8394,31136,30960,25074,31136,0,22566,30960,3719,TSPA
lab7,msls,85,63918073,99.129441,True,,"[195, 88, 112, 106, 180, 102, 71, 64, 67, 33, 166, 38, 0, 121, 57, 31, 111, 9, 23, 130, 100, 51, 17, 157, 160, 162, 117, 54, 110, 72, 149, 92, 129, 46, 81, 136, 16, 40, 156, 87, 153, 21, 198, 5, 175, 53, 82, 115, 79, 199, 127, 119, 95, 138, 90, 109, 86, 179, 13, 137, 144, 114, 27, 167, 148, 11, 193, 141, 47, 91, 41, 36, 152, 151, 134, 170, 76, 126, 32, 103, 101, 185, 29, 78, 177, 190, 34, 113, 39, 48, 159, 118, 80, 4, 66, 12, 182, 99, 174, 6, 195]","[195, 146, 103, 181, 192, 160, 48, 30, 54, 147, 104, 177, 10, 190, 4, 156, 29, 126, 112, 84, 11, 184, 28, 166, 77, 105, 47, 65, 116, 5, 96, 115, 198, 46, 60, 141, 66, 51, 109, 118, 59, 72, 162, 161, 194, 6, 173, 180, 158, 53, 136, 182, 121, 100, 26, 99, 189, 19, 94, 130, 12, 124, 111, 167, 87, 125, 74, 152, 97, 1, 101, 150, 2, 82, 120, 44, 25, 16, 88, 171, 113, 56, 13, 31, 85, 188, 157, 168, 78, 145, 179, 91, 196, 169, 174, 81, 187, 90, 107, 27, 71, 58, 164, 7, 95, 39, 165, 8, 119, 40, 185, 106, 178, 3, 32, 138, 14, 144, 155, 49, 102, 61, 62, 9, 33, 37, 148, 15, 64, 114, 186, 23, 76, 89, 183, 153, 0, 170, 117, 93, 140, 36, 163, 67, 108, 69, 18, 199, 159, 193, 41, 195]","{'distance': {'initial': 23222, 'final': 23222}, 'objective': {'initial': 0, 'final': 7881}}",23222,23222,0,7881,31103,31103,23222,31103,0,23222,31103,200,TSPA
lab7,hae_op2_ls,85,63918073,105.276809,True,,"[85, 61, 57, 78, 97, 36, 95, 81, 195, 100, 119, 64, 139, 16, 76, 10, 152, 161, 54, 197, 19, 5, 2, 186, 32, 29, 191, 43, 53, 167, 73, 70, 158, 41, 151, 92, 104, 35, 157, 4, 72, 174, 83, 117, 120, 163, 177, 146, 153, 188, 110, 62, 17, 91, 171, 11, 79, 170, 18, 21, 58, 169, 132, 30, 179, 24, 141, 133, 47, 102, 65, 180, 111, 52, 194, 172, 77, 46, 14, 116, 98, 26, 190, 39, 164, 155, 38, 127, 50, 168, 162, 147, 115, 154, 101, 130, 165, 112, 140, 66, 85]","[29, 156, 126, 112, 4, 84, 11, 166, 28, 184, 190, 10, 177, 104, 147, 54, 30, 48, 160, 192, 181, 103, 146, 22, 159, 193, 41, 96, 115, 198, 139, 191, 110, 163, 69, 108, 67, 36, 140, 93, 68, 46, 60, 141, 66, 176, 12, 130, 94, 124, 111, 167, 148, 37, 33, 9, 62, 61, 144, 155, 102, 49, 138, 32, 3, 178, 106, 185, 40, 119, 8, 165, 39, 27, 107, 90, 174, 187, 81, 196, 169, 91, 179, 145, 78, 168, 157, 188, 85, 31, 13, 56, 113, 171, 88, 16, 25, 44, 120, 82, 2, 87, 125, 74, 152, 97, 1, 150, 101, 26, 100, 19, 189, 99, 121, 182, 136, 53, 158, 180, 173, 6, 194, 161, 162, 72, 51, 109, 118, 59, 116, 65, 47, 105, 77, 131, 149, 24, 29]","{'distance': {'initial': 168560, 'final': 20659}, 'objective': {'initial': -150971, 'final': 8279}}",168560,20659,-150971,8279,17589,28938,168560,17589,-150971,20659,28938,227,TSPA
lab7,imhae_2,85,63918073,105.247628,True,,"[85, 61, 57, 78, 97, 36, 95, 81, 195, 100, 119, 64, 139, 16, 76, 10, 152, 161, 54, 197, 19, 5, 2, 186, 32, 29, 191, 43, 53, 167, 73, 70, 158, 41, 151, 92, 104, 35, 157, 4, 72, 174, 83, 117, 120, 163, 177, 146, 153, 188, 110, 62, 17, 91, 171, 11, 79, 170, 18, 21, 58, 169, 132, 30, 179, 24, 141, 133, 47, 102, 65, 180, 111, 52, 194, 172, 77, 46, 14, 116, 98, 26, 190, 39, 164, 155, 38, 127, 50, 168, 162, 147, 115, 154, 101, 130, 165, 112, 140, 66, 85]","[29, 156, 126, 112, 4, 84, 11, 166, 28, 184, 190, 10, 177, 104, 147, 54, 30, 48, 160, 192, 181, 103, 146, 22, 159, 193, 41, 96, 115, 198, 139, 191, 110, 163, 69, 108, 67, 36, 140, 93, 68, 46, 60, 141, 66, 176, 12, 130, 94, 124, 111, 167, 148, 37, 33, 9, 62, 61, 144, 155, 102, 49, 138, 32, 3, 178, 106, 185, 40, 119, 8, 165, 39, 27, 107, 90, 174, 187, 81, 196, 169, 91, 179, 145, 78, 168, 157, 188, 85, 31, 13, 56, 113, 171, 88, 16, 25, 44, 120, 82, 2, 87, 125, 74, 152, 97, 1, 150, 101, 26, 100, 19, 189, 99, 121, 182, 136, 53, 158, 180, 173, 6, 194, 161, 162, 72, 51, 109, 118, 59, 116, 65, 47, 105, 77, 131, 149, 24, 29]","{'distance': {'initial': 168560, 'final': 20659}, 'objective': {'initial': -150971, 'final': 8279}}",168560,20659,-150971,8279,17589,28938,168560,17589,-150971,20659,28938,413,TSPA
lab7,imhae_4,85,63918073,105.536926,True,,"[85, 61, 57, 78, 97, 36, 95, 81, 195, 100, 119, 64, 139, 16, 76, 10, 152, 161, 54, 197, 19, 5, 2, 186, 32, 29, 191, 43, 53, 167, 73, 70, 158, 41, 151, 92, 104, 35, 157, 4, 72, 174, 83, 117, 120, 163, 177, 146, 153, 188, 110, 62, 17, 91, 171, 11, 79, 170, 18, 21, 58, 169, 132, 30, 179, 24, 141, 133, 47, 102, 65, 180, 111, 52, 194, 172, 77, 46, 14, 116, 98, 26, 190, 39, 164, 155, 38, 127, 50, 168, 162, 147, 115, 154, 101, 130, 165, 112, 140, 66, 85]","[29, 156, 126, 112, 4, 84, 11, 166, 28, 184, 190, 10, 177, 104, 147, 54, 30, 48, 160, 192, 181, 103, 146, 22, 159, 193, 41, 96, 115, 198, 139, 191, 110, 163, 69, 108, 67, 36, 140, 93, 68, 46, 60, 141, 66, 176, 12, 130, 94, 124, 111, 167, 148, 37, 33, 9, 62, 61, 144, 155, 102, 49, 138, 32, 3, 178, 106, 185, 40, 119, 8, 165, 39, 27, 107, 90, 174, 187, 81, 196, 169, 91, 179, 145, 78, 168, 157, 188, 85, 31, 13, 56, 113, 171, 88, 16, 25, 44, 120, 82, 2, 87, 125, 74, 152, 97, 1, 150, 101, 26, 100, 19, 189, 99, 121, 182, 136, 53, 158, 180, 173, 6, 194, 161, 162, 72, 51, 109, 118, 59, 116, 65, 47, 105, 77, 131, 149, 24, 29]","{'distance': {'initial': 168560, 'final': 20659}, 'objective': {'initial': -150971, 'final': 8279}}",168560,20659,-150971,8279,17589,28938,168560,17589,-150971,20659,28938,1186,TSPA
lab7,imhae_6,85,63918073,105.377447,True,,"[85, 61, 57, 78, 97, 36, 95, 81, 195, 100, 119, 64, 139, 16, 76, 10, 152, 161, 54, 197, 19, 5, 2, 186, 32, 29, 191, 43, 53, 167, 73, 70, 158, 41, 151, 92, 104, 35, 157, 4, 72, 174, 83, 117, 120, 163, 177, 146, 153, 188, 110, 62, 17, 91, 171, 11, 79, 170, 18, 21, 58, 169, 132, 30, 179, 24, 141, 133, 47, 102, 65, 180, 111, 52, 194, 172, 77, 46, 14, 116, 98, 26, 190, 39, 164, 155, 38, 127, 50, 168, 162, 147, 115, 154, 101, 130, 165, 112, 140, 66, 85]","[29, 156, 126, 112, 4, 84, 11, 166, 28, 184, 190, 10, 177, 104, 147, 54, 30, 48, 160, 192, 181, 103, 146, 22, 159, 193, 41, 96, 115, 198, 139, 191, 110, 163, 69, 108, 67, 36, 140, 93, 68, 46, 60, 141, 66, 176, 12, 130, 94, 124, 111, 167, 148, 37, 33, 9, 62, 61, 144, 155, 102, 49, 138, 32, 3, 178, 106, 185, 40, 119, 8, 165, 39, 27, 107, 90, 174, 187, 81, 196, 169, 91, 179, 145, 78, 168, 157, 188, 85, 31, 13, 56, 113, 171, 88, 16, 25, 44, 120, 82, 2, 87, 125, 74, 152, 97, 1, 150, 101, 26, 100, 19, 189, 99, 121, 182, 136, 53, 158, 180, 173, 6, 194, 161, 162, 72, 51, 109, 118, 59, 116, 65, 47, 105, 77, 131, 149, 24, 29]","{'distance': {'initial': 168560, 'final': 20659}, 'objective': {'initial': -150971, 'final': 8279}}",168560,20659,-150971,8279,17589,28938,168560,17589,-150971,20659,28938,2527,TSPA
lab7,imhae_8,85,63918073,105.297708,True,,"[85, 31, 168, 157, 17, 196, 169, 81, 187, 174, 40, 119, 185, 8, 165, 39, 90, 107, 27, 71, 58, 164, 7, 21, 132, 144, 155, 61, 9, 62, 102, 49, 138, 32, 3, 178, 128, 167, 111, 124, 94, 130, 12, 137, 23, 76, 89, 183, 153, 0, 170, 117, 93, 140, 36, 67, 108, 69, 163, 110, 139, 191, 41, 193, 159, 195, 146, 103, 181, 192, 160, 28, 166, 11, 184, 48, 30, 54, 147, 104, 177, 10, 190, 4, 112, 126, 156, 29, 24, 149, 131, 77, 105, 47, 65, 116, 5, 96, 115, 59, 72, 118, 60, 109, 51, 141, 66, 176, 80, 63, 182, 136, 180, 173, 6, 154, 158, 53, 121, 99, 189, 19, 100, 26, 101, 150, 1, 97, 152, 74, 125, 87, 172, 52, 55, 57, 92, 82, 120, 44, 25, 16, 88, 171, 13, 56, 188, 85]","[85, 31, 168, 157, 17, 196, 169, 81, 187, 174, 90, 107, 27, 71, 58, 164, 7, 95, 39, 165, 8, 119, 40, 185, 106, 178, 3, 32, 138, 14, 155, 144, 102, 49, 128, 167, 111, 124, 94, 130, 12, 148, 37, 33, 9, 62, 61, 15, 64, 114, 186, 23, 76, 89, 183, 153, 0, 170, 117, 93, 140, 36, 67, 108, 69, 163, 110, 191, 139, 198, 46, 115, 96, 41, 193, 159, 22, 146, 103, 181, 192, 160, 48, 30, 54, 147, 104, 177, 10, 190, 4, 112, 126, 156, 29, 24, 149, 131, 11, 184, 28, 166, 77, 105, 116, 65, 59, 118, 60, 141, 66, 51, 109, 72, 162, 161, 194, 6, 173, 180, 158, 53, 136, 182, 121, 99, 189, 19, 100, 26, 101, 150, 1, 97, 152, 74, 125, 87, 2, 82, 120, 44, 25, 16, 88, 171, 13, 56, 188, 85]","{'distance': {'initial': 23729, 'final': 22688}, 'objective': {'initial': 0, 'final': 8172}}",23729,22688,0,8172,29798,30860,23729,29798,0,22688,30860,3533,TSPA
lab7,imhae_12,85,63918073,105.799373,True,,"[85, 130, 38, 156, 90, 28, 2, 22, 92, 124, 196, 179, 112, 120, 12, 25, 194, 82, 186, 80, 146, 103, 121, 101, 84, 144, 97, 44, 188, 189, 152, 47, 170, 5, 27, 128, 160, 0, 192, 15, 174, 73, 162, 153, 52, 123, 173, 98, 109, 107, 99, 115, 163, 60, 37, 198, 9, 184, 43, 20, 26, 4, 69, 55, 30, 182, 187, 176, 127, 148, 54, 143, 42, 149, 66, 45, 94, 62, 102, 142, 39, 51, 32, 122, 132, 64, 108, 74, 145, 58, 161, 111, 167, 88, 6, 24, 89, 168, 155, 79, 85]","[56, 13, 31, 168, 91, 179, 145, 78, 25, 44, 120, 82, 2, 87, 125, 74, 152, 97, 1, 150, 101, 26, 100, 19, 124, 12, 130, 94, 189, 99, 121, 182, 136, 53, 158, 180, 173, 6, 194, 161, 162, 72, 59, 118, 109, 51, 66, 141, 60, 46, 198, 115, 116, 65, 47, 105, 77, 166, 28, 184, 11, 35, 29, 156, 126, 112, 4, 190, 10, 177, 104, 147, 54, 30, 48, 160, 192, 42, 5, 96, 41, 193, 159, 199, 18, 69, 108, 67, 163, 36, 140, 93, 117, 170, 0, 153, 183, 89, 76, 23, 186, 114, 64, 15, 9, 62, 61, 144, 155, 102, 49, 32, 138, 8, 185, 40, 119, 165, 39, 95, 7, 164, 58, 71, 27, 107, 90, 174, 187, 81, 169, 196, 17, 157, 188, 56]","{'distance': {'initial': 164278, 'final': 20612}, 'objective': {'initial': -146710, 'final': 8185}}",164278,20612,-146710,8185,17568,28797,164278,17568,-146710,20612,28797,3612,TSPA
lab7,msls,85,942791168,103.415477,True,,"[92, 168, 149, 145, 74, 172, 5, 165, 19, 87, 133, 112, 84, 193, 100, 139, 181, 17, 177, 81, 46, 53, 143, 174, 183, 189, 39, 68, 135, 4, 48, 14, 56, 137, 47, 90, 184, 93, 147, 113, 94, 27, 158, 141, 89, 24, 130, 171, 88, 10, 115, 167, 194, 34, 57, 107, 83, 123, 40, 170, 102, 1, 199, 16, 119, 82, 78, 157, 13, 63, 95, 20, 125, 109, 73, 6, 42, 144, 80, 50, 41, 9, 138, 7, 21, 129, 8, 152, 11, 116, 164, 182, 69, 155, 71, 188, 146, 118, 195, 62, 92]","[92, 179, 91, 145, 168, 78, 16, 88, 171, 13, 31, 56, 188, 157, 17, 196, 169, 81, 187, 174, 90, 107, 27, 71, 58, 164, 7, 95, 39, 165, 119, 40, 185, 8, 138, 32, 49, 102, 155, 144, 61, 62, 9, 15, 64, 114, 83, 89, 183, 76, 23, 137, 176, 66, 141, 60, 46, 68, 0, 170, 117, 93, 140, 36, 67, 108, 69, 163, 110, 191, 139, 198, 115, 96, 41, 193, 159, 195, 146, 103, 181, 192, 160, 48, 30, 54, 147, 104, 177, 10, 190, 184, 28, 166, 11, 84, 4, 112, 126, 156, 29, 24, 149, 131, 77, 105, 47, 65, 116, 59, 118, 109, 51, 72, 162, 161, 194, 6, 173, 180, 158, 53, 121, 99, 182, 136, 63, 94, 130, 12, 148, 37, 33, 167, 111, 124, 189, 19, 100, 26, 101, 150, 1, 97, 152, 74, 125, 87, 2, 120, 44, 82, 92]","{'distance': {'initial': 24573, 'final': 24573}, 'objective': {'initial': 0, 'final': 7473}}",24573,24573,0,7473,32046,32046,24573,32046,0,24573,32046,200,TSPA
lab7,hae_op2_ls,85,942791168,105.11095,True,,"[85, 146, 172, 114, 18, 157, 4, 50, 73, 113, 46, 164, 186, 1, 43, 36, 196, 64, 193, 68, 198, 102, 137, 129, 123, 32, 9, 116, 148, 55, 88, 134, 163, 142, 28, 67, 5, 139, 130, 72, 178, 150, 197, 152, 171, 66, 53, 149, 58, 127, 111, 56, 19, 7, 16, 52, 86, 51, 128, 179, 187, 40, 181, 71, 75, 174, 34, 125, 99, 17, 106, 168, 30, 192, 87, 93, 65, 25, 105, 96, 140, 180, 151, 70, 41, 63, 39, 141, 185, 90, 62, 124, 107, 119, 74, 77, 121, 11, 159, 101, 85]","[99, 100, 26, 97, 101, 150, 1, 87, 125, 74, 152, 19, 189, 94, 130, 12, 124, 111, 167, 172, 129, 82, 120, 44, 25, 78, 145, 179, 91, 168, 31, 13, 56, 188, 157, 17, 196, 169, 81, 187, 174, 90, 107, 27, 71, 58, 164, 7, 95, 39, 165, 119, 40, 185, 8, 138, 178, 3, 32, 14, 155, 144, 49, 102, 62, 9, 61, 15, 64, 114, 186, 23, 76, 89, 183, 153, 0, 170, 117, 93, 140, 36, 67, 108, 69, 163, 110, 191, 139, 198, 46, 60, 141, 66, 51, 109, 118, 59, 72, 149, 131, 47, 65, 116, 105, 77, 166, 11, 184, 28, 42, 5, 96, 41, 193, 159, 195, 146, 103, 181, 192, 160, 48, 30, 54, 147, 104, 177, 10, 190, 4, 112, 126, 156, 29, 24, 161, 194, 6, 173, 180, 158, 53, 136, 182, 121, 99]","{'distance': {'initial': 164499, 'final': 22572}, 'objective': {'initial': -145742, 'final': 7993}}",164499,22572,-145742,7993,18757,30565,164499,18757,-145742,22572,30565,237,TSPA
lab7,imhae_2,85,942791168,105.343847,True,,"[85, 146, 172, 114, 18, 157, 4, 50, 73, 113, 46, 164, 186, 1, 43, 36, 196, 64, 193, 68, 198, 102, 137, 129, 123, 32, 9, 116, 148, 55, 88, 134, 163, 142, 28, 67, 5, 139, 130, 72, 178, 150, 197, 152, 171, 66, 53, 149, 58, 127, 111, 56, 19, 7, 16, 52, 86, 51, 128, 179, 187, 40, 181, 71, 75, 174, 34, 125, 99, 17, 106, 168, 30, 192, 87, 93, 65, 25, 105, 96, 140, 180, 151, 70, 41, 63, 39, 141, 185, 90, 62, 124, 107, 119, 74, 77, 121, 11, 159, 101, 85]","[99, 100, 26, 97, 101, 150, 1, 87, 125, 74, 152, 19, 189, 94, 130, 12, 124, 111, 167, 172, 129, 82, 120, 44, 25, 78, 145, 179, 91, 168, 31, 13, 56, 188, 157, 17, 196, 169, 81, 187, 174, 90, 107, 27, 71, 58, 164, 7, 95, 39, 165, 119, 40, 185, 8, 138, 178, 3, 32, 14, 155, 144, 49, 102, 62, 9, 61, 15, 64, 114, 186, 23, 76, 89, 183, 153, 0, 170, 117, 93, 140, 36, 67, 108, 69, 163, 110, 191, 139, 198, 46, 60, 141, 66, 51, 109, 118, 59, 72, 149, 131, 47, 65, 116, 105, 77, 166, 11, 184, 28, 42, 5, 96, 41, 193, 159, 195, 146, 103, 181, 192, 160, 48, 30, 54, 147, 104, 177, 10, 190, 4, 112, 126, 156, 29, 24, 161, 194, 6, 173, 180, 158, 53, 136, 182, 121, 99]","{'distance': {'initial': 164499, 'final': 22572}, 'objective': {'initial': -145742, 'final': 7993}}",164499,22572,-145742,7993,18757,30565,164499,18757,-145742,22572,30565,434,TSPA
lab7,imhae_4,85,942791168,105.443466,True,,"[85, 118, 5, 131, 108, 67, 192, 38, 61, 148, 23, 98, 137, 100, 195, 99, 165, 3, 114, 24, 95, 25, 96, 110, 120, 166, 161, 11, 151, 56, 174, 147, 89, 21, 168, 140, 28, 91, 26, 139, 178, 64, 113, 123, 46, 55, 149, 60, 92, 90, 167, 7, 175, 184, 126, 72, 1, 20, 145, 33, 76, 183, 78, 153, 84, 138, 80, 41, 106, 125, 154, 8, 13, 143, 185, 182, 170, 65, 194, 79, 111, 48, 156, 124, 155, 86, 70, 128, 6, 181, 176, 52, 51, 197, 22, 34, 119, 97, 43, 187, 85]","[26, 101, 150, 1, 97, 152, 74, 125, 87, 2, 82, 120, 44, 25, 78, 145, 179, 91, 168, 31, 13, 56, 188, 157, 17, 196, 169, 81, 187, 174, 90, 107, 27, 39, 165, 8, 119, 40, 185, 106, 178, 3, 32, 138, 49, 155, 144, 102, 128, 167, 111, 124, 94, 130, 12, 148, 37, 33, 9, 62, 61, 15, 64, 114, 186, 23, 137, 176, 66, 141, 51, 109, 72, 59, 118, 60, 46, 68, 93, 140, 36, 67, 108, 69, 163, 110, 191, 139, 198, 115, 96, 41, 193, 159, 195, 146, 103, 181, 192, 160, 48, 30, 54, 147, 104, 177, 10, 190, 4, 112, 156, 29, 126, 35, 11, 184, 28, 166, 77, 105, 116, 65, 47, 131, 149, 24, 161, 194, 6, 173, 180, 158, 53, 136, 182, 121, 99, 189, 19, 100, 26]","{'distance': {'initial': 160662, 'final': 21379}, 'objective': {'initial': -143545, 'final': 8145}}",160662,21379,-143545,8145,17117,29524,160662,17117,-143545,21379,29524,1251,TSPA
lab7,imhae_6,85,942791168,105.446786,True,,"[85, 118, 5, 131, 108, 67, 192, 38, 61, 148, 23, 98, 137, 100, 195, 99, 165, 3, 114, 24, 95, 25, 96, 110, 120, 166, 161, 11, 151, 56, 174, 147, 89, 21, 168, 140, 28, 91, 26, 139, 178, 64, 113, 123, 46, 55, 149, 60, 92, 90, 167, 7, 175, 184, 126, 72, 1, 20, 145, 33, 76, 183, 78, 153, 84, 138, 80, 41, 106, 125, 154, 8, 13, 143, 185, 182, 170, 65, 194, 79, 111, 48, 156, 124, 155, 86, 70, 128, 6, 181, 176, 52, 51, 197, 22, 34, 119, 97, 43, 187, 85]","[26, 101, 150, 1, 97, 152, 74, 125, 87, 2, 82, 120, 44, 25, 78, 145, 179, 91, 168, 31, 13, 56, 188, 157, 17, 196, 169, 81, 187, 174, 90, 107, 27, 39, 165, 8, 119, 40, 185, 106, 178, 3, 32, 138, 49, 155, 144, 102, 128, 167, 111, 124, 94, 130, 12, 148, 37, 33, 9, 62, 61, 15, 64, 114, 186, 23, 137, 176, 66, 141, 51, 109, 72, 59, 118, 60, 46, 68, 93, 140, 36, 67, 108, 69, 163, 110, 191, 139, 198, 115, 96, 41, 193, 159, 195, 146, 103, 181, 192, 160, 48, 30, 54, 147, 104, 177, 10, 190, 4, 112, 156, 29, 126, 35, 11, 184, 28, 166, 77, 105, 116, 65, 47, 131, 149, 24, 161, 194, 6, 173, 180, 158, 53, 136, 182, 121, 99, 189, 19, 100, 26]","{'distance': {'initial': 160662, 'final': 21379}, 'objective': {'initial': -143545, 'final': 8145}}",160662,21379,-143545,8145,17117,29524,160662,17117,-143545,21379,29524,2494,TSPA
lab7,imhae_8,85,942791168,105.380277,True,,"[85, 118, 5, 131, 108, 67, 192, 38, 61, 148, 23, 98, 137, 100, 195, 99, 165, 3, 114, 24, 95, 25, 96, 110, 120, 166, 161, 11, 151, 56, 174, 147, 89, 21, 168, 140, 28, 91, 26, 139, 178, 64, 113, 123, 46, 55, 149, 60, 92, 90, 167, 7, 175, 184, 126, 72, 1, 20, 145, 33, 76, 183, 78, 153, 84, 138, 80, 41, 106, 125, 154, 8, 13, 143, 185, 182, 170, 65, 194, 79, 111, 48, 156, 124, 155, 86, 70, 128, 6, 181, 176, 52, 51, 197, 22, 34, 119, 97, 43, 187, 85]","[26, 101, 150, 1, 97, 152, 74, 125, 87, 2, 82, 120, 44, 25, 78, 145, 179, 91, 168, 31, 13, 56, 188, 157, 17, 196, 169, 81, 187, 174, 90, 107, 27, 39, 165, 8, 119, 40, 185, 106, 178, 3, 32, 138, 49, 155, 144, 102, 128, 167, 111, 124, 94, 130, 12, 148, 37, 33, 9, 62, 61, 15, 64, 114, 186, 23, 137, 176, 66, 141, 51, 109, 72, 59, 118, 60, 46, 68, 93, 140, 36, 67, 108, 69, 163, 110, 191, 139, 198, 115, 96, 41, 193, 159, 195, 146, 103, 181, 192, 160, 48, 30, 54, 147, 104, 177, 10, 190, 4, 112, 156, 29, 126, 35, 11, 184, 28, 166, 77, 105, 116, 65, 47, 131, 149, 24, 161, 194, 6, 173, 180, 158, 53, 136, 182, 121, 99, 189, 19, 100, 26]","{'distance': {'initial': 160662, 'final': 21379}, 'objective': {'initial': -143545, 'final': 8145}}",160662,21379,-143545,8145,17117,29524,160662,17117,-143545,21379,29524,3537,TSPA
lab7,imhae_12,85,942791168,105.719943,True,,"[85, 118, 5, 131, 108, 67, 192, 38, 61, 148, 23, 98, 137, 100, 195, 99, 165, 3, 114, 24, 95, 25, 96, 110, 120, 166, 161, 11, 151, 56, 174, 147, 89, 21, 168, 140, 28, 91, 26, 139, 178, 64, 113, 123, 46, 55, 149, 60, 92, 90, 167, 7, 175, 184, 126, 72, 1, 20, 145, 33, 76, 183, 78, 153, 84, 138, 80, 41, 106, 125, 154, 8, 13, 143, 185, 182, 170, 65, 194, 79, 111, 48, 156, 124, 155, 86, 70, 128, 6, 181, 176, 52, 51, 197, 22, 34, 119, 97, 43, 187, 85]","[26, 101, 150, 1, 97, 152, 74, 125, 87, 2, 82, 120, 44, 25, 78, 168, 145, 179, 91, 169, 196, 17, 157, 31, 13, 56, 188, 98, 81, 187, 174, 90, 107, 27, 71, 58, 164, 7, 95, 39, 165, 8, 119, 40, 185, 106, 178, 3, 32, 138, 14, 155, 144, 102, 49, 128, 167, 111, 124, 94, 130, 12, 148, 37, 33, 9, 62, 61, 15, 64, 114, 186, 23, 137, 176, 66, 141, 51, 109, 72, 59, 118, 60, 46, 198, 115, 96, 41, 193, 159, 195, 146, 103, 181, 192, 160, 48, 30, 54, 147, 104, 177, 10, 190, 4, 112, 156, 29, 126, 35, 11, 184, 28, 166, 77, 105, 116, 65, 47, 131, 149, 24, 161, 194, 6, 173, 180, 158, 53, 136, 182, 121, 99, 189, 19, 100, 26]","{'distance': {'initial': 160662, 'final': 20325}, 'objective': {'initial': -143545, 'final': 8091}}",160662,20325,-143545,8091,17117,28416,160662,17117,-143545,20325,28416,3596,TSPA
lab7,msls,85,647651470,101.13869,True,,"[146, 142, 4, 33, 1, 191, 93, 110, 118, 46, 11, 140, 106, 95, 127, 123, 65, 32, 184, 164, 160, 39, 193, 111, 143, 189, 102, 79, 86, 139, 195, 16, 155, 82, 53, 47, 44, 144, 135, 91, 92, 196, 148, 197, 70, 36, 66, 182, 185, 100, 169, 28, 29, 152, 121, 115, 126, 190, 73, 41, 58, 12, 124, 114, 163, 14, 180, 122, 59, 116, 130, 15, 178, 157, 101, 24, 128, 90, 22, 83, 57, 0, 119, 113, 187, 125, 168, 68, 61, 170, 49, 103, 109, 134, 10, 173, 80, 186, 54, 69, 146]","[146, 103, 181, 192, 160, 48, 30, 54, 147, 104, 184, 28, 166, 11, 84, 4, 112, 126, 156, 29, 127, 194, 6, 173, 180, 158, 53, 136, 182, 63, 130, 12, 124, 94, 19, 189, 99, 121, 100, 26, 97, 101, 150, 1, 152, 74, 125, 87, 2, 82, 120, 44, 25, 78, 145, 168, 31, 13, 56, 188, 157, 17, 81, 187, 174, 90, 107, 27, 71, 58, 164, 7, 95, 39, 165, 8, 185, 119, 40, 169, 196, 91, 179, 55, 52, 106, 178, 3, 32, 138, 49, 102, 155, 144, 61, 62, 9, 37, 33, 167, 111, 148, 15, 64, 114, 83, 89, 183, 76, 23, 137, 176, 66, 141, 51, 109, 60, 118, 59, 72, 162, 161, 24, 149, 131, 77, 105, 47, 65, 116, 5, 96, 115, 198, 46, 68, 93, 140, 36, 67, 108, 69, 163, 110, 139, 191, 41, 193, 159, 195, 146]","{'distance': {'initial': 23458, 'final': 23458}, 'objective': {'initial': 0, 'final': 7648}}",23458,23458,0,7648,31106,31106,23458,31106,0,23458,31106,200,TSPA
lab7,hae_op2_ls,85,647651470,105.214819,True,,"[85, 103, 94, 184, 14, 171, 162, 10, 190, 44, 96, 115, 157, 19, 23, 18, 189, 176, 84, 88, 154, 142, 148, 126, 63, 149, 108, 199, 11, 62, 9, 123, 175, 13, 54, 128, 2, 156, 112, 40, 99, 151, 53, 155, 66, 102, 117, 33, 131, 122, 38, 17, 107, 110, 81, 146, 135, 137, 8, 185, 30, 141, 31, 68, 100, 35, 143, 147, 168, 60, 16, 59, 133, 25, 51, 104, 86, 186, 97, 194, 65, 12, 67, 71, 150, 79, 125, 180, 47, 183, 173, 139, 170, 32, 164, 158, 121, 41, 55, 50, 85]","[102, 49, 138, 32, 3, 178, 106, 185, 40, 119, 8, 165, 39, 95, 7, 164, 58, 71, 27, 107, 90, 174, 187, 81, 169, 196, 17, 157, 188, 56, 13, 31, 168, 91, 179, 145, 78, 25, 44, 120, 82, 2, 87, 125, 74, 152, 1, 150, 101, 97, 26, 100, 19, 189, 99, 121, 182, 136, 53, 158, 180, 173, 6, 194, 161, 24, 149, 131, 47, 65, 116, 105, 77, 166, 28, 184, 11, 35, 126, 29, 156, 112, 4, 190, 10, 177, 104, 147, 54, 30, 48, 160, 192, 42, 5, 96, 115, 198, 139, 110, 191, 41, 193, 159, 199, 18, 69, 108, 67, 163, 36, 140, 93, 68, 46, 60, 118, 59, 72, 109, 51, 141, 66, 176, 12, 130, 94, 124, 111, 167, 148, 37, 33, 9, 62, 61, 144, 155, 102]","{'distance': {'initial': 168240, 'final': 20583}, 'objective': {'initial': -151051, 'final': 8272}}",168240,20583,-151051,8272,17189,28855,168240,17189,-151051,20583,28855,234,TSPA
lab7,imhae_2,85,647651470,105.301338,True,,"[85, 103, 94, 184, 14, 171, 162, 10, 190, 44, 96, 115, 157, 19, 23, 18, 189, 176, 84, 88, 154, 142, 148, 126, 63, 149, 108, 199, 11, 62, 9, 123, 175, 13, 54, 128, 2, 156, 112, 40, 99, 151, 53, 155, 66, 102, 117, 33, 131, 122, 38, 17, 107, 110, 81, 146, 135, 137, 8, 185, 30, 141, 31, 68, 100, 35, 143, 147, 168, 60, 16, 59, 133, 25, 51, 104, 86, 186, 97, 194, 65, 12, 67, 71, 150, 79, 125, 180, 47, 183, 173, 139, 170, 32, 164, 158, 121, 41, 55, 50, 85]","[102, 49, 138, 32, 3, 178, 106, 185, 40, 119, 8, 165, 39, 95, 7, 164, 58, 71, 27, 107, 90, 174, 187, 81, 169, 196, 17, 157, 188, 56, 13, 31, 168, 91, 179, 145, 78, 25, 44, 120, 82, 2, 87, 125, 74, 152, 1, 150, 101, 97, 26, 100, 19, 189, 99, 121, 182, 136, 53, 158, 180, 173, 6, 194, 161, 24, 149, 131, 47, 65, 116, 105, 77, 166, 28, 184, 11, 35, 126, 29, 156, 112, 4, 190, 10, 177, 104, 147, 54, 30, 48, 160, 192, 42, 5, 96, 115, 198, 139, 110, 191, 41, 193, 159, 199, 18, 69, 108, 67, 163, 36, 140, 93, 68, 46, 60, 118, 59, 72, 109, 51, 141, 66, 176, 12, 130, 94, 124, 111, 167, 148, 37, 33, 9, 62, 61, 144, 155, 102]","{'distance': {'initial': 168240, 'final': 20583}, 'objective': {'initial': -151051, 'final': 8272}}",168240,20583,-151051,8272,17189,28855,168240,17189,-151051,20583,28855,438,TSPA
lab7,imhae_4,85,647651470,105.202069,True,,"[85, 103, 94, 184, 14, 171, 162, 10, 190, 44, 96, 115, 157, 19, 23, 18, 189, 176, 84, 88, 154, 142, 148, 126, 63, 149, 108, 199, 11, 62, 9, 123, 175, 13, 54, 128, 2, 156, 112, 40, 99, 151, 53, 155, 66, 102, 117, 33, 131, 122, 38, 17, 107, 110, 81, 146, 135, 137, 8, 185, 30, 141, 31, 68, 100, 35, 143, 147, 168, 60, 16, 59, 133, 25, 51, 104, 86, 186, 97, 194, 65, 12, 67, 71, 150, 79, 125, 180, 47, 183, 173, 139, 170, 32, 164, 158, 121, 41, 55, 50, 85]","[102, 49, 138, 32, 3, 178, 106, 185, 40, 119, 8, 165, 39, 95, 7, 164, 58, 71, 27, 107, 90, 174, 187, 81, 169, 196, 17, 157, 188, 56, 13, 31, 168, 91, 179, 145, 78, 25, 44, 120, 82, 2, 87, 125, 74, 152, 1, 150, 101, 97, 26, 100, 19, 189, 99, 121, 182, 136, 53, 158, 180, 173, 6, 194, 161, 24, 149, 131, 47, 65, 116, 105, 77, 166, 28, 184, 11, 35, 126, 29, 156, 112, 4, 190, 10, 177, 104, 147, 54, 30, 48, 160, 192, 42, 5, 96, 115, 198, 139, 110, 191, 41, 193, 159, 199, 18, 69, 108, 67, 163, 36, 140, 93, 68, 46, 60, 118, 59, 72, 109, 51, 141, 66, 176, 12, 130, 94, 124, 111, 167, 148, 37, 33, 9, 62, 61, 144, 155, 102]","{'distance': {'initial': 168240, 'final': 20583}, 'objective': {'initial': -151051, 'final': 8272}}",168240,20583,-151051,8272,17189,28855,168240,17189,-151051,20583,28855,1201,TSPA
lab7,imhae_6,85,647651470,105.477016,True,,"[85, 103, 94, 184, 14, 171, 162, 10, 190, 44, 96, 115, 157, 19, 23, 18, 189, 176, 84, 88, 154, 142, 148, 126, 63, 149, 108, 199, 11, 62, 9, 123, 175, 13, 54, 128, 2, 156, 112, 40, 99, 151, 53, 155, 66, 102, 117, 33, 131, 122, 38, 17, 107, 110, 81, 146, 135, 137, 8, 185, 30, 141, 31, 68, 100, 35, 143, 147, 168, 60, 16, 59, 133, 25, 51, 104, 86, 186, 97, 194, 65, 12, 67, 71, 150, 79, 125, 180, 47, 183, 173, 139, 170, 32, 164, 158, 121, 41, 55, 50, 85]","[102, 49, 138, 32, 3, 178, 106, 185, 40, 119, 8, 165, 39, 95, 7, 164, 58, 71, 27, 107, 90, 174, 187, 81, 169, 196, 17, 157, 188, 56, 13, 31, 168, 91, 179, 145, 78, 25, 44, 120, 82, 2, 87, 125, 74, 152, 1, 150, 101, 97, 26, 100, 19, 189, 99, 121, 182, 136, 53, 158, 180, 173, 6, 194, 161, 24, 149, 131, 47, 65, 116, 105, 77, 166, 28, 184, 11, 35, 126, 29, 156, 112, 4, 190, 10, 177, 104, 147, 54, 30, 48, 160, 192, 42, 5, 96, 115, 198, 139, 110, 191, 41, 193, 159, 199, 18, 69, 108, 67, 163, 36, 140, 93, 68, 46, 60, 118, 59, 72, 109, 51, 141, 66, 176, 12, 130, 94, 124, 111, 167, 148, 37, 33, 9, 62, 61, 144, 155, 102]","{'distance': {'initial': 168240, 'final': 20583}, 'objective': {'initial': -151051, 'final': 8272}}",168240,20583,-151051,8272,17189,28855,168240,17189,-151051,20583,28855,2493,TSPA
lab7,imhae_8,85,647651470,105.533056,True,,"[85, 103, 94, 184, 14, 171, 162, 10, 190, 44, 96, 115, 157, 19, 23, 18, 189, 176, 84, 88, 154, 142, 148, 126, 63, 149, 108, 199, 11, 62, 9, 123, 175, 13, 54, 128, 2, 156, 112, 40, 99, 151, 53, 155, 66, 102, 117, 33, 131, 122, 38, 17, 107, 110, 81, 146, 135, 137, 8, 185, 30, 141, 31, 68, 100, 35, 143, 147, 168, 60, 16, 59, 133, 25, 51, 104, 86, 186, 97, 194, 65, 12, 67, 71, 150, 79, 125, 180, 47, 183, 173, 139, 170, 32, 164, 158, 121, 41, 55, 50, 85]","[102, 49, 138, 32, 3, 178, 106, 185, 40, 119, 8, 165, 39, 95, 7, 164, 58, 71, 27, 107, 90, 174, 187, 81, 169, 196, 17, 157, 188, 56, 13, 31, 168, 91, 179, 145, 78, 25, 44, 120, 82, 2, 87, 125, 74, 152, 1, 150, 101, 97, 26, 100, 19, 189, 99, 121, 182, 136, 53, 158, 180, 173, 6, 194, 161, 24, 149, 131, 47, 65, 116, 105, 77, 166, 28, 184, 11, 35, 126, 29, 156, 112, 4, 190, 10, 177, 104, 147, 54, 30, 48, 160, 192, 42, 5, 96, 115, 198, 139, 110, 191, 41, 193, 159, 199, 18, 69, 108, 67, 163, 36, 140, 93, 68, 46, 60, 118, 59, 72, 109, 51, 141, 66, 176, 12, 130, 94, 124, 111, 167, 148, 37, 33, 9, 62, 61, 144, 155, 102]","{'distance': {'initial': 168240, 'final': 20583}, 'objective': {'initial': -151051, 'final': 8272}}",168240,20583,-151051,8272,17189,28855,168240,17189,-151051,20583,28855,3618,TSPA
lab7,imhae_12,85,647651470,105.740373,True,,"[85, 188, 98, 81, 187, 90, 27, 107, 174, 169, 196, 17, 157, 168, 145, 78, 82, 92, 179, 91, 55, 52, 185, 40, 119, 8, 165, 39, 95, 58, 164, 7, 21, 138, 32, 49, 102, 155, 144, 61, 62, 9, 15, 64, 114, 186, 23, 76, 89, 183, 153, 0, 170, 117, 93, 140, 68, 46, 60, 141, 66, 51, 109, 72, 118, 59, 65, 116, 105, 77, 43, 42, 5, 96, 41, 193, 142, 163, 67, 108, 69, 18, 199, 159, 195, 146, 103, 181, 192, 160, 48, 30, 54, 147, 104, 184, 28, 166, 11, 84, 4, 112, 126, 156, 29, 24, 161, 194, 6, 173, 180, 158, 53, 136, 182, 121, 99, 189, 19, 100, 26, 97, 101, 150, 1, 152, 74, 125, 87, 2, 120, 44, 25, 16, 88, 171, 113, 56, 13, 31, 85]","[85, 31, 13, 56, 113, 171, 88, 16, 78, 168, 145, 91, 179, 92, 82, 44, 120, 2, 87, 125, 74, 152, 97, 1, 150, 101, 26, 100, 19, 189, 99, 121, 182, 136, 53, 158, 180, 173, 6, 194, 161, 162, 72, 109, 51, 66, 141, 60, 118, 59, 65, 116, 105, 77, 166, 28, 184, 11, 131, 149, 24, 29, 156, 126, 112, 4, 190, 10, 177, 104, 147, 54, 30, 48, 160, 192, 181, 103, 146, 195, 159, 193, 41, 96, 115, 46, 198, 139, 191, 110, 163, 69, 108, 67, 36, 140, 93, 117, 170, 0, 153, 183, 89, 76, 23, 186, 114, 64, 15, 9, 62, 61, 144, 155, 102, 49, 138, 32, 3, 178, 106, 185, 40, 119, 8, 165, 39, 95, 7, 164, 58, 71, 27, 107, 90, 174, 187, 81, 169, 196, 17, 157, 188, 85]","{'distance': {'initial': 22730, 'final': 21655}, 'objective': {'initial': 0, 'final': 8245}}",22730,21655,0,8245,28972,29900,22730,28972,0,21655,29900,3439,TSPA
lab7,msls,85,691680367,100.17438,True,,"[175, 105, 158, 154, 110, 77, 23, 28, 193, 199, 62, 93, 72, 136, 67, 117, 127, 145, 83, 99, 121, 195, 177, 156, 88, 10, 148, 126, 91, 44, 25, 185, 63, 37, 32, 46, 120, 128, 55, 192, 116, 3, 85, 183, 39, 146, 125, 122, 172, 26, 129, 53, 159, 5, 2, 76, 140, 11, 166, 190, 21, 180, 42, 134, 109, 135, 80, 113, 162, 24, 18, 47, 82, 107, 138, 139, 66, 101, 74, 191, 176, 157, 7, 92, 45, 31, 161, 165, 41, 13, 15, 52, 20, 71, 68, 104, 4, 152, 194, 6, 175]","[175, 113, 56, 188, 157, 17, 196, 169, 81, 187, 174, 90, 107, 27, 39, 165, 8, 119, 40, 185, 91, 179, 55, 52, 106, 178, 3, 32, 138, 49, 102, 155, 144, 61, 62, 9, 15, 64, 114, 186, 23, 137, 176, 66, 141, 51, 109, 72, 59, 118, 60, 46, 198, 139, 191, 110, 68, 93, 140, 36, 163, 67, 108, 69, 18, 199, 22, 146, 103, 195, 159, 193, 41, 96, 5, 42, 192, 160, 48, 30, 54, 147, 104, 177, 10, 190, 4, 112, 156, 29, 126, 35, 11, 184, 28, 166, 77, 105, 116, 65, 47, 131, 149, 24, 161, 194, 6, 173, 180, 158, 53, 136, 182, 121, 99, 100, 26, 101, 150, 1, 97, 74, 152, 19, 189, 94, 130, 12, 124, 111, 148, 37, 33, 167, 87, 2, 82, 120, 44, 25, 78, 145, 168, 31, 13, 16, 88, 171, 175]","{'distance': {'initial': 22817, 'final': 22817}, 'objective': {'initial': 0, 'final': 7565}}",22817,22817,0,7565,30382,30382,22817,30382,0,22817,30382,200,TSPA
lab7,hae_op2_ls,85,691680367,105.11986,True,,"[85, 158, 98, 80, 43, 21, 147, 122, 31, 178, 59, 11, 113, 143, 155, 186, 14, 188, 132, 118, 52, 144, 190, 192, 187, 16, 58, 110, 50, 156, 101, 90, 76, 154, 93, 81, 141, 48, 18, 42, 51, 103, 198, 9, 66, 84, 94, 22, 170, 169, 53, 83, 173, 197, 104, 27, 20, 105, 108, 119, 194, 111, 5, 41, 179, 109, 29, 133, 172, 130, 37, 149, 4, 19, 62, 95, 1, 26, 152, 193, 176, 114, 100, 63, 183, 77, 8, 160, 57, 127, 49, 189, 25, 166, 124, 196, 44, 47, 139, 121, 85]","[64, 114, 186, 23, 76, 89, 183, 153, 0, 170, 117, 93, 140, 36, 67, 108, 69, 163, 110, 191, 139, 198, 46, 115, 96, 41, 193, 159, 195, 146, 103, 181, 192, 160, 48, 30, 54, 147, 104, 184, 28, 166, 11, 84, 4, 112, 126, 156, 29, 24, 149, 131, 77, 105, 116, 65, 59, 118, 60, 141, 66, 51, 109, 72, 162, 161, 194, 6, 173, 180, 158, 53, 136, 182, 63, 94, 130, 12, 124, 19, 189, 99, 121, 100, 26, 97, 101, 150, 1, 152, 74, 125, 87, 2, 82, 120, 44, 25, 78, 145, 179, 91, 168, 31, 13, 56, 188, 157, 17, 196, 169, 81, 187, 174, 90, 107, 27, 39, 165, 8, 119, 40, 185, 106, 178, 3, 32, 138, 14, 155, 144, 102, 49, 128, 167, 111, 148, 37, 33, 9, 62, 61, 15, 64]","{'distance': {'initial': 170820, 'final': 21547}, 'objective': {'initial': -152920, 'final': 8084}}",170820,21547,-152920,8084,17900,29631,170820,17900,-152920,21547,29631,226,TSPA
lab7,imhae_2,85,691680367,105.404817,True,,"[85, 158, 98, 80, 43, 21, 147, 122, 31, 178, 59, 11, 113, 143, 155, 186, 14, 188, 132, 118, 52, 144, 190, 192, 187, 16, 58, 110, 50, 156, 101, 90, 76, 154, 93, 81, 141, 48, 18, 42, 51, 103, 198, 9, 66, 84, 94, 22, 170, 169, 53, 83, 173, 197, 104, 27, 20, 105, 108, 119, 194, 111, 5, 41, 179, 109, 29, 133, 172, 130, 37, 149, 4, 19, 62, 95, 1, 26, 152, 193, 176, 114, 100, 63, 183, 77, 8, 160, 57, 127, 49, 189, 25, 166, 124, 196, 44, 47, 139, 121, 85]","[64, 114, 186, 23, 76, 89, 183, 153, 0, 170, 117, 93, 140, 36, 67, 108, 69, 163, 110, 191, 139, 198, 46, 115, 96, 41, 193, 159, 195, 146, 103, 181, 192, 160, 48, 30, 54, 147, 104, 184, 28, 166, 11, 84, 4, 112, 126, 156, 29, 24, 149, 131, 77, 105, 116, 65, 59, 118, 60, 141, 66, 51, 109, 72, 162, 161, 194, 6, 173, 180, 158, 53, 136, 182, 63, 94, 130, 12, 124, 19, 189, 99, 121, 100, 26, 97, 101, 150, 1, 152, 74, 125, 87, 2, 82, 120, 44, 25, 78, 145, 179, 91, 168, 31, 13, 56, 188, 157, 17, 196, 169, 81, 187, 174, 90, 107, 27, 39, 165, 8, 119, 40, 185, 106, 178, 3, 32, 138, 14, 155, 144, 102, 49, 128, 167, 111, 148, 37, 33, 9, 62, 61, 15, 64]","{'distance': {'initial': 170820, 'final': 21547}, 'objective': {'initial': -152920, 'final': 8084}}",170820,21547,-152920,8084,17900,29631,170820,17900,-152920,21547,29631,432,TSPA
lab7,imhae_4,85,691680367,105.351077,True,,"[85, 129, 174, 86, 87, 43, 1, 65, 97, 54, 116, 138, 22, 38, 194, 29, 56, 14, 115, 41, 122, 63, 143, 150, 140, 176, 191, 175, 18, 61, 128, 94, 6, 127, 105, 98, 117, 173, 181, 58, 163, 180, 144, 95, 10, 2, 151, 158, 123, 82, 146, 170, 53, 166, 78, 141, 107, 20, 76, 131, 4, 102, 24, 15, 72, 153, 161, 109, 110, 134, 47, 101, 84, 57, 25, 23, 111, 152, 73, 178, 12, 147, 77, 155, 188, 62, 135, 31, 21, 0, 59, 16, 148, 42, 74, 103, 66, 55, 27, 199, 85]","[18, 199, 159, 193, 41, 96, 5, 42, 192, 160, 48, 30, 54, 147, 104, 177, 10, 190, 4, 112, 156, 29, 126, 35, 11, 184, 28, 166, 77, 105, 116, 65, 47, 131, 149, 24, 161, 194, 6, 173, 180, 158, 53, 136, 182, 121, 99, 189, 19, 100, 26, 101, 150, 1, 97, 152, 74, 125, 87, 2, 82, 120, 44, 25, 78, 145, 179, 91, 168, 31, 13, 56, 188, 157, 17, 196, 169, 81, 187, 174, 90, 107, 27, 71, 58, 164, 7, 95, 39, 165, 8, 119, 40, 185, 106, 178, 3, 32, 138, 49, 102, 155, 144, 61, 62, 9, 33, 37, 148, 167, 111, 124, 94, 130, 12, 176, 66, 141, 51, 109, 72, 59, 118, 60, 46, 68, 93, 140, 36, 163, 67, 108, 69, 18]","{'distance': {'initial': 175452, 'final': 19733}, 'objective': {'initial': -158134, 'final': 8335}}",175452,19733,-158134,8335,17318,28068,175452,17318,-158134,19733,28068,1231,TSPA
lab7,imhae_6,85,691680367,105.310338,True,,"[85, 129, 174, 86, 87, 43, 1, 65, 97, 54, 116, 138, 22, 38, 194, 29, 56, 14, 115, 41, 122, 63, 143, 150, 140, 176, 191, 175, 18, 61, 128, 94, 6, 127, 105, 98, 117, 173, 181, 58, 163, 180, 144, 95, 10, 2, 151, 158, 123, 82, 146, 170, 53, 166, 78, 141, 107, 20, 76, 131, 4, 102, 24, 15, 72, 153, 161, 109, 110, 134, 47, 101, 84, 57, 25, 23, 111, 152, 73, 178, 12, 147, 77, 155, 188, 62, 135, 31, 21, 0, 59, 16, 148, 42, 74, 103, 66, 55, 27, 199, 85]","[18, 199, 159, 193, 41, 96, 5, 42, 192, 160, 48, 30, 54, 147, 104, 177, 10, 190, 4, 112, 156, 29, 126, 35, 11, 184, 28, 166, 77, 105, 116, 65, 47, 131, 149, 24, 161, 194, 6, 173, 180, 158, 53, 136, 182, 121, 99, 189, 19, 100, 26, 101, 150, 1, 97, 152, 74, 125, 87, 2, 82, 120, 44, 25, 78, 145, 179, 91, 168, 31, 13, 56, 188, 157, 17, 196, 169, 81, 187, 174, 90, 107, 27, 71, 58, 164, 7, 95, 39, 165, 8, 119, 40, 185, 106, 178, 3, 32, 138, 49, 102, 155, 144, 61, 62, 9, 33, 37, 148, 167, 111, 124, 94, 130, 12, 176, 66, 141, 51, 109, 72, 59, 118, 60, 46, 68, 93, 140, 36, 163, 67, 108, 69, 18]","{'distance': {'initial': 175452, 'final': 19733}, 'objective': {'initial': -158134, 'final': 8335}}",175452,19733,-158134,8335,17318,28068,175452,17318,-158134,19733,28068,2718,TSPA
lab7,imhae_8,85,691680367,105.550396,True,,"[85, 129, 174, 86, 87, 43, 1, 65, 97, 54, 116, 138, 22, 38, 194, 29, 56, 14, 115, 41, 122, 63, 143, 150, 140, 176, 191, 175, 18, 61, 128, 94, 6, 127, 105, 98, 117, 173, 181, 58, 163, 180, 144, 95, 10, 2, 151, 158, 123, 82, 146, 170, 53, 166, 78, 141, 107, 20, 76, 131, 4, 102, 24, 15, 72, 153, 161, 109, 110, 134, 47, 101, 84, 57, 25, 23, 111, 152, 73, 178, 12, 147, 77, 155, 188, 62, 135, 31, 21, 0, 59, 16, 148, 42, 74, 103, 66, 55, 27, 199, 85]","[18, 199, 159, 193, 41, 96, 5, 42, 192, 160, 48, 30, 54, 147, 104, 177, 10, 190, 4, 112, 156, 29, 126, 35, 11, 184, 28, 166, 77, 105, 116, 65, 47, 131, 149, 24, 161, 194, 6, 173, 180, 158, 53, 136, 182, 121, 99, 189, 19, 100, 26, 101, 150, 1, 97, 152, 74, 125, 87, 2, 82, 120, 44, 25, 78, 145, 179, 91, 168, 31, 13, 56, 188, 157, 17, 196, 169, 81, 187, 174, 90, 107, 27, 71, 58, 164, 7, 95, 39, 165, 8, 119, 40, 185, 106, 178, 3, 32, 138, 49, 102, 155, 144, 61, 62, 9, 33, 37, 148, 167, 111, 124, 94, 130, 12, 176, 66, 141, 51, 109, 72, 59, 118, 60, 46, 68, 93, 140, 36, 163, 67, 108, 69, 18]","{'distance': {'initial': 175452, 'final': 19733}, 'objective': {'initial': -158134, 'final': 8335}}",175452,19733,-158134,8335,17318,28068,175452,17318,-158134,19733,28068,4252,TSPA
lab7,imhae_12,85,691680367,105.712994,True,,"[85, 129, 174, 86, 87, 43, 1, 65, 97, 54, 116, 138, 22, 38, 194, 29, 56, 14, 115, 41, 122, 63, 143, 150, 140, 176, 191, 175, 18, 61, 128, 94, 6, 127, 105, 98, 117, 173, 181, 58, 163, 180, 144, 95, 10, 2, 151, 158, 123, 82, 146, 170, 53, 166, 78, 141, 107, 20, 76, 131, 4, 102, 24, 15, 72, 153, 161, 109, 110, 134, 47, 101, 84, 57, 25, 23, 111, 152, 73, 178, 12, 147, 77, 155, 188, 62, 135, 31, 21, 0, 59, 16, 148, 42, 74, 103, 66, 55, 27, 199, 85]","[18, 199, 159, 193, 41, 96, 5, 42, 192, 160, 48, 30, 54, 147, 104, 177, 10, 190, 4, 112, 156, 29, 126, 35, 11, 184, 28, 166, 77, 105, 116, 65, 47, 131, 149, 24, 161, 194, 6, 173, 180, 158, 53, 136, 182, 121, 99, 189, 19, 100, 26, 101, 150, 1, 97, 152, 74, 125, 87, 2, 82, 120, 44, 25, 78, 145, 179, 91, 168, 31, 13, 56, 188, 157, 17, 196, 169, 81, 187, 174, 90, 107, 27, 71, 58, 164, 7, 95, 39, 165, 8, 119, 40, 185, 106, 178, 3, 32, 138, 49, 102, 155, 144, 61, 62, 9, 33, 37, 148, 167, 111, 124, 94, 130, 12, 176, 66, 141, 51, 109, 72, 59, 118, 60, 46, 68, 93, 140, 36, 163, 67, 108, 69, 18]","{'distance': {'initial': 175452, 'final': 19733}, 'objective': {'initial': -158134, 'final': 8335}}",175452,19733,-158134,8335,17318,28068,175452,17318,-158134,19733,28068,3691,TSPA
lab7,msls,85,657099353,101.755984,True,,"[149, 79, 68, 148, 158, 151, 11, 142, 25, 55, 184, 91, 118, 38, 75, 84, 183, 186, 122, 187, 164, 65, 133, 169, 131, 111, 161, 81, 76, 102, 129, 57, 41, 127, 71, 125, 147, 156, 85, 93, 138, 23, 182, 105, 165, 67, 163, 99, 90, 92, 46, 193, 2, 194, 114, 61, 66, 128, 80, 106, 20, 143, 19, 9, 115, 113, 124, 13, 24, 74, 137, 94, 28, 173, 36, 159, 58, 192, 117, 126, 188, 177, 50, 152, 1, 98, 191, 103, 52, 196, 104, 179, 6, 198, 35, 171, 176, 54, 3, 63, 149]","[149, 131, 166, 28, 184, 11, 35, 126, 29, 156, 112, 4, 190, 10, 177, 104, 147, 54, 30, 48, 160, 192, 181, 103, 146, 195, 159, 193, 41, 96, 115, 198, 46, 68, 139, 191, 110, 163, 69, 108, 67, 36, 140, 93, 117, 170, 0, 153, 183, 89, 76, 23, 186, 114, 64, 15, 61, 62, 9, 33, 37, 148, 111, 167, 128, 102, 144, 155, 49, 178, 3, 32, 138, 8, 185, 40, 119, 165, 39, 95, 7, 164, 58, 71, 27, 107, 90, 174, 187, 81, 196, 169, 91, 52, 55, 179, 145, 78, 168, 157, 188, 85, 31, 13, 56, 113, 171, 88, 16, 25, 44, 120, 82, 2, 87, 125, 74, 152, 97, 1, 150, 101, 26, 100, 19, 124, 12, 130, 94, 189, 99, 121, 182, 136, 53, 158, 180, 173, 6, 194, 161, 162, 72, 109, 51, 66, 141, 60, 118, 59, 65, 116, 105, 77, 149]","{'distance': {'initial': 23852, 'final': 23852}, 'objective': {'initial': 0, 'final': 7825}}",23852,23852,0,7825,31677,31677,23852,31677,0,23852,31677,200,TSPA
lab7,hae_op2_ls,85,657099353,105.010201,True,,"[85, 0, 29, 75, 177, 162, 125, 118, 147, 24, 67, 138, 55, 182, 166, 82, 158, 57, 135, 189, 170, 59, 60, 63, 181, 124, 95, 149, 139, 37, 80, 174, 48, 13, 104, 32, 194, 142, 137, 110, 151, 39, 15, 94, 195, 76, 184, 83, 106, 79, 28, 46, 9, 131, 143, 20, 121, 31, 196, 197, 78, 161, 185, 165, 25, 66, 156, 107, 175, 113, 169, 58, 154, 77, 187, 126, 160, 136, 101, 108, 157, 102, 2, 105, 42, 89, 193, 61, 71, 128, 116, 111, 70, 18, 199, 144, 74, 52, 8, 73, 85]","[6, 194, 161, 162, 72, 118, 59, 149, 131, 24, 29, 156, 126, 112, 4, 190, 10, 177, 104, 147, 54, 30, 48, 160, 192, 28, 184, 11, 166, 77, 47, 65, 116, 105, 5, 96, 41, 193, 159, 163, 69, 108, 67, 36, 140, 93, 68, 110, 191, 139, 198, 46, 60, 109, 51, 141, 66, 176, 12, 130, 94, 124, 111, 167, 148, 37, 33, 9, 62, 61, 144, 155, 102, 49, 138, 32, 3, 178, 106, 185, 40, 119, 8, 165, 39, 95, 7, 164, 58, 71, 27, 107, 90, 174, 187, 81, 196, 169, 91, 179, 145, 168, 157, 188, 56, 13, 31, 78, 25, 44, 120, 82, 2, 87, 125, 74, 152, 97, 1, 150, 101, 26, 100, 19, 189, 99, 121, 182, 136, 53, 158, 180, 173, 6]","{'distance': {'initial': 162111, 'final': 20398}, 'objective': {'initial': -145442, 'final': 7902}}",162111,20398,-145442,7902,16669,28300,162111,16669,-145442,20398,28300,246,TSPA
lab7,imhae_2,85,657099353,105.718663,True,,"[85, 0, 29, 75, 177, 162, 125, 118, 147, 24, 67, 138, 55, 182, 166, 82, 158, 57, 135, 189, 170, 59, 60, 63, 181, 124, 95, 149, 139, 37, 80, 174, 48, 13, 104, 32, 194, 142, 137, 110, 151, 39, 15, 94, 195, 76, 184, 83, 106, 79, 28, 46, 9, 131, 143, 20, 121, 31, 196, 197, 78, 161, 185, 165, 25, 66, 156, 107, 175, 113, 169, 58, 154, 77, 187, 126, 160, 136, 101, 108, 157, 102, 2, 105, 42, 89, 193, 61, 71, 128, 116, 111, 70, 18, 199, 144, 74, 52, 8, 73, 85]","[6, 194, 161, 162, 72, 118, 59, 149, 131, 24, 29, 156, 126, 112, 4, 190, 10, 177, 104, 147, 54, 30, 48, 160, 192, 28, 184, 11, 166, 77, 47, 65, 116, 105, 5, 96, 41, 193, 159, 163, 69, 108, 67, 36, 140, 93, 68, 110, 191, 139, 198, 46, 60, 109, 51, 141, 66, 176, 12, 130, 94, 124, 111, 167, 148, 37, 33, 9, 62, 61, 144, 155, 102, 49, 138, 32, 3, 178, 106, 185, 40, 119, 8, 165, 39, 95, 7, 164, 58, 71, 27, 107, 90, 174, 187, 81, 196, 169, 91, 179, 145, 168, 157, 188, 56, 13, 31, 78, 25, 44, 120, 82, 2, 87, 125, 74, 152, 97, 1, 150, 101, 26, 100, 19, 189, 99, 121, 182, 136, 53, 158, 180, 173, 6]","{'distance': {'initial': 162111, 'final': 20398}, 'objective': {'initial': -145442, 'final': 7902}}",162111,20398,-145442,7902,16669,28300,162111,16669,-145442,20398,28300,393,TSPA
lab7,imhae_4,85,657099353,105.544086,True,,"[85, 3, 82, 42, 54, 56, 178, 148, 59, 98, 48, 169, 159, 170, 174, 87, 120, 113, 80, 162, 78, 182, 149, 167, 72, 197, 102, 136, 160, 124, 13, 24, 93, 21, 176, 126, 74, 105, 30, 32, 50, 91, 133, 99, 137, 92, 57, 171, 112, 166, 135, 142, 4, 12, 44, 9, 139, 189, 183, 1, 77, 25, 35, 165, 119, 73, 31, 94, 8, 190, 179, 22, 29, 116, 132, 141, 121, 62, 134, 38, 156, 19, 33, 122, 152, 96, 41, 51, 157, 79, 43, 34, 64, 114, 173, 17, 61, 186, 150, 193, 85]","[74, 125, 87, 2, 82, 120, 44, 25, 78, 145, 179, 91, 168, 31, 13, 56, 188, 157, 17, 196, 169, 81, 187, 174, 119, 40, 185, 8, 165, 39, 138, 32, 3, 178, 49, 102, 155, 144, 61, 62, 9, 15, 64, 114, 186, 23, 76, 89, 183, 153, 0, 170, 117, 93, 140, 36, 67, 108, 69, 163, 68, 46, 198, 115, 96, 41, 193, 159, 195, 146, 103, 181, 192, 160, 48, 30, 54, 147, 104, 177, 10, 190, 4, 112, 156, 29, 126, 35, 11, 184, 28, 166, 77, 105, 116, 65, 59, 118, 60, 141, 66, 51, 109, 72, 162, 161, 194, 6, 173, 180, 158, 53, 136, 182, 121, 99, 100, 26, 101, 150, 1, 97, 19, 189, 94, 130, 12, 124, 111, 167, 152, 74]","{'distance': {'initial': 165070, 'final': 20294}, 'objective': {'initial': -147210, 'final': 8007}}",165070,20294,-147210,8007,17860,28301,165070,17860,-147210,20294,28301,1204,TSPA
lab7,imhae_6,85,657099353,105.404127,True,,"[85, 13, 31, 168, 157, 17, 196, 81, 187, 174, 90, 107, 27, 71, 58, 164, 7, 95, 39, 138, 49, 102, 155, 144, 64, 83, 23, 186, 114, 15, 61, 62, 9, 33, 37, 148, 167, 111, 124, 94, 130, 12, 176, 66, 51, 109, 141, 60, 118, 115, 191, 110, 139, 198, 46, 68, 93, 140, 36, 163, 67, 108, 69, 18, 199, 159, 22, 146, 103, 195, 193, 41, 96, 5, 42, 43, 77, 105, 47, 65, 116, 59, 72, 162, 161, 24, 35, 11, 166, 28, 184, 160, 48, 30, 54, 147, 104, 177, 10, 190, 4, 112, 126, 156, 29, 127, 194, 6, 173, 180, 158, 53, 136, 182, 121, 99, 189, 19, 100, 26, 101, 150, 1, 97, 152, 74, 125, 87, 172, 55, 52, 106, 178, 3, 32, 8, 165, 119, 40, 185, 169, 91, 179, 92, 82, 120, 44, 25, 16, 88, 171, 113, 56, 188, 85]","[85, 188, 157, 168, 78, 145, 179, 91, 169, 196, 81, 187, 174, 90, 107, 27, 71, 58, 164, 7, 95, 39, 165, 119, 40, 185, 8, 138, 178, 3, 32, 14, 155, 144, 102, 49, 128, 167, 111, 124, 94, 130, 12, 148, 37, 33, 9, 62, 61, 15, 64, 114, 186, 23, 137, 176, 66, 141, 51, 109, 72, 59, 118, 60, 46, 198, 139, 191, 110, 68, 93, 140, 36, 163, 67, 108, 69, 18, 199, 22, 146, 103, 195, 159, 193, 41, 96, 5, 42, 192, 160, 48, 30, 54, 147, 104, 177, 10, 190, 4, 112, 156, 29, 126, 35, 11, 184, 28, 166, 77, 105, 116, 65, 47, 131, 149, 24, 161, 194, 6, 173, 180, 158, 53, 136, 182, 121, 99, 189, 19, 100, 26, 101, 150, 1, 97, 152, 74, 125, 87, 2, 82, 120, 44, 25, 16, 88, 171, 113, 56, 13, 31, 85]","{'distance': {'initial': 25263, 'final': 22962}, 'objective': {'initial': 0, 'final': 8327}}",25263,22962,0,8327,31263,31289,25263,31263,0,22962,31289,2149,TSPA
lab7,imhae_8,85,657099353,105.378937,True,,"[85, 13, 31, 168, 157, 17, 196, 81, 187, 174, 90, 107, 27, 71, 58, 164, 7, 95, 39, 138, 49, 102, 155, 144, 64, 83, 23, 186, 114, 15, 61, 62, 9, 33, 37, 148, 167, 111, 124, 94, 130, 12, 176, 66, 51, 109, 141, 60, 118, 115, 191, 110, 139, 198, 46, 68, 93, 140, 36, 163, 67, 108, 69, 18, 199, 159, 22, 146, 103, 195, 193, 41, 96, 5, 42, 43, 77, 105, 47, 65, 116, 59, 72, 162, 161, 24, 35, 11, 166, 28, 184, 160, 48, 30, 54, 147, 104, 177, 10, 190, 4, 112, 126, 156, 29, 127, 194, 6, 173, 180, 158, 53, 136, 182, 121, 99, 189, 19, 100, 26, 101, 150, 1, 97, 152, 74, 125, 87, 172, 55, 52, 106, 178, 3, 32, 8, 165, 119, 40, 185, 169, 91, 179, 92, 82, 120, 44, 25, 16, 88, 171, 113, 56, 188, 85]","[85, 188, 157, 168, 78, 145, 179, 91, 169, 196, 81, 187, 174, 90, 107, 27, 71, 58, 164, 7, 95, 39, 165, 119, 40, 185, 8, 138, 178, 3, 32, 14, 155, 144, 102, 49, 128, 167, 111, 124, 94, 130, 12, 148, 37, 33, 9, 62, 61, 15, 64, 114, 186, 23, 137, 176, 66, 141, 51, 109, 72, 59, 118, 60, 46, 198, 139, 191, 110, 68, 93, 140, 36, 163, 67, 108, 69, 18, 199, 22, 146, 103, 195, 159, 193, 41, 96, 5, 42, 192, 160, 48, 30, 54, 147, 104, 177, 10, 190, 4, 112, 156, 29, 126, 35, 11, 184, 28, 166, 77, 105, 116, 65, 47, 131, 149, 24, 161, 194, 6, 173, 180, 158, 53, 136, 182, 121, 99, 189, 19, 100, 26, 101, 150, 1, 97, 152, 74, 125, 87, 2, 82, 120, 44, 25, 16, 88, 171, 113, 56, 13, 31, 85]","{'distance': {'initial': 25263, 'final': 22962}, 'objective': {'initial': 0, 'final': 8327}}",25263,22962,0,8327,31263,31289,25263,31263,0,22962,31289,3695,TSPA
lab7,imhae_12,85,657099353,105.682244,True,,"[85, 13, 31, 168, 157, 17, 196, 81, 187, 174, 90, 107, 27, 71, 58, 164, 7, 95, 39, 138, 49, 102, 155, 144, 64, 83, 23, 186, 114, 15, 61, 62, 9, 33, 37, 148, 167, 111, 124, 94, 130, 12, 176, 66, 51, 109, 141, 60, 118, 115, 191, 110, 139, 198, 46, 68, 93, 140, 36, 163, 67, 108, 69, 18, 199, 159, 22, 146, 103, 195, 193, 41, 96, 5, 42, 43, 77, 105, 47, 65, 116, 59, 72, 162, 161, 24, 35, 11, 166, 28, 184, 160, 48, 30, 54, 147, 104, 177, 10, 190, 4, 112, 126, 156, 29, 127, 194, 6, 173, 180, 158, 53, 136, 182, 121, 99, 189, 19, 100, 26, 101, 150, 1, 97, 152, 74, 125, 87, 172, 55, 52, 106, 178, 3, 32, 8, 165, 119, 40, 185, 169, 91, 179, 92, 82, 120, 44, 25, 16, 88, 171, 113, 56, 188, 85]","[85, 188, 157, 168, 78, 145, 179, 91, 169, 196, 81, 187, 174, 90, 107, 27, 71, 58, 164, 7, 95, 39, 165, 119, 40, 185, 8, 138, 178, 3, 32, 14, 155, 144, 102, 49, 128, 167, 111, 124, 94, 130, 12, 148, 37, 33, 9, 62, 61, 15, 64, 114, 186, 23, 137, 176, 66, 141, 51, 109, 72, 59, 118, 60, 46, 198, 139, 191, 110, 68, 93, 140, 36, 163, 67, 108, 69, 18, 199, 22, 146, 103, 195, 159, 193, 41, 96, 5, 42, 192, 160, 48, 30, 54, 147, 104, 177, 10, 190, 4, 112, 156, 29, 126, 35, 11, 184, 28, 166, 77, 105, 116, 65, 47, 131, 149, 24, 161, 194, 6, 173, 180, 158, 53, 136, 182, 121, 99, 189, 19, 100, 26, 101, 150, 1, 97, 152, 74, 125, 87, 2, 82, 120, 44, 25, 16, 88, 171, 113, 56, 13, 31, 85]","{'distance': {'initial': 25263, 'final': 22962}, 'objective': {'initial': 0, 'final': 8327}}",25263,22962,0,8327,31263,31289,25263,31263,0,22962,31289,3517,TSPA
lab7,msls,85,1142192430,103.603126,True,,"[86, 191, 74, 144, 42, 31, 186, 41, 55, 77, 10, 32, 50, 176, 57, 52, 177, 168, 5, 7, 185, 160, 128, 20, 148, 198, 118, 95, 99, 189, 89, 151, 156, 16, 47, 192, 147, 14, 35, 39, 91, 69, 27, 162, 138, 18, 68, 188, 126, 22, 36, 116, 94, 17, 164, 110, 23, 12, 143, 107, 82, 8, 171, 64, 90, 137, 111, 87, 37, 136, 181, 175, 19, 30, 44, 179, 158, 62, 33, 67, 46, 34, 3, 193, 72, 187, 92, 196, 109, 97, 25, 49, 29, 178, 142, 133, 26, 104, 106, 180, 86]","[86, 150, 101, 1, 97, 152, 74, 125, 87, 2, 82, 120, 44, 25, 78, 145, 168, 31, 13, 56, 188, 157, 17, 196, 81, 187, 174, 169, 91, 179, 185, 40, 119, 8, 165, 90, 107, 27, 71, 58, 164, 7, 95, 39, 138, 32, 3, 178, 49, 102, 155, 144, 61, 62, 9, 33, 37, 148, 167, 111, 124, 12, 130, 94, 19, 189, 99, 182, 136, 63, 80, 176, 66, 141, 60, 46, 68, 93, 140, 36, 163, 67, 108, 69, 18, 199, 159, 193, 41, 96, 5, 42, 192, 160, 48, 30, 54, 147, 104, 177, 10, 190, 4, 112, 156, 29, 126, 35, 11, 184, 28, 166, 77, 105, 116, 65, 59, 118, 109, 51, 72, 162, 161, 194, 6, 173, 180, 158, 53, 121, 100, 26, 86]","{'distance': {'initial': 20279, 'final': 20279}, 'objective': {'initial': 0, 'final': 7545}}",20279,20279,0,7545,27824,27824,20279,27824,0,20279,27824,200,TSPA
lab7,hae_op2_ls,85,1142192430,105.021601,True,,"[85, 98, 64, 107, 108, 187, 41, 78, 18, 70, 15, 81, 0, 151, 122, 25, 163, 182, 170, 195, 103, 174, 21, 124, 23, 155, 20, 131, 168, 60, 176, 53, 198, 11, 152, 6, 102, 97, 132, 129, 136, 95, 127, 105, 185, 171, 87, 16, 32, 67, 50, 92, 8, 88, 5, 193, 27, 39, 153, 93, 17, 101, 72, 173, 59, 154, 19, 65, 177, 69, 58, 30, 118, 51, 162, 112, 56, 106, 116, 36, 37, 35, 138, 148, 109, 192, 80, 115, 160, 166, 55, 181, 42, 125, 110, 10, 184, 83, 38, 164, 85]","[94, 189, 19, 97, 1, 150, 101, 26, 100, 99, 121, 182, 136, 53, 158, 180, 173, 6, 194, 161, 162, 72, 59, 118, 109, 51, 66, 141, 60, 46, 198, 115, 96, 5, 116, 65, 47, 105, 77, 131, 149, 24, 29, 156, 126, 112, 4, 84, 11, 166, 28, 184, 104, 147, 54, 30, 48, 160, 192, 181, 103, 146, 195, 159, 193, 41, 191, 139, 110, 163, 69, 108, 67, 36, 140, 93, 117, 170, 0, 153, 183, 89, 76, 23, 186, 114, 64, 15, 9, 62, 61, 144, 155, 102, 49, 138, 32, 3, 178, 106, 185, 40, 119, 8, 165, 39, 27, 107, 90, 187, 81, 174, 169, 196, 91, 179, 92, 82, 78, 145, 168, 157, 188, 85, 31, 13, 56, 113, 171, 88, 16, 25, 44, 120, 2, 87, 125, 74, 152, 111, 167, 33, 37, 148, 12, 130, 124, 94]","{'distance': {'initial': 165975, 'final': 22451}, 'objective': {'initial': -148567, 'final': 7674}}",165975,22451,-148567,7674,17408,30125,165975,17408,-148567,22451,30125,222,TSPA
lab7,imhae_2,85,1142192430,105.407706,True,,"[85, 55, 76, 153, 148, 19, 30, 0, 164, 104, 23, 188, 101, 192, 114, 48, 133, 11, 44, 18, 90, 170, 147, 139, 54, 71, 177, 197, 73, 122, 124, 194, 25, 1, 46, 64, 65, 144, 135, 163, 15, 199, 68, 146, 132, 31, 16, 20, 116, 51, 97, 78, 84, 154, 38, 100, 58, 41, 99, 66, 106, 3, 142, 95, 67, 5, 150, 87, 26, 178, 183, 42, 179, 28, 198, 168, 83, 160, 98, 155, 57, 182, 24, 191, 130, 110, 189, 27, 129, 151, 121, 167, 43, 120, 10, 111, 6, 75, 33, 165, 85]","[93, 140, 36, 67, 108, 69, 163, 159, 193, 41, 96, 5, 116, 65, 47, 105, 77, 149, 131, 166, 11, 184, 28, 192, 160, 48, 30, 54, 147, 104, 177, 10, 190, 4, 112, 126, 156, 29, 24, 161, 194, 6, 173, 180, 158, 53, 136, 182, 121, 99, 189, 19, 100, 26, 97, 101, 150, 1, 152, 74, 125, 87, 2, 82, 120, 44, 25, 78, 145, 179, 91, 168, 31, 13, 56, 188, 157, 17, 196, 169, 81, 187, 174, 90, 107, 27, 39, 165, 8, 119, 40, 185, 106, 178, 3, 32, 138, 14, 155, 144, 61, 62, 9, 33, 37, 148, 167, 111, 124, 94, 130, 12, 176, 66, 141, 51, 109, 72, 59, 118, 60, 46, 198, 139, 191, 110, 68, 93]","{'distance': {'initial': 174507, 'final': 19199}, 'objective': {'initial': -157087, 'final': 7834}}",174507,19199,-157087,7834,17420,27033,174507,17420,-157087,19199,27033,423,TSPA
lab7,imhae_4,85,1142192430,105.380307,True,,"[85, 77, 110, 62, 20, 126, 164, 5, 181, 63, 45, 26, 131, 11, 190, 122, 146, 42, 0, 32, 56, 89, 16, 44, 150, 74, 189, 91, 117, 66, 9, 182, 33, 188, 194, 198, 178, 73, 100, 199, 119, 98, 160, 179, 50, 10, 151, 29, 113, 172, 138, 54, 70, 84, 22, 25, 175, 192, 185, 58, 191, 59, 95, 158, 142, 2, 106, 170, 127, 48, 109, 30, 137, 36, 60, 128, 136, 152, 180, 64, 129, 139, 75, 166, 184, 177, 193, 108, 57, 55, 52, 14, 118, 46, 147, 80, 71, 186, 4, 153, 85]","[100, 26, 101, 150, 1, 97, 152, 74, 125, 87, 2, 82, 120, 44, 25, 78, 145, 179, 91, 168, 31, 13, 56, 188, 157, 17, 196, 169, 81, 187, 174, 90, 107, 27, 39, 165, 8, 119, 40, 185, 106, 178, 3, 32, 138, 49, 102, 155, 144, 61, 62, 9, 15, 64, 114, 186, 23, 137, 176, 66, 141, 51, 109, 72, 59, 118, 60, 46, 68, 93, 140, 36, 163, 67, 108, 69, 18, 199, 159, 193, 41, 96, 5, 42, 192, 160, 48, 30, 54, 147, 104, 177, 10, 190, 4, 112, 156, 29, 126, 35, 11, 184, 28, 166, 77, 105, 116, 65, 47, 131, 149, 24, 161, 194, 6, 173, 180, 158, 53, 136, 182, 63, 130, 12, 124, 94, 19, 189, 99, 121, 100]","{'distance': {'initial': 159449, 'final': 19742}, 'objective': {'initial': -143602, 'final': 8038}}",159449,19742,-143602,8038,15847,27780,159449,15847,-143602,19742,27780,1182,TSPA
lab7,imhae_6,85,1142192430,105.346098,True,,"[85, 56, 13, 171, 88, 16, 31, 168, 145, 78, 82, 44, 120, 2, 87, 125, 74, 152, 19, 189, 97, 1, 150, 101, 26, 100, 99, 121, 182, 136, 53, 158, 180, 173, 6, 194, 161, 162, 133, 80, 176, 66, 51, 72, 59, 65, 116, 105, 47, 131, 149, 24, 29, 156, 126, 112, 4, 190, 10, 177, 104, 147, 54, 30, 48, 160, 28, 184, 11, 166, 77, 43, 192, 181, 103, 146, 22, 159, 199, 18, 69, 108, 67, 163, 36, 140, 93, 68, 46, 198, 115, 60, 118, 109, 141, 137, 76, 183, 89, 23, 83, 114, 64, 15, 61, 62, 9, 128, 167, 55, 52, 106, 178, 3, 32, 138, 8, 185, 40, 119, 165, 39, 95, 7, 164, 58, 71, 27, 107, 90, 187, 81, 174, 169, 196, 17, 157, 188, 85]","[85, 188, 157, 17, 196, 169, 81, 187, 174, 90, 107, 27, 71, 58, 164, 7, 95, 39, 165, 8, 119, 40, 185, 106, 178, 3, 32, 138, 14, 155, 144, 102, 49, 128, 167, 111, 148, 37, 33, 9, 62, 61, 15, 64, 114, 83, 23, 76, 89, 183, 153, 0, 170, 117, 93, 140, 36, 67, 108, 69, 163, 68, 46, 198, 139, 110, 191, 41, 193, 159, 22, 146, 103, 181, 192, 160, 48, 30, 54, 147, 104, 177, 10, 190, 4, 112, 126, 156, 29, 24, 149, 131, 11, 184, 28, 166, 77, 105, 116, 65, 59, 118, 60, 141, 66, 51, 109, 72, 162, 161, 194, 6, 173, 180, 158, 53, 136, 182, 121, 99, 189, 19, 100, 26, 101, 150, 1, 97, 152, 74, 125, 87, 2, 82, 120, 44, 25, 78, 145, 179, 91, 168, 16, 88, 171, 113, 56, 13, 31, 85]","{'distance': {'initial': 23022, 'final': 22540}, 'objective': {'initial': 0, 'final': 8133}}",23022,22540,0,8133,28717,30673,23022,28717,0,22540,30673,2447,TSPA
lab7,imhae_8,85,1142192430,105.509376,True,,"[85, 188, 98, 81, 187, 174, 196, 169, 40, 119, 185, 8, 165, 39, 90, 107, 27, 71, 58, 164, 7, 21, 132, 73, 64, 114, 186, 23, 137, 176, 66, 51, 109, 141, 60, 46, 68, 0, 170, 117, 93, 140, 36, 67, 108, 69, 163, 110, 139, 191, 142, 159, 193, 41, 96, 115, 118, 72, 59, 65, 116, 105, 77, 166, 11, 184, 28, 192, 160, 48, 30, 54, 147, 104, 177, 10, 190, 4, 112, 126, 156, 29, 24, 161, 194, 6, 173, 180, 158, 53, 136, 182, 121, 99, 100, 26, 97, 101, 150, 1, 87, 125, 74, 152, 19, 189, 94, 130, 12, 124, 111, 167, 148, 37, 33, 9, 62, 61, 102, 49, 144, 155, 14, 138, 32, 3, 178, 106, 52, 55, 57, 92, 82, 120, 44, 25, 78, 145, 168, 157, 31, 13, 56, 85]","[85, 188, 157, 17, 196, 169, 81, 187, 174, 90, 107, 27, 71, 58, 164, 7, 95, 39, 165, 8, 119, 40, 185, 106, 178, 3, 32, 138, 14, 155, 144, 102, 49, 128, 167, 111, 124, 94, 130, 12, 148, 37, 33, 9, 62, 61, 15, 64, 114, 186, 23, 76, 89, 183, 143, 170, 0, 117, 93, 140, 36, 163, 67, 108, 69, 18, 199, 159, 193, 41, 191, 139, 110, 68, 46, 198, 115, 96, 5, 42, 192, 160, 48, 30, 54, 147, 104, 177, 10, 190, 4, 112, 126, 156, 29, 24, 149, 131, 11, 184, 28, 166, 77, 105, 116, 65, 59, 118, 60, 141, 66, 51, 109, 72, 162, 161, 194, 6, 173, 180, 158, 53, 136, 182, 121, 99, 189, 19, 100, 26, 101, 150, 1, 97, 152, 74, 125, 87, 2, 82, 120, 44, 25, 78, 145, 179, 91, 168, 31, 13, 56, 85]","{'distance': {'initial': 23052, 'final': 22805}, 'objective': {'initial': 0, 'final': 8178}}",23052,22805,0,8178,29709,30983,23052,29709,0,22805,30983,3695,TSPA
lab7,imhae_12,85,1142192430,105.719173,True,,"[85, 188, 98, 81, 187, 174, 196, 169, 40, 119, 185, 8, 165, 39, 90, 107, 27, 71, 58, 164, 7, 21, 132, 73, 64, 114, 186, 23, 137, 176, 66, 51, 109, 141, 60, 46, 68, 0, 170, 117, 93, 140, 36, 67, 108, 69, 163, 110, 139, 191, 142, 159, 193, 41, 96, 115, 118, 72, 59, 65, 116, 105, 77, 166, 11, 184, 28, 192, 160, 48, 30, 54, 147, 104, 177, 10, 190, 4, 112, 126, 156, 29, 24, 161, 194, 6, 173, 180, 158, 53, 136, 182, 121, 99, 100, 26, 97, 101, 150, 1, 87, 125, 74, 152, 19, 189, 94, 130, 12, 124, 111, 167, 148, 37, 33, 9, 62, 61, 102, 49, 144, 155, 14, 138, 32, 3, 178, 106, 52, 55, 57, 92, 82, 120, 44, 25, 78, 145, 168, 157, 31, 13, 56, 85]","[85, 188, 157, 17, 196, 169, 81, 187, 174, 90, 107, 27, 71, 58, 164, 7, 95, 39, 165, 8, 119, 40, 185, 106, 178, 3, 32, 138, 14, 155, 144, 102, 49, 128, 167, 111, 124, 94, 130, 12, 148, 37, 33, 9, 62, 61, 15, 64, 114, 186, 23, 76, 89, 183, 143, 170, 0, 117, 93, 140, 36, 163, 67, 108, 69, 18, 199, 159, 193, 41, 191, 139, 110, 68, 46, 198, 115, 96, 5, 42, 192, 160, 48, 30, 54, 147, 104, 177, 10, 190, 4, 112, 126, 156, 29, 24, 149, 131, 11, 184, 28, 166, 77, 105, 116, 65, 59, 118, 60, 141, 66, 51, 109, 72, 162, 161, 194, 6, 173, 180, 158, 53, 136, 182, 121, 99, 189, 19, 100, 26, 101, 150, 1, 97, 152, 74, 125, 87, 2, 82, 120, 44, 25, 78, 145, 179, 91, 168, 31, 13, 56, 85]","{'distance': {'initial': 23052, 'final': 22805}, 'objective': {'initial': 0, 'final': 8178}}",23052,22805,0,8178,29709,30983,23052,29709,0,22805,30983,3576,TSPA
lab7,msls,85,1817737901,102.389518,True,,"[85, 79, 49, 110, 22, 25, 151, 15, 162, 86, 40, 84, 148, 24, 159, 116, 135, 153, 154, 92, 124, 133, 47, 90, 106, 141, 96, 99, 20, 29, 5, 125, 134, 145, 100, 51, 117, 176, 37, 89, 77, 107, 155, 105, 58, 166, 126, 142, 39, 161, 63, 113, 83, 130, 65, 136, 68, 118, 10, 192, 42, 72, 0, 69, 67, 119, 185, 9, 13, 173, 8, 48, 97, 34, 132, 88, 41, 199, 45, 146, 196, 188, 14, 178, 160, 94, 170, 174, 81, 149, 147, 131, 103, 181, 194, 26, 138, 7, 11, 115, 85]","[85, 188, 56, 13, 171, 88, 16, 25, 44, 120, 82, 2, 87, 125, 74, 152, 97, 1, 150, 101, 26, 100, 121, 99, 189, 19, 94, 124, 12, 130, 63, 182, 136, 53, 158, 180, 173, 6, 194, 161, 24, 29, 156, 126, 112, 4, 84, 11, 166, 28, 184, 104, 147, 54, 30, 48, 160, 192, 181, 103, 146, 195, 159, 193, 41, 96, 5, 42, 43, 77, 105, 116, 65, 72, 109, 51, 66, 141, 60, 118, 59, 115, 46, 198, 139, 191, 110, 163, 69, 108, 67, 36, 140, 93, 117, 0, 170, 143, 183, 89, 76, 23, 186, 114, 64, 15, 61, 9, 62, 102, 49, 144, 155, 14, 138, 32, 3, 178, 106, 52, 55, 179, 91, 169, 40, 119, 185, 8, 165, 39, 95, 7, 164, 58, 71, 27, 107, 90, 174, 187, 81, 196, 17, 157, 168, 31, 85]","{'distance': {'initial': 22544, 'final': 22544}, 'objective': {'initial': 0, 'final': 7639}}",22544,22544,0,7639,30183,30183,22544,30183,0,22544,30183,200,TSPA
lab7,hae_op2_ls,85,1817737901,105.10811,True,,"[85, 102, 185, 131, 125, 137, 30, 122, 189, 49, 112, 2, 66, 90, 98, 103, 9, 97, 24, 74, 118, 119, 198, 27, 107, 181, 100, 126, 196, 83, 13, 130, 169, 75, 6, 17, 44, 65, 59, 101, 31, 170, 52, 12, 133, 58, 168, 38, 186, 172, 35, 86, 96, 92, 123, 33, 11, 71, 10, 195, 5, 76, 42, 40, 105, 18, 120, 23, 79, 138, 188, 143, 14, 62, 68, 115, 153, 197, 63, 171, 41, 155, 184, 43, 36, 148, 64, 173, 89, 158, 88, 150, 26, 139, 15, 116, 132, 167, 37, 160, 85]","[68, 46, 198, 115, 96, 41, 193, 159, 195, 146, 103, 181, 192, 160, 48, 30, 54, 147, 104, 177, 10, 190, 4, 112, 126, 156, 29, 35, 11, 184, 28, 166, 77, 105, 116, 65, 47, 131, 149, 24, 161, 162, 72, 59, 118, 60, 109, 51, 141, 66, 176, 80, 63, 173, 6, 154, 180, 158, 53, 136, 182, 121, 99, 100, 26, 101, 150, 1, 97, 19, 189, 94, 130, 12, 124, 111, 167, 152, 74, 125, 87, 2, 82, 120, 44, 25, 16, 88, 171, 113, 56, 13, 31, 85, 188, 157, 168, 78, 145, 179, 91, 169, 196, 81, 187, 174, 90, 107, 27, 39, 165, 119, 40, 185, 8, 106, 178, 3, 32, 138, 14, 155, 144, 102, 49, 33, 37, 9, 62, 61, 15, 64, 114, 186, 23, 76, 89, 183, 153, 0, 170, 117, 93, 140, 36, 67, 108, 69, 163, 68]","{'distance': {'initial': 171231, 'final': 22840}, 'objective': {'initial': -154588, 'final': 7834}}",171231,22840,-154588,7834,16643,30674,171231,16643,-154588,22840,30674,214,TSPA
lab7,imhae_2,85,1817737901,105.416016,True,,"[85, 102, 185, 131, 125, 137, 30, 122, 189, 49, 112, 2, 66, 90, 98, 103, 9, 97, 24, 74, 118, 119, 198, 27, 107, 181, 100, 126, 196, 83, 13, 130, 169, 75, 6, 17, 44, 65, 59, 101, 31, 170, 52, 12, 133, 58, 168, 38, 186, 172, 35, 86, 96, 92, 123, 33, 11, 71, 10, 195, 5, 76, 42, 40, 105, 18, 120, 23, 79, 138, 188, 143, 14, 62, 68, 115, 153, 197, 63, 171, 41, 155, 184, 43, 36, 148, 64, 173, 89, 158, 88, 150, 26, 139, 15, 116, 132, 167, 37, 160, 85]","[68, 46, 198, 115, 96, 41, 193, 159, 195, 146, 103, 181, 192, 160, 48, 30, 54, 147, 104, 177, 10, 190, 4, 112, 126, 156, 29, 35, 11, 184, 28, 166, 77, 105, 116, 65, 47, 131, 149, 24, 161, 162, 72, 59, 118, 60, 109, 51, 141, 66, 176, 80, 63, 173, 6, 154, 180, 158, 53, 136, 182, 121, 99, 100, 26, 101, 150, 1, 97, 19, 189, 94, 130, 12, 124, 111, 167, 152, 74, 125, 87, 2, 82, 120, 44, 25, 16, 88, 171, 113, 56, 13, 31, 85, 188, 157, 168, 78, 145, 179, 91, 169, 196, 81, 187, 174, 90, 107, 27, 39, 165, 119, 40, 185, 8, 106, 178, 3, 32, 138, 14, 155, 144, 102, 49, 33, 37, 9, 62, 61, 15, 64, 114, 186, 23, 76, 89, 183, 153, 0, 170, 117, 93, 140, 36, 67, 108, 69, 163, 68]","{'distance': {'initial': 171231, 'final': 22840}, 'objective': {'initial': -154588, 'final': 7834}}",171231,22840,-154588,7834,16643,30674,171231,16643,-154588,22840,30674,399,TSPA
lab7,imhae_4,85,1817737901,105.390817,True,,"[85, 1, 24, 136, 0, 67, 101, 135, 47, 42, 199, 36, 82, 168, 99, 196, 29, 60, 88, 105, 63, 98, 186, 15, 57, 192, 142, 134, 64, 38, 167, 106, 130, 51, 58, 184, 52, 12, 143, 79, 180, 77, 32, 31, 193, 191, 149, 141, 123, 37, 73, 127, 45, 169, 160, 195, 163, 100, 87, 71, 46, 179, 61, 65, 17, 104, 175, 190, 173, 49, 33, 151, 35, 112, 188, 125, 11, 50, 126, 3, 48, 9, 158, 55, 172, 156, 109, 18, 181, 84, 91, 159, 170, 69, 66, 27, 133, 166, 198, 6, 85]","[72, 162, 161, 194, 6, 173, 180, 158, 53, 136, 182, 121, 99, 189, 19, 100, 26, 97, 101, 150, 1, 152, 74, 125, 87, 2, 82, 120, 44, 25, 16, 88, 171, 13, 56, 188, 85, 31, 157, 168, 78, 145, 179, 91, 169, 196, 81, 187, 174, 90, 107, 27, 71, 58, 164, 7, 95, 39, 165, 119, 40, 185, 8, 106, 178, 3, 32, 138, 14, 155, 144, 49, 102, 62, 9, 61, 15, 64, 114, 186, 23, 148, 37, 33, 167, 111, 124, 94, 130, 12, 176, 66, 141, 51, 109, 60, 46, 68, 93, 140, 36, 67, 108, 69, 163, 110, 191, 139, 198, 115, 96, 41, 193, 159, 195, 146, 103, 181, 192, 160, 48, 30, 54, 147, 104, 177, 10, 190, 4, 112, 156, 29, 126, 35, 11, 184, 28, 166, 77, 105, 116, 65, 59, 118, 72]","{'distance': {'initial': 162815, 'final': 22275}, 'objective': {'initial': -146258, 'final': 8142}}",162815,22275,-146258,8142,16557,30417,162815,16557,-146258,22275,30417,1124,TSPA
lab7,imhae_6,85,1817737901,105.404917,True,,"[85, 31, 13, 56, 113, 171, 88, 16, 25, 44, 120, 82, 2, 87, 125, 74, 152, 1, 150, 101, 97, 26, 100, 121, 99, 189, 19, 124, 12, 130, 94, 63, 182, 136, 53, 158, 180, 173, 6, 194, 161, 162, 72, 109, 51, 66, 141, 60, 118, 59, 149, 131, 24, 29, 156, 126, 112, 4, 190, 10, 177, 104, 147, 54, 30, 48, 160, 192, 28, 184, 11, 166, 77, 105, 47, 65, 116, 5, 96, 41, 193, 159, 142, 110, 191, 139, 198, 46, 68, 163, 69, 108, 67, 36, 140, 93, 117, 170, 0, 153, 183, 89, 76, 23, 186, 114, 64, 15, 148, 111, 167, 33, 37, 9, 62, 61, 144, 155, 14, 138, 32, 3, 178, 106, 185, 8, 165, 119, 40, 174, 187, 81, 196, 169, 91, 179, 145, 78, 168, 157, 188, 85]","[85, 31, 13, 56, 113, 171, 88, 16, 25, 44, 120, 82, 2, 87, 125, 74, 152, 97, 1, 150, 101, 26, 100, 121, 99, 189, 19, 94, 124, 12, 130, 63, 182, 136, 53, 158, 180, 173, 6, 194, 161, 162, 72, 109, 51, 66, 141, 60, 118, 59, 65, 116, 105, 77, 166, 28, 184, 11, 35, 126, 29, 156, 112, 4, 190, 10, 177, 104, 147, 54, 30, 48, 160, 192, 181, 103, 146, 195, 159, 193, 41, 191, 110, 139, 198, 46, 68, 163, 69, 108, 67, 36, 140, 93, 117, 170, 0, 153, 183, 89, 76, 23, 186, 114, 64, 15, 9, 62, 61, 144, 155, 102, 49, 138, 32, 3, 178, 106, 185, 8, 165, 39, 95, 7, 164, 58, 71, 27, 107, 90, 119, 40, 174, 187, 81, 196, 169, 91, 179, 145, 78, 168, 157, 188, 85]","{'distance': {'initial': 21389, 'final': 21881}, 'objective': {'initial': 0, 'final': 8277}}",21389,21881,0,8277,28776,30158,21389,28776,0,21881,30158,2370,TSPA
lab7,imhae_8,85,1817737901,105.553705,True,,"[85, 31, 13, 56, 113, 171, 88, 16, 25, 44, 120, 82, 2, 87, 125, 74, 152, 1, 150, 101, 97, 26, 100, 121, 99, 189, 19, 124, 12, 130, 94, 63, 182, 136, 53, 158, 180, 173, 6, 194, 161, 162, 72, 109, 51, 66, 141, 60, 118, 59, 149, 131, 24, 29, 156, 126, 112, 4, 190, 10, 177, 104, 147, 54, 30, 48, 160, 192, 28, 184, 11, 166, 77, 105, 47, 65, 116, 5, 96, 41, 193, 159, 142, 110, 191, 139, 198, 46, 68, 163, 69, 108, 67, 36, 140, 93, 117, 170, 0, 153, 183, 89, 76, 23, 186, 114, 64, 15, 148, 111, 167, 33, 37, 9, 62, 61, 144, 155, 14, 138, 32, 3, 178, 106, 185, 8, 165, 119, 40, 174, 187, 81, 196, 169, 91, 179, 145, 78, 168, 157, 188, 85]","[85, 31, 13, 56, 113, 171, 88, 16, 25, 44, 120, 82, 2, 87, 125, 74, 152, 97, 1, 150, 101, 26, 100, 121, 99, 189, 19, 94, 124, 12, 130, 63, 182, 136, 53, 158, 180, 173, 6, 194, 161, 162, 72, 109, 51, 66, 141, 60, 118, 59, 65, 116, 105, 77, 166, 28, 184, 11, 35, 126, 29, 156, 112, 4, 190, 10, 177, 104, 147, 54, 30, 48, 160, 192, 181, 103, 146, 195, 159, 193, 41, 191, 110, 139, 198, 46, 68, 163, 69, 108, 67, 36, 140, 93, 117, 170, 0, 153, 183, 89, 76, 23, 186, 114, 64, 15, 9, 62, 61, 144, 155, 102, 49, 138, 32, 3, 178, 106, 185, 8, 165, 39, 95, 7, 164, 58, 71, 27, 107, 90, 119, 40, 174, 187, 81, 196, 169, 91, 179, 145, 78, 168, 157, 188, 85]","{'distance': {'initial': 21389, 'final': 21881}, 'objective': {'initial': 0, 'final': 8277}}",21389,21881,0,8277,28776,30158,21389,28776,0,21881,30158,3311,TSPA
lab7,imhae_12,85,1817737901,105.689394,True,,"[85, 102, 103, 11, 14, 97, 153, 90, 130, 89, 7, 64, 23, 66, 88, 161, 13, 22, 169, 196, 69, 168, 158, 159, 140, 105, 148, 19, 73, 165, 8, 129, 163, 20, 100, 60, 171, 122, 187, 65, 189, 177, 2, 119, 166, 27, 92, 199, 37, 110, 67, 195, 121, 94, 74, 1, 186, 50, 99, 135, 123, 185, 152, 46, 32, 44, 52, 4, 172, 16, 192, 176, 25, 59, 63, 76, 157, 24, 61, 175, 71, 39, 137, 38, 56, 87, 198, 147, 86, 160, 139, 170, 12, 62, 106, 127, 58, 112, 75, 109, 85]","[101, 26, 100, 19, 189, 99, 121, 182, 136, 53, 158, 180, 173, 6, 194, 161, 162, 72, 51, 109, 118, 59, 65, 116, 105, 77, 131, 149, 24, 29, 156, 126, 112, 4, 84, 11, 166, 28, 184, 104, 147, 54, 30, 48, 160, 192, 181, 103, 146, 195, 159, 193, 41, 96, 115, 198, 139, 191, 110, 163, 69, 108, 67, 36, 140, 93, 68, 46, 60, 141, 66, 176, 12, 130, 94, 124, 111, 167, 148, 37, 33, 9, 62, 61, 144, 155, 102, 49, 32, 138, 8, 185, 40, 119, 165, 39, 95, 7, 164, 58, 71, 27, 107, 90, 174, 187, 81, 196, 169, 91, 179, 145, 78, 168, 157, 31, 13, 85, 188, 56, 113, 171, 88, 16, 25, 44, 120, 82, 2, 87, 125, 74, 152, 97, 1, 150, 101]","{'distance': {'initial': 169925, 'final': 20544}, 'objective': {'initial': -152106, 'final': 8348}}",169925,20544,-152106,8348,17819,28892,169925,17819,-152106,20544,28892,3185,TSPA
lab7,msls,85,764256717,101.476407,True,,"[123, 187, 126, 116, 147, 135, 32, 53, 164, 121, 193, 42, 63, 169, 23, 64, 189, 96, 196, 4, 43, 10, 5, 139, 131, 7, 84, 1, 179, 17, 120, 52, 87, 152, 115, 31, 185, 112, 101, 90, 79, 45, 26, 155, 70, 74, 156, 149, 2, 94, 68, 76, 191, 33, 111, 148, 151, 186, 13, 146, 140, 127, 56, 50, 162, 22, 60, 85, 198, 72, 114, 174, 145, 62, 163, 77, 51, 130, 192, 168, 20, 71, 93, 8, 104, 95, 14, 21, 44, 106, 16, 0, 172, 25, 54, 195, 41, 134, 19, 181, 123]","[123, 194, 6, 173, 180, 158, 53, 136, 182, 121, 99, 189, 19, 100, 26, 101, 150, 1, 97, 152, 74, 125, 87, 2, 120, 44, 82, 92, 179, 91, 145, 168, 78, 16, 88, 171, 13, 56, 188, 85, 31, 157, 17, 196, 169, 81, 187, 174, 90, 107, 27, 71, 58, 164, 7, 95, 39, 165, 119, 40, 185, 8, 138, 32, 3, 178, 49, 128, 167, 111, 124, 94, 130, 12, 148, 37, 33, 9, 62, 61, 15, 64, 114, 186, 23, 76, 89, 183, 153, 0, 170, 117, 93, 140, 68, 46, 198, 139, 191, 110, 163, 67, 108, 69, 18, 20, 22, 146, 103, 195, 159, 193, 41, 96, 5, 42, 192, 160, 48, 30, 54, 147, 104, 184, 28, 166, 11, 84, 4, 112, 126, 156, 29, 24, 149, 131, 77, 105, 47, 65, 116, 59, 118, 60, 141, 66, 51, 109, 72, 162, 161, 123]","{'distance': {'initial': 23330, 'final': 23330}, 'objective': {'initial': 0, 'final': 7634}}",23330,23330,0,7634,30964,30964,23330,30964,0,23330,30964,200,TSPA
lab7,hae_op2_ls,85,764256717,105.064981,True,,"[85, 131, 14, 194, 15, 9, 6, 185, 152, 172, 29, 96, 16, 110, 115, 159, 134, 173, 198, 12, 160, 19, 2, 119, 39, 80, 18, 55, 65, 74, 40, 174, 42, 3, 127, 132, 191, 17, 51, 99, 100, 188, 104, 146, 120, 180, 32, 181, 171, 148, 105, 113, 53, 44, 168, 158, 91, 26, 22, 21, 63, 37, 187, 166, 43, 59, 165, 68, 61, 25, 179, 122, 138, 156, 28, 135, 92, 186, 75, 58, 81, 169, 0, 56, 20, 112, 50, 197, 151, 48, 103, 155, 147, 47, 178, 144, 154, 70, 34, 111, 85]","[19, 189, 99, 121, 182, 136, 53, 158, 180, 173, 6, 194, 161, 162, 72, 59, 118, 109, 51, 66, 141, 60, 46, 198, 139, 110, 191, 115, 116, 65, 47, 105, 77, 131, 149, 24, 29, 156, 126, 112, 4, 84, 11, 166, 28, 184, 190, 10, 177, 104, 147, 54, 30, 48, 160, 192, 42, 5, 96, 41, 193, 159, 163, 69, 108, 67, 36, 140, 93, 117, 170, 0, 153, 183, 89, 76, 23, 186, 114, 64, 15, 12, 130, 94, 124, 111, 167, 148, 37, 33, 9, 62, 61, 144, 155, 14, 138, 32, 3, 178, 106, 185, 40, 119, 8, 165, 39, 95, 7, 164, 58, 71, 27, 107, 90, 187, 81, 174, 169, 196, 17, 157, 188, 56, 13, 31, 168, 78, 145, 91, 179, 92, 82, 44, 120, 2, 87, 125, 74, 152, 97, 1, 150, 101, 26, 100, 19]","{'distance': {'initial': 173637, 'final': 22365}, 'objective': {'initial': -156561, 'final': 7857}}",173637,22365,-156561,7857,17076,30222,173637,17076,-156561,22365,30222,237,TSPA
lab7,imhae_2,85,764256717,105.217249,True,,"[85, 37, 52, 143, 125, 49, 111, 54, 50, 129, 175, 12, 110, 168, 193, 76, 118, 104, 16, 199, 164, 124, 153, 1, 179, 48, 57, 135, 26, 45, 22, 170, 51, 24, 120, 113, 197, 70, 191, 19, 65, 79, 11, 106, 62, 178, 161, 137, 134, 28, 117, 127, 78, 154, 81, 132, 0, 151, 119, 169, 63, 40, 94, 126, 61, 13, 148, 86, 7, 82, 176, 108, 73, 66, 9, 88, 102, 186, 2, 144, 68, 157, 32, 39, 160, 15, 107, 105, 149, 181, 116, 109, 121, 33, 195, 93, 31, 83, 74, 187, 85]","[141, 60, 118, 72, 59, 65, 116, 105, 77, 131, 149, 24, 29, 156, 126, 112, 4, 84, 11, 166, 28, 184, 104, 147, 54, 30, 48, 160, 192, 181, 103, 146, 195, 159, 193, 41, 96, 115, 46, 198, 139, 191, 110, 163, 69, 108, 67, 36, 140, 93, 117, 170, 0, 153, 183, 89, 76, 23, 186, 114, 64, 15, 61, 62, 9, 33, 37, 148, 12, 130, 94, 124, 111, 167, 128, 178, 3, 32, 138, 49, 102, 155, 144, 132, 21, 7, 164, 58, 71, 27, 107, 90, 39, 165, 8, 185, 119, 40, 169, 174, 187, 81, 196, 91, 179, 145, 78, 168, 157, 188, 85, 31, 13, 56, 113, 171, 88, 16, 25, 44, 120, 82, 2, 87, 125, 74, 152, 97, 1, 150, 101, 26, 100, 19, 189, 99, 121, 182, 136, 53, 158, 180, 173, 6, 194, 161, 162, 133, 80, 176, 66, 51, 109, 141]","{'distance': {'initial': 162617, 'final': 23655}, 'objective': {'initial': -145907, 'final': 7860}}",162617,23655,-145907,7860,16710,31515,162617,16710,-145907,23655,31515,427,TSPA
lab7,imhae_4,85,764256717,105.361048,True,,"[85, 33, 90, 171, 36, 188, 180, 93, 194, 127, 131, 134, 44, 137, 112, 43, 41, 78, 189, 169, 77, 115, 1, 192, 195, 157, 19, 83, 69, 97, 139, 170, 117, 111, 88, 82, 37, 30, 22, 73, 48, 91, 152, 104, 50, 100, 21, 76, 178, 196, 166, 46, 98, 27, 12, 55, 168, 71, 23, 138, 153, 32, 86, 135, 125, 124, 190, 29, 160, 142, 175, 144, 133, 102, 146, 53, 68, 176, 173, 3, 129, 106, 25, 187, 179, 110, 42, 92, 49, 96, 79, 81, 154, 116, 114, 165, 198, 120, 47, 156, 85]","[4, 112, 156, 29, 126, 35, 11, 184, 28, 166, 77, 105, 116, 65, 59, 118, 72, 162, 161, 194, 6, 173, 180, 158, 53, 136, 182, 121, 99, 189, 19, 100, 26, 101, 150, 1, 97, 152, 74, 125, 87, 2, 82, 120, 44, 25, 78, 145, 179, 91, 168, 31, 13, 56, 188, 157, 17, 196, 169, 81, 187, 174, 90, 107, 27, 71, 58, 164, 7, 95, 39, 165, 8, 119, 40, 185, 106, 178, 3, 32, 138, 49, 102, 155, 144, 61, 62, 9, 33, 37, 148, 167, 111, 124, 94, 130, 12, 176, 66, 141, 51, 109, 60, 46, 68, 93, 140, 36, 163, 67, 108, 69, 18, 199, 159, 193, 41, 96, 5, 42, 192, 160, 48, 30, 54, 147, 104, 177, 10, 190, 4]","{'distance': {'initial': 163797, 'final': 19425}, 'objective': {'initial': -146977, 'final': 8196}}",163797,19425,-146977,8196,16820,27621,163797,16820,-146977,19425,27621,1273,TSPA
lab7,imhae_6,85,764256717,105.568746,True,,"[85, 33, 90, 171, 36, 188, 180, 93, 194, 127, 131, 134, 44, 137, 112, 43, 41, 78, 189, 169, 77, 115, 1, 192, 195, 157, 19, 83, 69, 97, 139, 170, 117, 111, 88, 82, 37, 30, 22, 73, 48, 91, 152, 104, 50, 100, 21, 76, 178, 196, 166, 46, 98, 27, 12, 55, 168, 71, 23, 138, 153, 32, 86, 135, 125, 124, 190, 29, 160, 142, 175, 144, 133, 102, 146, 53, 68, 176, 173, 3, 129, 106, 25, 187, 179, 110, 42, 92, 49, 96, 79, 81, 154, 116, 114, 165, 198, 120, 47, 156, 85]","[4, 112, 156, 29, 126, 35, 11, 184, 28, 166, 77, 105, 116, 65, 59, 118, 72, 162, 161, 194, 6, 173, 180, 158, 53, 136, 182, 121, 99, 189, 19, 100, 26, 101, 150, 1, 97, 152, 74, 125, 87, 2, 82, 120, 44, 25, 78, 145, 179, 91, 168, 31, 13, 56, 188, 157, 17, 196, 169, 81, 187, 174, 90, 107, 27, 71, 58, 164, 7, 95, 39, 165, 8, 119, 40, 185, 106, 178, 3, 32, 138, 49, 102, 155, 144, 61, 62, 9, 33, 37, 148, 167, 111, 124, 94, 130, 12, 176, 66, 141, 51, 109, 60, 46, 68, 93, 140, 36, 163, 67, 108, 69, 18, 199, 159, 193, 41, 96, 5, 42, 192, 160, 48, 30, 54, 147, 104, 177, 10, 190, 4]","{'distance': {'initial': 163797, 'final': 19425}, 'objective': {'initial': -146977, 'final': 8196}}",163797,19425,-146977,8196,16820,27621,163797,16820,-146977,19425,27621,2514,TSPA
lab7,imhae_8,85,764256717,105.502476,True,,"[85, 31, 13, 56, 113, 171, 88, 16, 78, 168, 145, 179, 91, 196, 169, 40, 119, 185, 3, 178, 106, 52, 55, 129, 82, 44, 120, 2, 87, 1, 150, 101, 100, 26, 97, 152, 74, 111, 167, 33, 37, 148, 137, 66, 176, 12, 130, 124, 94, 19, 189, 99, 121, 182, 136, 53, 158, 180, 173, 6, 194, 161, 162, 72, 109, 51, 141, 60, 118, 59, 116, 65, 47, 105, 77, 166, 28, 184, 11, 35, 126, 29, 156, 112, 4, 190, 10, 177, 104, 147, 54, 30, 48, 160, 192, 181, 103, 146, 22, 20, 18, 69, 108, 67, 163, 159, 193, 41, 96, 115, 198, 46, 68, 140, 93, 117, 170, 0, 153, 183, 89, 76, 23, 186, 114, 64, 15, 61, 9, 62, 144, 155, 102, 49, 32, 138, 8, 165, 39, 27, 107, 90, 174, 187, 81, 17, 157, 188, 85]","[85, 31, 13, 56, 113, 171, 88, 16, 25, 44, 120, 82, 2, 87, 125, 74, 152, 97, 1, 150, 101, 26, 100, 19, 189, 99, 121, 182, 136, 53, 158, 180, 173, 6, 194, 161, 162, 72, 109, 51, 66, 141, 60, 118, 59, 116, 105, 65, 47, 149, 131, 77, 166, 28, 184, 11, 35, 126, 29, 156, 112, 4, 190, 10, 177, 104, 147, 54, 30, 48, 160, 192, 181, 103, 146, 22, 159, 193, 41, 96, 115, 46, 198, 139, 191, 110, 163, 69, 108, 67, 36, 140, 93, 117, 170, 0, 153, 183, 89, 76, 23, 186, 114, 64, 15, 61, 62, 9, 33, 37, 148, 12, 130, 94, 124, 111, 167, 128, 49, 102, 144, 155, 14, 138, 32, 3, 178, 106, 185, 40, 119, 8, 165, 39, 27, 107, 90, 174, 187, 81, 196, 169, 91, 179, 145, 78, 168, 157, 188, 85]","{'distance': {'initial': 24527, 'final': 22254}, 'objective': {'initial': 0, 'final': 8242}}",24527,22254,0,8242,30905,30496,24527,30905,0,22254,30496,3614,TSPA
lab7,imhae_12,85,764256717,105.836322,True,,"[85, 31, 13, 56, 113, 171, 88, 16, 78, 168, 145, 179, 91, 196, 169, 40, 119, 185, 3, 178, 106, 52, 55, 129, 82, 44, 120, 2, 87, 1, 150, 101, 100, 26, 97, 152, 74, 111, 167, 33, 37, 148, 137, 66, 176, 12, 130, 124, 94, 19, 189, 99, 121, 182, 136, 53, 158, 180, 173, 6, 194, 161, 162, 72, 109, 51, 141, 60, 118, 59, 116, 65, 47, 105, 77, 166, 28, 184, 11, 35, 126, 29, 156, 112, 4, 190, 10, 177, 104, 147, 54, 30, 48, 160, 192, 181, 103, 146, 22, 20, 18, 69, 108, 67, 163, 159, 193, 41, 96, 115, 198, 46, 68, 140, 93, 117, 170, 0, 153, 183, 89, 76, 23, 186, 114, 64, 15, 61, 9, 62, 144, 155, 102, 49, 32, 138, 8, 165, 39, 27, 107, 90, 174, 187, 81, 17, 157, 188, 85]","[85, 31, 13, 56, 113, 171, 88, 16, 25, 44, 120, 82, 2, 87, 125, 74, 152, 97, 1, 150, 101, 26, 100, 19, 189, 99, 121, 182, 136, 53, 158, 180, 173, 6, 194, 161, 162, 72, 109, 51, 66, 141, 60, 118, 59, 116, 105, 65, 47, 149, 131, 77, 166, 28, 184, 11, 35, 126, 29, 156, 112, 4, 190, 10, 177, 104, 147, 54, 30, 48, 160, 192, 181, 103, 146, 22, 159, 193, 41, 96, 115, 46, 198, 139, 191, 110, 163, 69, 108, 67, 36, 140, 93, 117, 170, 0, 153, 183, 89, 76, 23, 186, 114, 64, 15, 61, 62, 9, 33, 37, 148, 12, 130, 94, 124, 111, 167, 128, 49, 102, 144, 155, 14, 138, 32, 3, 178, 106, 185, 40, 119, 8, 165, 39, 27, 107, 90, 174, 187, 81, 196, 169, 91, 179, 145, 78, 168, 157, 188, 85]","{'distance': {'initial': 24527, 'final': 22254}, 'objective': {'initial': 0, 'final': 8242}}",24527,22254,0,8242,30905,30496,24527,30905,0,22254,30496,3303,TSPA
lab7,msls,85,1964499638,100.839203,True,,"[179, 55, 97, 34, 37, 36, 186, 21, 32, 31, 35, 196, 112, 87, 180, 131, 157, 132, 7, 90, 163, 5, 27, 109, 74, 63, 134, 101, 85, 184, 73, 8, 25, 143, 50, 79, 198, 151, 160, 59, 53, 81, 192, 190, 2, 114, 10, 159, 123, 29, 191, 52, 39, 24, 66, 57, 195, 14, 84, 105, 43, 103, 129, 174, 182, 17, 147, 121, 148, 177, 51, 107, 54, 13, 47, 44, 12, 111, 16, 71, 115, 83, 155, 119, 38, 6, 75, 1, 117, 178, 173, 72, 166, 58, 110, 130, 92, 169, 108, 23, 179]","[179, 91, 55, 52, 106, 178, 3, 128, 167, 111, 124, 12, 130, 94, 189, 19, 152, 74, 125, 87, 1, 150, 101, 97, 26, 100, 99, 121, 182, 136, 53, 158, 180, 154, 6, 173, 133, 151, 51, 109, 141, 60, 118, 72, 59, 116, 105, 65, 47, 77, 131, 149, 24, 29, 156, 126, 112, 4, 190, 10, 177, 104, 147, 54, 30, 48, 160, 184, 11, 166, 28, 42, 5, 96, 41, 193, 159, 199, 18, 69, 108, 67, 163, 36, 140, 93, 117, 170, 0, 153, 183, 89, 76, 23, 186, 114, 64, 15, 9, 62, 61, 144, 155, 102, 49, 32, 138, 8, 185, 40, 119, 165, 39, 95, 7, 164, 58, 71, 27, 107, 90, 187, 81, 174, 169, 196, 17, 157, 188, 85, 31, 13, 56, 113, 171, 88, 16, 25, 44, 120, 82, 78, 168, 145, 179]","{'distance': {'initial': 21874, 'final': 21874}, 'objective': {'initial': 0, 'final': 7547}}",21874,21874,0,7547,29421,29421,21874,29421,0,21874,29421,200,TSPA
lab7,hae_op2_ls,85,1964499638,105.278509,True,,"[85, 180, 60, 22, 124, 135, 84, 159, 58, 87, 39, 25, 6, 13, 74, 72, 57, 12, 131, 0, 127, 16, 155, 89, 147, 152, 181, 150, 100, 167, 45, 122, 11, 103, 4, 24, 71, 62, 197, 185, 17, 111, 50, 113, 86, 157, 97, 67, 153, 36, 105, 138, 54, 162, 128, 174, 93, 56, 38, 104, 132, 133, 188, 76, 151, 139, 109, 191, 9, 195, 146, 120, 117, 101, 66, 77, 116, 158, 10, 18, 143, 80, 78, 63, 198, 130, 183, 187, 199, 142, 81, 184, 43, 140, 141, 126, 96, 136, 47, 64, 85]","[48, 160, 192, 181, 103, 146, 195, 159, 193, 41, 191, 110, 139, 198, 46, 68, 163, 69, 108, 67, 36, 140, 93, 117, 170, 0, 153, 183, 89, 76, 23, 186, 114, 64, 15, 148, 37, 33, 9, 62, 61, 144, 155, 102, 49, 178, 3, 32, 138, 8, 165, 39, 95, 7, 164, 58, 71, 27, 107, 90, 119, 40, 174, 187, 81, 169, 196, 17, 157, 188, 56, 13, 31, 168, 145, 78, 25, 44, 120, 82, 92, 179, 91, 55, 52, 128, 167, 111, 124, 12, 130, 94, 189, 19, 152, 74, 125, 87, 150, 101, 1, 97, 26, 100, 99, 121, 182, 136, 53, 158, 180, 173, 6, 194, 161, 162, 72, 109, 51, 66, 141, 60, 118, 59, 116, 65, 47, 105, 77, 131, 149, 24, 29, 156, 126, 112, 4, 84, 11, 166, 28, 184, 104, 147, 54, 30, 48]","{'distance': {'initial': 158354, 'final': 22369}, 'objective': {'initial': -141620, 'final': 7830}}",158354,22369,-141620,7830,16734,30199,158354,16734,-141620,22369,30199,235,TSPA
lab7,imhae_2,85,1964499638,105.366668,True,,"[85, 180, 60, 22, 124, 135, 84, 159, 58, 87, 39, 25, 6, 13, 74, 72, 57, 12, 131, 0, 127, 16, 155, 89, 147, 152, 181, 150, 100, 167, 45, 122, 11, 103, 4, 24, 71, 62, 197, 185, 17, 111, 50, 113, 86, 157, 97, 67, 153, 36, 105, 138, 54, 162, 128, 174, 93, 56, 38, 104, 132, 133, 188, 76, 151, 139, 109, 191, 9, 195, 146, 120, 117, 101, 66, 77, 116, 158, 10, 18, 143, 80, 78, 63, 198, 130, 183, 187, 199, 142, 81, 184, 43, 140, 141, 126, 96, 136, 47, 64, 85]","[48, 160, 192, 181, 103, 146, 195, 159, 193, 41, 191, 110, 139, 198, 46, 68, 163, 69, 108, 67, 36, 140, 93, 117, 170, 0, 153, 183, 89, 76, 23, 186, 114, 64, 15, 148, 37, 33, 9, 62, 61, 144, 155, 102, 49, 178, 3, 32, 138, 8, 165, 39, 95, 7, 164, 58, 71, 27, 107, 90, 119, 40, 174, 187, 81, 169, 196, 17, 157, 188, 56, 13, 31, 168, 145, 78, 25, 44, 120, 82, 92, 179, 91, 55, 52, 128, 167, 111, 124, 12, 130, 94, 189, 19, 152, 74, 125, 87, 150, 101, 1, 97, 26, 100, 99, 121, 182, 136, 53, 158, 180, 173, 6, 194, 161, 162, 72, 109, 51, 66, 141, 60, 118, 59, 116, 65, 47, 105, 77, 131, 149, 24, 29, 156, 126, 112, 4, 84, 11, 166, 28, 184, 104, 147, 54, 30, 48]","{'distance': {'initial': 158354, 'final': 22369}, 'objective': {'initial': -141620, 'final': 7830}}",158354,22369,-141620,7830,16734,30199,158354,16734,-141620,22369,30199,418,TSPA
lab7,imhae_4,85,1964499638,105.441546,True,,"[85, 104, 137, 49, 64, 9, 198, 35, 46, 117, 12, 155, 40, 79, 24, 113, 102, 73, 63, 158, 23, 33, 52, 99, 174, 156, 150, 18, 100, 21, 151, 81, 166, 56, 133, 22, 103, 109, 184, 51, 70, 94, 44, 74, 188, 88, 50, 54, 143, 132, 42, 71, 84, 57, 194, 163, 13, 25, 110, 89, 139, 189, 32, 68, 153, 140, 97, 129, 45, 92, 141, 77, 61, 16, 125, 170, 58, 31, 161, 149, 6, 178, 72, 106, 116, 147, 37, 186, 67, 173, 26, 154, 130, 75, 4, 41, 142, 96, 2, 28, 85]","[96, 115, 198, 139, 191, 110, 163, 69, 108, 67, 36, 140, 93, 68, 46, 60, 109, 51, 141, 66, 176, 12, 130, 94, 124, 111, 167, 33, 37, 148, 15, 186, 23, 76, 183, 89, 83, 114, 64, 61, 9, 62, 144, 155, 102, 49, 138, 32, 3, 178, 106, 185, 40, 119, 8, 165, 39, 95, 7, 164, 58, 71, 27, 107, 90, 187, 81, 174, 169, 196, 91, 179, 145, 78, 168, 157, 188, 85, 31, 13, 56, 113, 171, 88, 16, 25, 44, 120, 82, 2, 87, 125, 74, 152, 97, 1, 150, 101, 26, 100, 19, 189, 99, 121, 182, 136, 53, 158, 180, 173, 6, 194, 161, 162, 72, 118, 59, 116, 65, 47, 105, 77, 166, 28, 184, 11, 35, 29, 156, 126, 112, 4, 190, 10, 177, 104, 147, 54, 30, 48, 160, 192, 181, 103, 146, 195, 159, 193, 41, 96]","{'distance': {'initial': 157114, 'final': 22895}, 'objective': {'initial': -139587, 'final': 8162}}",157114,22895,-139587,8162,17527,31057,157114,17527,-139587,22895,31057,1180,TSPA
lab7,imhae_6,85,1964499638,105.337778,True,,"[85, 31, 168, 157, 17, 196, 169, 81, 187, 174, 119, 40, 185, 8, 165, 39, 90, 107, 27, 71, 58, 164, 7, 21, 138, 14, 155, 144, 62, 9, 61, 15, 64, 114, 186, 23, 76, 89, 183, 153, 0, 170, 117, 93, 140, 36, 163, 67, 108, 69, 18, 199, 22, 146, 103, 195, 159, 193, 41, 191, 110, 139, 198, 46, 115, 96, 5, 116, 105, 77, 166, 28, 192, 160, 48, 30, 54, 147, 104, 177, 10, 190, 184, 11, 84, 4, 112, 126, 156, 29, 127, 194, 161, 24, 149, 131, 47, 65, 59, 118, 72, 51, 109, 60, 141, 66, 176, 80, 63, 182, 136, 180, 173, 6, 154, 158, 53, 121, 99, 100, 26, 97, 1, 101, 150, 87, 125, 74, 152, 19, 189, 94, 130, 12, 124, 111, 167, 128, 49, 32, 3, 178, 106, 52, 55, 57, 92, 82, 120, 44, 25, 16, 88, 171, 13, 56, 188, 85]","[85, 188, 157, 17, 196, 169, 81, 187, 174, 90, 107, 27, 71, 58, 164, 7, 95, 39, 165, 8, 119, 40, 185, 106, 178, 3, 32, 138, 14, 155, 144, 102, 49, 128, 167, 111, 124, 94, 130, 12, 148, 37, 33, 9, 62, 61, 15, 64, 114, 186, 23, 76, 89, 183, 153, 0, 170, 117, 93, 140, 36, 67, 108, 69, 163, 110, 191, 139, 68, 46, 198, 115, 96, 41, 193, 159, 22, 146, 103, 181, 192, 160, 48, 30, 54, 147, 104, 177, 10, 190, 4, 112, 126, 156, 29, 24, 149, 131, 11, 184, 28, 166, 77, 105, 116, 65, 59, 118, 60, 141, 66, 51, 109, 72, 162, 161, 194, 6, 173, 180, 158, 53, 136, 182, 121, 99, 189, 19, 100, 26, 101, 150, 1, 97, 152, 74, 125, 87, 2, 82, 120, 44, 25, 78, 145, 179, 91, 168, 16, 88, 171, 113, 56, 13, 31, 85]","{'distance': {'initial': 25078, 'final': 23615}, 'objective': {'initial': 0, 'final': 8369}}",25078,23615,0,8369,31801,31984,25078,31801,0,23615,31984,2397,TSPA
lab7,imhae_8,85,1964499638,105.486106,True,,"[85, 31, 168, 157, 17, 196, 169, 81, 187, 174, 119, 40, 185, 8, 165, 39, 90, 107, 27, 71, 58, 164, 7, 21, 138, 14, 155, 144, 62, 9, 61, 15, 64, 114, 186, 23, 76, 89, 183, 153, 0, 170, 117, 93, 140, 36, 163, 67, 108, 69, 18, 199, 22, 146, 103, 195, 159, 193, 41, 191, 110, 139, 198, 46, 115, 96, 5, 116, 105, 77, 166, 28, 192, 160, 48, 30, 54, 147, 104, 177, 10, 190, 184, 11, 84, 4, 112, 126, 156, 29, 127, 194, 161, 24, 149, 131, 47, 65, 59, 118, 72, 51, 109, 60, 141, 66, 176, 80, 63, 182, 136, 180, 173, 6, 154, 158, 53, 121, 99, 100, 26, 97, 1, 101, 150, 87, 125, 74, 152, 19, 189, 94, 130, 12, 124, 111, 167, 128, 49, 32, 3, 178, 106, 52, 55, 57, 92, 82, 120, 44, 25, 16, 88, 171, 13, 56, 188, 85]","[85, 188, 157, 17, 196, 169, 81, 187, 174, 90, 107, 27, 71, 58, 164, 7, 95, 39, 165, 8, 119, 40, 185, 106, 178, 3, 32, 138, 14, 155, 144, 102, 49, 128, 167, 111, 124, 94, 130, 12, 148, 37, 33, 9, 62, 61, 15, 64, 114, 186, 23, 76, 89, 183, 153, 0, 170, 117, 93, 140, 36, 67, 108, 69, 163, 110, 191, 139, 68, 46, 198, 115, 96, 41, 193, 159, 22, 146, 103, 181, 192, 160, 48, 30, 54, 147, 104, 177, 10, 190, 4, 112, 126, 156, 29, 24, 149, 131, 11, 184, 28, 166, 77, 105, 116, 65, 59, 118, 60, 141, 66, 51, 109, 72, 162, 161, 194, 6, 173, 180, 158, 53, 136, 182, 121, 99, 189, 19, 100, 26, 101, 150, 1, 97, 152, 74, 125, 87, 2, 82, 120, 44, 25, 78, 145, 179, 91, 168, 16, 88, 171, 113, 56, 13, 31, 85]","{'distance': {'initial': 25078, 'final': 23615}, 'objective': {'initial': 0, 'final': 8369}}",25078,23615,0,8369,31801,31984,25078,31801,0,23615,31984,3453,TSPA
lab7,imhae_12,85,1964499638,105.536545,True,,"[85, 0, 65, 138, 9, 109, 36, 146, 62, 77, 198, 148, 161, 20, 151, 48, 190, 40, 184, 159, 34, 33, 76, 53, 46, 23, 28, 11, 165, 131, 128, 125, 106, 3, 120, 72, 117, 118, 185, 113, 50, 54, 51, 17, 5, 19, 194, 176, 38, 149, 64, 43, 179, 188, 140, 88, 15, 42, 132, 81, 142, 39, 26, 47, 61, 187, 108, 16, 74, 83, 181, 177, 104, 89, 94, 49, 105, 197, 68, 55, 155, 122, 150, 135, 87, 98, 129, 2, 178, 96, 160, 119, 136, 172, 70, 52, 30, 144, 24, 186, 85]","[56, 188, 157, 17, 196, 169, 81, 187, 174, 90, 107, 27, 71, 58, 164, 7, 95, 39, 165, 8, 119, 40, 185, 106, 178, 3, 32, 138, 14, 155, 144, 102, 49, 128, 167, 111, 124, 94, 130, 12, 148, 37, 33, 9, 62, 61, 15, 64, 114, 186, 23, 76, 89, 183, 153, 0, 170, 117, 93, 140, 36, 67, 108, 69, 163, 68, 46, 198, 115, 96, 41, 193, 159, 195, 146, 103, 181, 192, 160, 48, 30, 54, 147, 104, 177, 10, 190, 4, 112, 156, 29, 126, 35, 11, 184, 28, 166, 131, 149, 77, 105, 116, 65, 59, 118, 60, 141, 66, 51, 109, 72, 162, 161, 194, 6, 173, 180, 158, 53, 136, 182, 121, 99, 189, 19, 100, 26, 101, 150, 1, 97, 152, 74, 125, 87, 2, 82, 120, 44, 25, 78, 145, 168, 31, 13, 56]","{'distance': {'initial': 166371, 'final': 21911}, 'objective': {'initial': -149273, 'final': 8286}}",166371,21911,-149273,8286,17098,30197,166371,17098,-149273,21911,30197,2792,TSPA
lab7,msls,85,1946045837,102.037221,True,,"[171, 54, 40, 124, 6, 197, 53, 134, 185, 140, 7, 34, 177, 16, 59, 126, 45, 27, 159, 133, 47, 167, 25, 71, 98, 120, 50, 94, 5, 62, 91, 21, 76, 83, 66, 194, 43, 56, 37, 95, 181, 110, 145, 52, 182, 141, 44, 23, 87, 119, 30, 142, 170, 20, 84, 148, 111, 77, 132, 192, 196, 180, 176, 10, 114, 74, 139, 63, 151, 183, 105, 155, 104, 107, 24, 131, 144, 64, 99, 166, 165, 106, 108, 81, 115, 157, 195, 26, 154, 79, 103, 3, 130, 102, 36, 4, 136, 121, 96, 187, 171]","[171, 13, 56, 188, 85, 31, 157, 168, 78, 145, 179, 91, 169, 196, 81, 187, 174, 90, 107, 27, 71, 58, 164, 7, 95, 39, 165, 8, 119, 40, 185, 106, 178, 3, 32, 138, 14, 155, 144, 61, 62, 9, 15, 64, 114, 186, 23, 76, 89, 183, 153, 0, 170, 117, 93, 140, 36, 163, 67, 108, 69, 18, 199, 193, 41, 159, 195, 146, 103, 181, 192, 160, 48, 30, 54, 147, 104, 177, 10, 190, 4, 112, 156, 29, 126, 35, 11, 184, 28, 166, 131, 149, 77, 105, 47, 65, 116, 5, 96, 115, 198, 46, 60, 141, 66, 51, 109, 118, 59, 72, 162, 161, 194, 6, 173, 180, 158, 53, 136, 182, 121, 100, 26, 101, 150, 1, 97, 99, 189, 19, 94, 124, 130, 12, 148, 37, 33, 167, 111, 152, 74, 125, 87, 2, 82, 120, 44, 25, 16, 88, 171]","{'distance': {'initial': 23057, 'final': 23057}, 'objective': {'initial': 0, 'final': 7882}}",23057,23057,0,7882,30939,30939,23057,30939,0,23057,30939,200,TSPA
lab7,hae_op2_ls,85,1946045837,105.371927,True,,"[85, 49, 95, 70, 148, 129, 56, 21, 170, 193, 12, 69, 111, 162, 11, 182, 76, 40, 142, 23, 177, 72, 50, 106, 45, 81, 15, 36, 169, 196, 132, 125, 6, 131, 1, 154, 119, 41, 153, 160, 199, 168, 80, 124, 161, 8, 102, 166, 96, 126, 68, 94, 117, 100, 103, 133, 188, 120, 197, 179, 175, 78, 152, 29, 24, 67, 176, 115, 16, 178, 19, 157, 82, 17, 28, 108, 105, 90, 158, 43, 46, 190, 53, 42, 92, 89, 38, 163, 185, 93, 147, 13, 3, 2, 39, 136, 22, 114, 145, 47, 85]","[72, 162, 161, 194, 6, 173, 180, 158, 53, 136, 182, 121, 99, 100, 26, 97, 1, 101, 150, 87, 125, 74, 152, 19, 189, 94, 130, 12, 124, 111, 148, 37, 33, 167, 172, 129, 82, 120, 44, 25, 78, 145, 179, 91, 168, 31, 13, 56, 188, 157, 17, 196, 169, 81, 187, 174, 90, 107, 27, 39, 165, 8, 119, 40, 185, 106, 178, 3, 32, 138, 14, 155, 144, 49, 102, 62, 9, 61, 15, 64, 114, 186, 23, 76, 89, 183, 153, 0, 170, 117, 93, 140, 36, 163, 67, 108, 69, 18, 199, 159, 195, 146, 103, 181, 192, 160, 48, 30, 54, 147, 104, 184, 28, 166, 11, 84, 4, 112, 126, 156, 29, 24, 149, 131, 47, 65, 116, 105, 77, 43, 42, 5, 96, 41, 193, 115, 198, 46, 60, 141, 66, 51, 109, 118, 59, 72]","{'distance': {'initial': 167398, 'final': 21971}, 'objective': {'initial': -149603, 'final': 7618}}",167398,21971,-149603,7618,17795,29589,167398,17795,-149603,21971,29589,233,TSPA
lab7,imhae_2,85,1946045837,105.323228,True,,"[85, 116, 133, 57, 65, 169, 186, 127, 13, 146, 47, 56, 26, 91, 179, 198, 123, 174, 108, 32, 148, 0, 98, 122, 101, 172, 3, 141, 54, 33, 197, 135, 50, 160, 72, 4, 5, 62, 132, 51, 142, 105, 30, 99, 22, 143, 149, 167, 192, 151, 184, 125, 39, 199, 163, 106, 75, 159, 188, 128, 68, 66, 190, 137, 126, 185, 45, 154, 155, 35, 152, 196, 187, 176, 181, 158, 96, 120, 87, 18, 164, 134, 183, 36, 49, 38, 46, 60, 43, 113, 61, 95, 20, 182, 74, 170, 136, 118, 21, 168, 85]","[180, 173, 6, 194, 161, 162, 72, 59, 118, 109, 51, 66, 141, 60, 115, 96, 5, 42, 28, 184, 11, 166, 77, 105, 116, 65, 47, 131, 149, 24, 29, 156, 126, 112, 4, 190, 10, 177, 104, 147, 54, 30, 48, 160, 192, 181, 103, 146, 22, 199, 18, 69, 108, 67, 163, 159, 193, 41, 191, 110, 139, 198, 46, 68, 140, 93, 117, 170, 0, 153, 183, 89, 76, 23, 186, 114, 64, 15, 61, 62, 9, 33, 37, 148, 111, 167, 128, 49, 102, 144, 155, 14, 138, 32, 3, 178, 106, 185, 40, 119, 8, 165, 39, 95, 7, 164, 58, 71, 27, 107, 90, 174, 187, 81, 196, 169, 91, 179, 145, 78, 168, 157, 31, 13, 85, 188, 56, 113, 171, 88, 16, 25, 44, 120, 82, 2, 87, 125, 74, 152, 97, 1, 150, 101, 26, 100, 19, 124, 12, 130, 94, 189, 99, 121, 182, 136, 53, 158, 180]","{'distance': {'initial': 176147, 'final': 24322}, 'objective': {'initial': -159178, 'final': 8027}}",176147,24322,-159178,8027,16969,32349,176147,16969,-159178,24322,32349,404,TSPA
lab7,imhae_4,85,1946045837,105.360198,True,,"[85, 88, 151, 191, 190, 110, 19, 199, 181, 198, 159, 28, 89, 121, 69, 105, 118, 179, 23, 77, 22, 29, 10, 148, 124, 184, 160, 146, 44, 81, 104, 2, 175, 182, 41, 92, 67, 84, 14, 150, 45, 20, 43, 101, 130, 79, 122, 109, 154, 114, 75, 11, 132, 64, 90, 4, 58, 137, 63, 59, 178, 141, 24, 95, 155, 113, 54, 26, 72, 33, 189, 152, 169, 68, 131, 98, 140, 49, 65, 60, 53, 57, 17, 173, 177, 13, 116, 66, 96, 27, 62, 93, 76, 194, 50, 87, 119, 6, 139, 74, 85]","[72, 109, 51, 66, 141, 60, 118, 59, 65, 116, 105, 77, 166, 28, 184, 11, 84, 4, 190, 10, 177, 104, 147, 54, 30, 48, 160, 192, 181, 103, 146, 195, 159, 193, 41, 96, 115, 46, 198, 139, 191, 110, 163, 69, 108, 67, 36, 140, 93, 117, 170, 0, 153, 183, 89, 76, 23, 186, 114, 64, 15, 9, 62, 61, 144, 155, 102, 49, 32, 138, 8, 185, 40, 119, 165, 39, 95, 7, 164, 58, 71, 27, 107, 90, 174, 187, 81, 196, 169, 91, 179, 145, 78, 168, 157, 188, 85, 31, 13, 56, 113, 171, 88, 16, 25, 44, 120, 82, 2, 87, 125, 74, 152, 97, 1, 150, 101, 26, 100, 19, 124, 12, 130, 94, 189, 99, 121, 182, 136, 53, 158, 180, 173, 6, 194, 161, 162, 72]","{'distance': {'initial': 161602, 'final': 20946}, 'objective': {'initial': -143650, 'final': 8358}}",161602,20946,-143650,8358,17952,29304,161602,17952,-143650,20946,29304,1124,TSPA
lab7,imhae_6,85,1946045837,105.560156,True,,"[85, 88, 151, 191, 190, 110, 19, 199, 181, 198, 159, 28, 89, 121, 69, 105, 118, 179, 23, 77, 22, 29, 10, 148, 124, 184, 160, 146, 44, 81, 104, 2, 175, 182, 41, 92, 67, 84, 14, 150, 45, 20, 43, 101, 130, 79, 122, 109, 154, 114, 75, 11, 132, 64, 90, 4, 58, 137, 63, 59, 178, 141, 24, 95, 155, 113, 54, 26, 72, 33, 189, 152, 169, 68, 131, 98, 140, 49, 65, 60, 53, 57, 17, 173, 177, 13, 116, 66, 96, 27, 62, 93, 76, 194, 50, 87, 119, 6, 139, 74, 85]","[72, 109, 51, 66, 141, 60, 118, 59, 65, 116, 105, 77, 166, 28, 184, 11, 84, 4, 190, 10, 177, 104, 147, 54, 30, 48, 160, 192, 181, 103, 146, 195, 159, 193, 41, 96, 115, 46, 198, 139, 191, 110, 163, 69, 108, 67, 36, 140, 93, 117, 170, 0, 153, 183, 89, 76, 23, 186, 114, 64, 15, 9, 62, 61, 144, 155, 102, 49, 32, 138, 8, 185, 40, 119, 165, 39, 95, 7, 164, 58, 71, 27, 107, 90, 174, 187, 81, 196, 169, 91, 179, 145, 78, 168, 157, 188, 85, 31, 13, 56, 113, 171, 88, 16, 25, 44, 120, 82, 2, 87, 125, 74, 152, 97, 1, 150, 101, 26, 100, 19, 124, 12, 130, 94, 189, 99, 121, 182, 136, 53, 158, 180, 173, 6, 194, 161, 162, 72]","{'distance': {'initial': 161602, 'final': 20946}, 'objective': {'initial': -143650, 'final': 8358}}",161602,20946,-143650,8358,17952,29304,161602,17952,-143650,20946,29304,2334,TSPA
lab7,imhae_8,85,1946045837,105.577335,True,,"[85, 88, 151, 191, 190, 110, 19, 199, 181, 198, 159, 28, 89, 121, 69, 105, 118, 179, 23, 77, 22, 29, 10, 148, 124, 184, 160, 146, 44, 81, 104, 2, 175, 182, 41, 92, 67, 84, 14, 150, 45, 20, 43, 101, 130, 79, 122, 109, 154, 114, 75, 11, 132, 64, 90, 4, 58, 137, 63, 59, 178, 141, 24, 95, 155, 113, 54, 26, 72, 33, 189, 152, 169, 68, 131, 98, 140, 49, 65, 60, 53, 57, 17, 173, 177, 13, 116, 66, 96, 27, 62, 93, 76, 194, 50, 87, 119, 6, 139, 74, 85]","[72, 109, 51, 66, 141, 60, 118, 59, 65, 116, 105, 77, 166, 28, 184, 11, 84, 4, 190, 10, 177, 104, 147, 54, 30, 48, 160, 192, 181, 103, 146, 195, 159, 193, 41, 96, 115, 46, 198, 139, 191, 110, 163, 69, 108, 67, 36, 140, 93, 117, 170, 0, 153, 183, 89, 76, 23, 186, 114, 64, 15, 9, 62, 61, 144, 155, 102, 49, 32, 138, 8, 185, 40, 119, 165, 39, 95, 7, 164, 58, 71, 27, 107, 90, 174, 187, 81, 196, 169, 91, 179, 145, 78, 168, 157, 188, 85, 31, 13, 56, 113, 171, 88, 16, 25, 44, 120, 82, 2, 87, 125, 74, 152, 97, 1, 150, 101, 26, 100, 19, 124, 12, 130, 94, 189, 99, 121, 182, 136, 53, 158, 180, 173, 6, 194, 161, 162, 72]","{'distance': {'initial': 161602, 'final': 20946}, 'objective': {'initial': -143650, 'final': 8358}}",161602,20946,-143650,8358,17952,29304,161602,17952,-143650,20946,29304,3226,TSPA
lab7,imhae_12,85,1946045837,105.599935,True,,"[85, 188, 56, 13, 171, 88, 16, 25, 44, 120, 82, 92, 57, 55, 52, 106, 178, 3, 32, 138, 14, 155, 144, 61, 62, 9, 33, 37, 111, 167, 87, 125, 74, 152, 1, 150, 101, 97, 26, 100, 19, 189, 99, 121, 182, 136, 53, 158, 180, 154, 6, 173, 133, 162, 161, 24, 131, 149, 72, 59, 118, 60, 46, 198, 115, 193, 41, 96, 5, 42, 43, 105, 116, 65, 47, 77, 166, 11, 28, 184, 190, 10, 177, 104, 147, 54, 30, 48, 160, 192, 181, 103, 146, 195, 159, 199, 18, 69, 108, 67, 163, 36, 140, 93, 117, 170, 0, 141, 109, 51, 66, 176, 12, 130, 94, 124, 148, 15, 114, 64, 73, 132, 21, 7, 164, 58, 95, 39, 165, 8, 185, 119, 40, 169, 174, 187, 81, 196, 91, 179, 145, 78, 168, 157, 31, 85]","[85, 188, 56, 113, 171, 88, 16, 25, 44, 120, 82, 2, 87, 125, 74, 152, 97, 1, 150, 101, 26, 100, 19, 189, 99, 121, 182, 136, 53, 158, 180, 173, 6, 194, 161, 162, 72, 109, 51, 66, 141, 60, 118, 59, 116, 65, 47, 105, 77, 149, 131, 166, 28, 184, 11, 84, 4, 190, 10, 177, 104, 147, 54, 30, 48, 160, 192, 181, 103, 146, 22, 159, 193, 41, 96, 115, 198, 46, 68, 139, 191, 110, 163, 69, 108, 67, 36, 140, 93, 117, 170, 0, 153, 183, 89, 76, 23, 186, 114, 64, 15, 61, 62, 9, 33, 37, 148, 12, 130, 94, 124, 111, 167, 128, 49, 102, 144, 155, 14, 138, 32, 3, 178, 106, 185, 40, 119, 8, 165, 39, 95, 7, 164, 58, 71, 27, 107, 90, 174, 187, 81, 196, 169, 91, 179, 145, 78, 168, 157, 31, 13, 85]","{'distance': {'initial': 23821, 'final': 22818}, 'objective': {'initial': 0, 'final': 8333}}",23821,22818,0,8333,29226,31151,23821,29226,0,22818,31151,3721,TSPA
lab7,msls,85,1537573762,99.818054,True,,"[126, 88, 70, 156, 17, 176, 104, 93, 5, 100, 78, 99, 157, 32, 92, 33, 39, 103, 41, 191, 89, 67, 63, 159, 96, 24, 16, 160, 170, 123, 7, 80, 131, 142, 74, 113, 45, 73, 60, 150, 146, 175, 190, 178, 162, 185, 53, 164, 2, 127, 179, 130, 196, 35, 183, 8, 31, 61, 149, 81, 141, 121, 84, 28, 97, 13, 197, 125, 147, 151, 56, 107, 10, 140, 57, 108, 90, 3, 54, 118, 139, 106, 22, 120, 198, 64, 62, 158, 69, 37, 181, 82, 71, 180, 23, 30, 29, 171, 184, 18, 126]","[126, 29, 156, 112, 4, 190, 10, 177, 104, 147, 54, 30, 48, 160, 192, 181, 103, 146, 195, 159, 193, 41, 96, 115, 198, 139, 191, 110, 163, 69, 108, 67, 36, 140, 93, 68, 46, 0, 153, 183, 89, 76, 23, 186, 114, 64, 15, 9, 62, 61, 144, 155, 102, 49, 138, 32, 3, 178, 106, 185, 40, 119, 8, 165, 39, 95, 7, 164, 58, 71, 27, 107, 90, 187, 81, 174, 169, 196, 17, 157, 31, 85, 188, 56, 13, 171, 88, 16, 25, 44, 120, 82, 78, 168, 145, 91, 179, 57, 172, 167, 111, 87, 125, 74, 152, 97, 1, 150, 101, 26, 100, 53, 158, 154, 6, 173, 180, 136, 182, 121, 99, 189, 19, 94, 124, 130, 12, 176, 66, 51, 109, 141, 60, 118, 59, 72, 162, 161, 24, 149, 131, 47, 65, 116, 105, 77, 166, 28, 184, 11, 35, 126]","{'distance': {'initial': 23692, 'final': 23692}, 'objective': {'initial': 0, 'final': 7649}}",23692,23692,0,7649,31341,31341,23692,31341,0,23692,31341,200,TSPA
lab7,hae_op2_ls,85,1537573762,105.237718,True,,"[85, 84, 136, 112, 77, 178, 181, 145, 95, 13, 186, 83, 161, 10, 59, 92, 4, 30, 197, 96, 87, 171, 69, 129, 82, 105, 131, 191, 101, 60, 56, 33, 159, 141, 73, 61, 57, 182, 76, 132, 165, 155, 168, 78, 194, 62, 175, 7, 18, 2, 42, 110, 149, 162, 183, 119, 153, 198, 135, 54, 94, 108, 88, 113, 152, 14, 167, 32, 148, 51, 47, 3, 40, 6, 120, 9, 134, 116, 187, 8, 126, 46, 27, 188, 28, 143, 50, 36, 146, 190, 34, 117, 58, 164, 93, 19, 163, 114, 111, 169, 85]","[46, 68, 93, 140, 36, 67, 108, 69, 163, 159, 193, 41, 96, 5, 42, 192, 160, 48, 30, 54, 147, 104, 177, 10, 190, 4, 112, 126, 156, 29, 24, 149, 131, 11, 184, 28, 166, 77, 105, 116, 65, 59, 118, 72, 162, 161, 194, 6, 173, 180, 158, 53, 136, 182, 121, 99, 189, 19, 100, 26, 101, 150, 1, 97, 152, 74, 125, 87, 2, 82, 120, 44, 25, 16, 88, 171, 113, 56, 13, 31, 85, 188, 157, 168, 78, 145, 179, 91, 169, 196, 81, 187, 174, 90, 107, 27, 39, 165, 8, 119, 40, 185, 106, 178, 3, 32, 138, 14, 155, 144, 61, 62, 9, 33, 37, 148, 167, 111, 124, 94, 130, 12, 176, 66, 141, 51, 109, 60, 46]","{'distance': {'initial': 158589, 'final': 19146}, 'objective': {'initial': -140750, 'final': 7996}}",158589,19146,-140750,7996,17839,27142,158589,17839,-140750,19146,27142,279,TSPA
lab7,imhae_2,85,1537573762,105.10686,True,,"[85, 84, 136, 112, 77, 178, 181, 145, 95, 13, 186, 83, 161, 10, 59, 92, 4, 30, 197, 96, 87, 171, 69, 129, 82, 105, 131, 191, 101, 60, 56, 33, 159, 141, 73, 61, 57, 182, 76, 132, 165, 155, 168, 78, 194, 62, 175, 7, 18, 2, 42, 110, 149, 162, 183, 119, 153, 198, 135, 54, 94, 108, 88, 113, 152, 14, 167, 32, 148, 51, 47, 3, 40, 6, 120, 9, 134, 116, 187, 8, 126, 46, 27, 188, 28, 143, 50, 36, 146, 190, 34, 117, 58, 164, 93, 19, 163, 114, 111, 169, 85]","[46, 68, 93, 140, 36, 67, 108, 69, 163, 159, 193, 41, 96, 5, 42, 192, 160, 48, 30, 54, 147, 104, 177, 10, 190, 4, 112, 126, 156, 29, 24, 149, 131, 11, 184, 28, 166, 77, 105, 116, 65, 59, 118, 72, 162, 161, 194, 6, 173, 180, 158, 53, 136, 182, 121, 99, 189, 19, 100, 26, 101, 150, 1, 97, 152, 74, 125, 87, 2, 82, 120, 44, 25, 16, 88, 171, 113, 56, 13, 31, 85, 188, 157, 168, 78, 145, 179, 91, 169, 196, 81, 187, 174, 90, 107, 27, 39, 165, 8, 119, 40, 185, 106, 178, 3, 32, 138, 14, 155, 144, 61, 62, 9, 33, 37, 148, 167, 111, 124, 94, 130, 12, 176, 66, 141, 51, 109, 60, 46]","{'distance': {'initial': 158589, 'final': 19146}, 'objective': {'initial': -140750, 'final': 7996}}",158589,19146,-140750,7996,17839,27142,158589,17839,-140750,19146,27142,477,TSPA
lab7,imhae_4,85,1537573762,105.174549,True,,"[85, 125, 79, 186, 84, 188, 16, 162, 158, 112, 149, 42, 49, 6, 172, 43, 101, 76, 182, 92, 27, 173, 142, 13, 87, 81, 75, 187, 82, 183, 197, 80, 86, 17, 12, 119, 98, 195, 199, 37, 78, 168, 47, 36, 59, 22, 29, 113, 102, 107, 157, 4, 45, 108, 160, 48, 138, 111, 103, 127, 19, 196, 161, 89, 68, 178, 44, 23, 25, 122, 132, 135, 94, 60, 18, 121, 130, 41, 194, 20, 106, 74, 64, 155, 181, 184, 118, 164, 73, 140, 166, 174, 105, 170, 169, 114, 65, 144, 32, 190, 85]","[150, 101, 26, 100, 19, 189, 99, 121, 182, 136, 53, 158, 180, 173, 6, 194, 161, 24, 149, 131, 47, 65, 116, 105, 77, 166, 28, 184, 11, 84, 4, 190, 10, 177, 104, 147, 54, 30, 48, 160, 192, 42, 5, 96, 41, 193, 159, 199, 18, 69, 108, 67, 163, 36, 140, 93, 68, 110, 191, 139, 198, 46, 60, 118, 59, 72, 109, 51, 141, 66, 176, 12, 130, 94, 124, 111, 167, 148, 37, 33, 9, 62, 61, 144, 155, 102, 49, 178, 3, 32, 138, 8, 185, 40, 119, 165, 39, 95, 7, 164, 58, 71, 27, 107, 90, 174, 187, 81, 169, 196, 17, 157, 188, 56, 13, 31, 168, 145, 78, 25, 44, 120, 82, 2, 87, 125, 74, 152, 97, 1, 150]","{'distance': {'initial': 158984, 'final': 19248}, 'objective': {'initial': -141241, 'final': 8142}}",158984,19248,-141241,8142,17743,27390,158984,17743,-141241,19248,27390,1254,TSPA
lab7,imhae_6,85,1537573762,105.238759,True,,"[85, 125, 79, 186, 84, 188, 16, 162, 158, 112, 149, 42, 49, 6, 172, 43, 101, 76, 182, 92, 27, 173, 142, 13, 87, 81, 75, 187, 82, 183, 197, 80, 86, 17, 12, 119, 98, 195, 199, 37, 78, 168, 47, 36, 59, 22, 29, 113, 102, 107, 157, 4, 45, 108, 160, 48, 138, 111, 103, 127, 19, 196, 161, 89, 68, 178, 44, 23, 25, 122, 132, 135, 94, 60, 18, 121, 130, 41, 194, 20, 106, 74, 64, 155, 181, 184, 118, 164, 73, 140, 166, 174, 105, 170, 169, 114, 65, 144, 32, 190, 85]","[150, 101, 26, 100, 19, 189, 99, 121, 182, 136, 53, 158, 180, 173, 6, 194, 161, 24, 149, 131, 47, 65, 116, 105, 77, 166, 28, 184, 11, 84, 4, 190, 10, 177, 104, 147, 54, 30, 48, 160, 192, 42, 5, 96, 41, 193, 159, 199, 18, 69, 108, 67, 163, 36, 140, 93, 68, 110, 191, 139, 198, 46, 60, 118, 59, 72, 109, 51, 141, 66, 176, 12, 130, 94, 124, 111, 167, 148, 37, 33, 9, 62, 61, 144, 155, 102, 49, 178, 3, 32, 138, 8, 185, 40, 119, 165, 39, 95, 7, 164, 58, 71, 27, 107, 90, 174, 187, 81, 169, 196, 17, 157, 188, 56, 13, 31, 168, 145, 78, 25, 44, 120, 82, 2, 87, 125, 74, 152, 97, 1, 150]","{'distance': {'initial': 158984, 'final': 19248}, 'objective': {'initial': -141241, 'final': 8142}}",158984,19248,-141241,8142,17743,27390,158984,17743,-141241,19248,27390,2666,TSPA
lab7,imhae_8,85,1537573762,105.712664,True,,"[85, 125, 79, 186, 84, 188, 16, 162, 158, 112, 149, 42, 49, 6, 172, 43, 101, 76, 182, 92, 27, 173, 142, 13, 87, 81, 75, 187, 82, 183, 197, 80, 86, 17, 12, 119, 98, 195, 199, 37, 78, 168, 47, 36, 59, 22, 29, 113, 102, 107, 157, 4, 45, 108, 160, 48, 138, 111, 103, 127, 19, 196, 161, 89, 68, 178, 44, 23, 25, 122, 132, 135, 94, 60, 18, 121, 130, 41, 194, 20, 106, 74, 64, 155, 181, 184, 118, 164, 73, 140, 166, 174, 105, 170, 169, 114, 65, 144, 32, 190, 85]","[150, 101, 26, 100, 19, 189, 99, 121, 182, 136, 53, 158, 180, 173, 6, 194, 161, 24, 149, 131, 47, 65, 116, 105, 77, 166, 28, 184, 11, 84, 4, 190, 10, 177, 104, 147, 54, 30, 48, 160, 192, 42, 5, 96, 41, 193, 159, 199, 18, 69, 108, 67, 163, 36, 140, 93, 68, 110, 191, 139, 198, 46, 60, 118, 59, 72, 109, 51, 141, 66, 176, 12, 130, 94, 124, 111, 167, 148, 37, 33, 9, 62, 61, 144, 155, 102, 49, 178, 3, 32, 138, 8, 185, 40, 119, 165, 39, 95, 7, 164, 58, 71, 27, 107, 90, 174, 187, 81, 169, 196, 17, 157, 188, 56, 13, 31, 168, 145, 78, 25, 44, 120, 82, 2, 87, 125, 74, 152, 97, 1, 150]","{'distance': {'initial': 158984, 'final': 19248}, 'objective': {'initial': -141241, 'final': 8142}}",158984,19248,-141241,8142,17743,27390,158984,17743,-141241,19248,27390,3804,TSPA
lab7,imhae_12,85,1537573762,105.787113,True,,"[85, 125, 79, 186, 84, 188, 16, 162, 158, 112, 149, 42, 49, 6, 172, 43, 101, 76, 182, 92, 27, 173, 142, 13, 87, 81, 75, 187, 82, 183, 197, 80, 86, 17, 12, 119, 98, 195, 199, 37, 78, 168, 47, 36, 59, 22, 29, 113, 102, 107, 157, 4, 45, 108, 160, 48, 138, 111, 103, 127, 19, 196, 161, 89, 68, 178, 44, 23, 25, 122, 132, 135, 94, 60, 18, 121, 130, 41, 194, 20, 106, 74, 64, 155, 181, 184, 118, 164, 73, 140, 166, 174, 105, 170, 169, 114, 65, 144, 32, 190, 85]","[13, 56, 188, 157, 17, 196, 169, 81, 187, 174, 90, 107, 27, 39, 165, 8, 119, 40, 185, 106, 178, 3, 32, 138, 49, 102, 155, 144, 61, 62, 9, 33, 37, 148, 167, 111, 124, 94, 130, 12, 176, 66, 141, 51, 109, 72, 59, 118, 60, 46, 198, 139, 191, 110, 68, 93, 140, 36, 163, 67, 108, 69, 18, 199, 159, 193, 41, 96, 5, 42, 192, 160, 48, 30, 54, 147, 104, 177, 10, 190, 4, 84, 11, 184, 28, 166, 77, 105, 116, 65, 47, 131, 149, 24, 161, 194, 6, 173, 180, 158, 53, 136, 182, 121, 99, 189, 19, 100, 26, 101, 150, 1, 97, 152, 74, 125, 87, 2, 82, 120, 44, 25, 78, 145, 179, 91, 168, 31, 13]","{'distance': {'initial': 158984, 'final': 18893}, 'objective': {'initial': -141241, 'final': 8056}}",158984,18893,-141241,8056,17743,26949,158984,17743,-141241,18893,26949,3367,TSPA
lab7,msls,85,997618963,101.943272,True,,"[173, 147, 26, 85, 51, 130, 31, 53, 176, 28, 195, 83, 96, 113, 175, 43, 148, 81, 13, 97, 82, 12, 109, 135, 192, 71, 16, 143, 105, 142, 196, 84, 182, 95, 169, 108, 104, 74, 62, 156, 107, 47, 193, 78, 65, 121, 87, 70, 124, 111, 165, 32, 102, 171, 60, 183, 118, 123, 106, 185, 19, 138, 55, 2, 125, 1, 152, 164, 38, 10, 93, 146, 114, 190, 3, 167, 178, 45, 52, 100, 11, 133, 0, 168, 33, 25, 110, 6, 24, 67, 77, 61, 39, 15, 186, 44, 80, 56, 136, 7, 173]","[173, 6, 194, 161, 24, 149, 131, 77, 166, 28, 184, 11, 84, 4, 190, 10, 177, 104, 147, 54, 30, 48, 160, 192, 42, 5, 96, 41, 193, 159, 195, 103, 146, 22, 199, 18, 69, 108, 67, 163, 36, 140, 93, 68, 46, 198, 115, 116, 105, 47, 65, 59, 72, 118, 60, 109, 51, 141, 66, 176, 137, 23, 83, 114, 64, 15, 61, 62, 9, 33, 37, 148, 12, 130, 94, 124, 111, 167, 128, 49, 102, 144, 155, 14, 138, 32, 3, 178, 106, 185, 40, 119, 8, 165, 39, 27, 107, 90, 187, 81, 174, 169, 196, 91, 179, 145, 78, 168, 157, 31, 85, 188, 56, 13, 171, 88, 16, 25, 44, 120, 82, 2, 87, 125, 74, 152, 1, 150, 101, 97, 26, 100, 19, 189, 99, 121, 182, 136, 53, 158, 180, 173]","{'distance': {'initial': 21931, 'final': 21931}, 'objective': {'initial': 0, 'final': 7728}}",21931,21931,0,7728,29659,29659,21931,29659,0,21931,29659,200,TSPA
lab7,hae_op2_ls,85,997618963,105.09064,True,,"[85, 76, 125, 9, 142, 72, 193, 37, 107, 169, 55, 61, 163, 116, 62, 184, 81, 123, 110, 93, 174, 78, 46, 98, 183, 162, 1, 171, 180, 44, 43, 154, 69, 190, 166, 122, 119, 132, 182, 83, 185, 121, 115, 159, 177, 67, 90, 105, 19, 34, 23, 120, 3, 49, 18, 64, 74, 10, 11, 58, 17, 63, 66, 102, 27, 71, 194, 188, 6, 160, 100, 51, 165, 53, 148, 56, 181, 170, 113, 59, 131, 5, 126, 70, 0, 97, 164, 28, 104, 197, 31, 173, 103, 146, 38, 108, 141, 168, 151, 137, 85]","[109, 51, 141, 66, 176, 12, 130, 124, 94, 19, 189, 99, 182, 136, 180, 173, 6, 154, 158, 53, 121, 100, 26, 101, 150, 1, 97, 152, 74, 125, 87, 2, 82, 120, 44, 25, 16, 88, 171, 113, 56, 13, 31, 85, 188, 157, 168, 78, 145, 179, 91, 169, 196, 81, 187, 174, 90, 107, 27, 39, 165, 119, 40, 185, 8, 138, 32, 3, 178, 106, 52, 55, 128, 167, 111, 148, 37, 33, 9, 62, 102, 49, 155, 144, 61, 15, 64, 114, 186, 23, 76, 89, 183, 153, 0, 170, 117, 93, 140, 36, 67, 108, 69, 163, 68, 46, 198, 139, 110, 191, 41, 193, 159, 195, 146, 103, 181, 192, 160, 48, 30, 54, 147, 104, 177, 10, 190, 4, 84, 11, 184, 28, 166, 77, 105, 116, 65, 47, 131, 149, 24, 161, 162, 72, 59, 118, 60, 109]","{'distance': {'initial': 170162, 'final': 22161}, 'objective': {'initial': -151614, 'final': 7768}}",170162,22161,-151614,7768,18548,29929,170162,18548,-151614,22161,29929,207,TSPA
lab7,imhae_2,85,997618963,105.400177,True,,"[85, 29, 136, 32, 37, 61, 50, 49, 106, 101, 150, 145, 117, 183, 123, 114, 107, 0, 133, 137, 113, 34, 5, 129, 53, 46, 120, 30, 161, 144, 177, 38, 48, 51, 9, 190, 76, 81, 42, 151, 99, 121, 178, 17, 174, 176, 149, 157, 109, 95, 77, 70, 94, 86, 33, 92, 22, 191, 14, 118, 57, 180, 165, 54, 69, 19, 153, 196, 172, 147, 170, 193, 89, 141, 103, 184, 135, 194, 102, 166, 40, 119, 39, 7, 3, 139, 198, 158, 162, 189, 124, 82, 152, 90, 80, 127, 140, 112, 58, 143, 85]","[31, 168, 78, 145, 91, 179, 92, 82, 44, 120, 2, 87, 125, 74, 152, 97, 1, 150, 101, 26, 100, 121, 99, 189, 19, 94, 124, 130, 12, 176, 66, 141, 51, 109, 60, 118, 59, 72, 151, 133, 63, 182, 136, 53, 158, 180, 173, 6, 194, 161, 24, 149, 131, 47, 65, 116, 105, 77, 166, 28, 184, 11, 84, 4, 190, 10, 177, 104, 147, 54, 30, 48, 160, 192, 181, 103, 146, 195, 159, 193, 41, 191, 110, 139, 198, 46, 68, 163, 69, 108, 67, 36, 140, 93, 117, 170, 0, 153, 183, 89, 76, 23, 186, 114, 64, 15, 9, 62, 61, 144, 155, 102, 49, 138, 32, 3, 178, 106, 185, 40, 119, 8, 165, 39, 95, 7, 164, 58, 71, 27, 107, 90, 174, 187, 81, 169, 196, 17, 157, 188, 56, 13, 31]","{'distance': {'initial': 159933, 'final': 21860}, 'objective': {'initial': -141816, 'final': 8033}}",159933,21860,-141816,8033,18117,29893,159933,18117,-141816,21860,29893,396,TSPA
lab7,imhae_4,85,997618963,105.272088,True,,"[85, 6, 117, 118, 171, 120, 78, 7, 138, 185, 45, 129, 111, 147, 131, 82, 178, 164, 33, 110, 105, 69, 68, 141, 93, 23, 43, 166, 176, 92, 124, 24, 172, 50, 11, 133, 170, 2, 144, 40, 79, 97, 37, 191, 25, 75, 66, 71, 94, 96, 175, 197, 101, 46, 29, 95, 162, 12, 136, 14, 28, 38, 100, 51, 98, 156, 158, 123, 59, 126, 73, 18, 87, 19, 58, 181, 21, 169, 63, 137, 30, 55, 173, 16, 116, 88, 72, 3, 90, 114, 61, 39, 184, 52, 42, 151, 154, 128, 35, 165, 85]","[56, 13, 31, 168, 91, 179, 145, 78, 25, 44, 120, 82, 2, 87, 125, 74, 152, 167, 111, 124, 12, 130, 94, 189, 19, 97, 1, 150, 101, 26, 100, 99, 121, 182, 136, 53, 158, 180, 173, 6, 194, 161, 24, 149, 131, 47, 65, 116, 105, 77, 166, 28, 184, 11, 35, 126, 29, 156, 112, 4, 190, 10, 177, 104, 147, 54, 30, 48, 160, 192, 42, 5, 96, 41, 193, 159, 163, 69, 108, 67, 36, 140, 93, 68, 46, 60, 118, 59, 72, 109, 51, 141, 66, 176, 137, 23, 186, 114, 64, 15, 9, 62, 61, 144, 155, 14, 138, 32, 3, 178, 106, 185, 40, 119, 8, 165, 39, 95, 7, 164, 58, 71, 27, 107, 90, 174, 187, 81, 169, 196, 17, 157, 188, 56]","{'distance': {'initial': 163659, 'final': 20486}, 'objective': {'initial': -146629, 'final': 8175}}",163659,20486,-146629,8175,17030,28661,163659,17030,-146629,20486,28661,1166,TSPA
lab7,imhae_6,85,997618963,105.428297,True,,"[85, 6, 117, 118, 171, 120, 78, 7, 138, 185, 45, 129, 111, 147, 131, 82, 178, 164, 33, 110, 105, 69, 68, 141, 93, 23, 43, 166, 176, 92, 124, 24, 172, 50, 11, 133, 170, 2, 144, 40, 79, 97, 37, 191, 25, 75, 66, 71, 94, 96, 175, 197, 101, 46, 29, 95, 162, 12, 136, 14, 28, 38, 100, 51, 98, 156, 158, 123, 59, 126, 73, 18, 87, 19, 58, 181, 21, 169, 63, 137, 30, 55, 173, 16, 116, 88, 72, 3, 90, 114, 61, 39, 184, 52, 42, 151, 154, 128, 35, 165, 85]","[56, 13, 31, 168, 91, 179, 145, 78, 25, 44, 120, 82, 2, 87, 125, 74, 152, 167, 111, 124, 12, 130, 94, 189, 19, 97, 1, 150, 101, 26, 100, 99, 121, 182, 136, 53, 158, 180, 173, 6, 194, 161, 24, 149, 131, 47, 65, 116, 105, 77, 166, 28, 184, 11, 35, 126, 29, 156, 112, 4, 190, 10, 177, 104, 147, 54, 30, 48, 160, 192, 42, 5, 96, 41, 193, 159, 163, 69, 108, 67, 36, 140, 93, 68, 46, 60, 118, 59, 72, 109, 51, 141, 66, 176, 137, 23, 186, 114, 64, 15, 9, 62, 61, 144, 155, 14, 138, 32, 3, 178, 106, 185, 40, 119, 8, 165, 39, 95, 7, 164, 58, 71, 27, 107, 90, 174, 187, 81, 169, 196, 17, 157, 188, 56]","{'distance': {'initial': 163659, 'final': 20486}, 'objective': {'initial': -146629, 'final': 8175}}",163659,20486,-146629,8175,17030,28661,163659,17030,-146629,20486,28661,2534,TSPA
lab7,imhae_8,85,997618963,105.450007,True,,"[85, 6, 117, 118, 171, 120, 78, 7, 138, 185, 45, 129, 111, 147, 131, 82, 178, 164, 33, 110, 105, 69, 68, 141, 93, 23, 43, 166, 176, 92, 124, 24, 172, 50, 11, 133, 170, 2, 144, 40, 79, 97, 37, 191, 25, 75, 66, 71, 94, 96, 175, 197, 101, 46, 29, 95, 162, 12, 136, 14, 28, 38, 100, 51, 98, 156, 158, 123, 59, 126, 73, 18, 87, 19, 58, 181, 21, 169, 63, 137, 30, 55, 173, 16, 116, 88, 72, 3, 90, 114, 61, 39, 184, 52, 42, 151, 154, 128, 35, 165, 85]","[56, 13, 31, 168, 91, 179, 145, 78, 25, 44, 120, 82, 2, 87, 125, 74, 152, 167, 111, 124, 12, 130, 94, 189, 19, 97, 1, 150, 101, 26, 100, 99, 121, 182, 136, 53, 158, 180, 173, 6, 194, 161, 24, 149, 131, 47, 65, 116, 105, 77, 166, 28, 184, 11, 35, 126, 29, 156, 112, 4, 190, 10, 177, 104, 147, 54, 30, 48, 160, 192, 42, 5, 96, 41, 193, 159, 163, 69, 108, 67, 36, 140, 93, 68, 46, 60, 118, 59, 72, 109, 51, 141, 66, 176, 137, 23, 186, 114, 64, 15, 9, 62, 61, 144, 155, 14, 138, 32, 3, 178, 106, 185, 40, 119, 8, 165, 39, 95, 7, 164, 58, 71, 27, 107, 90, 174, 187, 81, 169, 196, 17, 157, 188, 56]","{'distance': {'initial': 163659, 'final': 20486}, 'objective': {'initial': -146629, 'final': 8175}}",163659,20486,-146629,8175,17030,28661,163659,17030,-146629,20486,28661,3793,TSPA
lab7,imhae_12,85,997618963,105.799992,True,,"[85, 6, 117, 118, 171, 120, 78, 7, 138, 185, 45, 129, 111, 147, 131, 82, 178, 164, 33, 110, 105, 69, 68, 141, 93, 23, 43, 166, 176, 92, 124, 24, 172, 50, 11, 133, 170, 2, 144, 40, 79, 97, 37, 191, 25, 75, 66, 71, 94, 96, 175, 197, 101, 46, 29, 95, 162, 12, 136, 14, 28, 38, 100, 51, 98, 156, 158, 123, 59, 126, 73, 18, 87, 19, 58, 181, 21, 169, 63, 137, 30, 55, 173, 16, 116, 88, 72, 3, 90, 114, 61, 39, 184, 52, 42, 151, 154, 128, 35, 165, 85]","[56, 13, 31, 85, 188, 157, 168, 78, 145, 179, 91, 169, 196, 81, 187, 174, 90, 107, 27, 39, 165, 119, 40, 185, 8, 138, 32, 3, 178, 49, 102, 155, 144, 61, 62, 9, 15, 64, 114, 186, 23, 137, 176, 66, 141, 51, 109, 72, 59, 118, 60, 46, 68, 93, 140, 36, 67, 108, 69, 163, 159, 193, 41, 96, 5, 42, 192, 160, 48, 30, 54, 147, 104, 177, 10, 190, 4, 112, 156, 29, 126, 35, 11, 184, 28, 166, 77, 105, 116, 65, 47, 131, 149, 24, 161, 194, 6, 173, 180, 158, 53, 136, 182, 121, 99, 100, 26, 97, 1, 101, 150, 87, 125, 74, 152, 19, 189, 94, 130, 12, 124, 111, 167, 172, 129, 82, 120, 44, 25, 16, 88, 171, 113, 56]","{'distance': {'initial': 163659, 'final': 20362}, 'objective': {'initial': -146629, 'final': 8112}}",163659,20362,-146629,8112,17030,28474,163659,17030,-146629,20362,28474,3944,TSPA
lab7,msls,85,2056187347,101.943732,True,,"[40, 135, 20, 78, 129, 47, 61, 94, 111, 39, 63, 190, 114, 8, 59, 102, 172, 22, 81, 71, 103, 168, 68, 65, 155, 186, 139, 147, 170, 131, 127, 193, 38, 77, 74, 45, 169, 132, 125, 99, 93, 95, 16, 100, 167, 55, 133, 13, 145, 49, 84, 165, 134, 41, 24, 50, 69, 187, 105, 21, 1, 107, 88, 85, 23, 26, 67, 157, 43, 110, 161, 58, 141, 173, 2, 6, 92, 97, 183, 112, 27, 185, 166, 156, 32, 181, 18, 184, 57, 75, 80, 79, 174, 123, 82, 48, 19, 51, 126, 56, 40]","[40, 119, 165, 39, 95, 7, 164, 58, 71, 27, 107, 90, 174, 187, 81, 169, 196, 17, 157, 188, 56, 113, 171, 88, 16, 13, 31, 168, 78, 145, 91, 179, 92, 82, 44, 120, 2, 87, 125, 74, 152, 19, 189, 97, 1, 150, 101, 26, 100, 99, 121, 182, 136, 53, 158, 180, 154, 6, 173, 133, 151, 72, 118, 59, 65, 116, 105, 77, 131, 149, 24, 29, 156, 126, 112, 4, 84, 11, 166, 28, 184, 104, 147, 54, 30, 48, 160, 192, 42, 5, 96, 115, 198, 139, 110, 191, 41, 193, 159, 195, 103, 146, 22, 199, 18, 69, 108, 67, 163, 36, 140, 93, 68, 46, 60, 141, 109, 51, 66, 176, 12, 130, 94, 124, 111, 167, 148, 37, 33, 9, 62, 61, 144, 155, 102, 49, 32, 138, 8, 185, 40]","{'distance': {'initial': 21598, 'final': 21598}, 'objective': {'initial': 0, 'final': 7586}}",21598,21598,0,7586,29184,29184,21598,29184,0,21598,29184,200,TSPA
lab7,hae_op2_ls,85,2056187347,105.003521,True,,"[85, 134, 11, 145, 7, 41, 0, 71, 91, 43, 15, 101, 187, 65, 121, 182, 81, 176, 27, 66, 160, 140, 157, 110, 99, 189, 146, 152, 17, 115, 175, 199, 104, 78, 133, 183, 198, 102, 13, 82, 51, 5, 86, 70, 34, 161, 28, 3, 153, 53, 125, 132, 88, 144, 123, 180, 97, 38, 92, 142, 67, 155, 79, 47, 188, 151, 44, 57, 141, 19, 8, 72, 89, 59, 185, 22, 172, 120, 24, 83, 33, 74, 62, 150, 159, 147, 64, 163, 94, 127, 31, 55, 63, 128, 118, 14, 135, 60, 56, 48, 85]","[60, 141, 66, 51, 109, 72, 118, 59, 116, 65, 47, 105, 77, 166, 11, 184, 28, 192, 160, 48, 30, 54, 147, 104, 177, 10, 190, 4, 112, 126, 156, 29, 127, 194, 6, 173, 180, 158, 53, 136, 182, 121, 99, 189, 19, 100, 26, 101, 150, 1, 97, 152, 74, 125, 87, 2, 82, 120, 44, 25, 78, 145, 179, 91, 168, 31, 13, 56, 188, 157, 17, 196, 169, 81, 187, 174, 90, 107, 27, 39, 165, 119, 40, 185, 8, 138, 32, 3, 178, 49, 102, 155, 144, 61, 62, 9, 37, 33, 167, 111, 124, 94, 130, 12, 148, 15, 64, 114, 186, 23, 76, 89, 183, 153, 0, 170, 117, 93, 140, 36, 163, 67, 108, 69, 18, 199, 159, 193, 41, 96, 115, 198, 46, 60]","{'distance': {'initial': 177188, 'final': 20605}, 'objective': {'initial': -159385, 'final': 7830}}",177188,20605,-159385,7830,17803,28435,177188,17803,-159385,20605,28435,238,TSPA
lab7,imhae_2,85,2056187347,105.246909,True,,"[85, 134, 11, 145, 7, 41, 0, 71, 91, 43, 15, 101, 187, 65, 121, 182, 81, 176, 27, 66, 160, 140, 157, 110, 99, 189, 146, 152, 17, 115, 175, 199, 104, 78, 133, 183, 198, 102, 13, 82, 51, 5, 86, 70, 34, 161, 28, 3, 153, 53, 125, 132, 88, 144, 123, 180, 97, 38, 92, 142, 67, 155, 79, 47, 188, 151, 44, 57, 141, 19, 8, 72, 89, 59, 185, 22, 172, 120, 24, 83, 33, 74, 62, 150, 159, 147, 64, 163, 94, 127, 31, 55, 63, 128, 118, 14, 135, 60, 56, 48, 85]","[128, 167, 111, 124, 94, 130, 12, 148, 37, 33, 9, 62, 61, 15, 64, 114, 186, 23, 76, 89, 183, 153, 0, 170, 117, 93, 140, 36, 163, 67, 108, 69, 18, 199, 159, 193, 41, 96, 115, 198, 46, 60, 141, 66, 51, 109, 72, 118, 59, 116, 65, 47, 105, 77, 166, 11, 184, 28, 192, 160, 48, 30, 54, 147, 104, 177, 10, 190, 4, 112, 126, 156, 29, 127, 194, 6, 173, 180, 158, 53, 136, 182, 121, 99, 189, 19, 100, 26, 101, 150, 1, 97, 152, 74, 125, 87, 2, 120, 44, 82, 92, 179, 91, 145, 78, 168, 31, 13, 56, 188, 157, 17, 196, 169, 81, 187, 174, 90, 107, 27, 39, 165, 8, 119, 40, 185, 106, 178, 3, 32, 138, 14, 155, 144, 102, 49, 128]","{'distance': {'initial': 177188, 'final': 20698}, 'objective': {'initial': -159385, 'final': 7953}}",177188,20698,-159385,7953,17803,28651,177188,17803,-159385,20698,28651,438,TSPA
lab7,imhae_4,85,2056187347,105.218899,True,,"[85, 30, 79, 196, 73, 173, 127, 87, 41, 39, 33, 64, 123, 160, 131, 68, 111, 23, 126, 136, 0, 3, 86, 198, 185, 158, 90, 137, 15, 38, 152, 119, 72, 69, 98, 5, 130, 4, 179, 177, 76, 11, 149, 161, 81, 13, 199, 75, 117, 59, 187, 77, 190, 25, 48, 157, 112, 104, 43, 97, 135, 134, 143, 166, 45, 193, 1, 106, 49, 96, 24, 186, 7, 67, 147, 155, 101, 178, 34, 159, 17, 10, 16, 78, 60, 110, 47, 182, 66, 144, 88, 58, 188, 150, 27, 176, 36, 65, 74, 82, 85]","[26, 100, 19, 189, 99, 121, 182, 136, 53, 158, 180, 173, 6, 194, 161, 162, 72, 51, 109, 118, 59, 65, 116, 105, 77, 166, 28, 184, 11, 35, 126, 29, 156, 112, 4, 190, 10, 177, 104, 147, 54, 30, 48, 160, 192, 42, 5, 96, 41, 193, 159, 199, 18, 69, 108, 67, 163, 36, 140, 93, 68, 110, 191, 139, 198, 46, 60, 141, 66, 176, 12, 130, 94, 124, 111, 167, 148, 37, 33, 9, 62, 61, 144, 155, 14, 138, 32, 3, 178, 106, 185, 40, 119, 8, 165, 39, 27, 107, 90, 174, 187, 81, 169, 196, 17, 157, 188, 56, 13, 31, 168, 91, 179, 145, 78, 25, 44, 120, 82, 2, 87, 125, 74, 152, 97, 1, 150, 101, 26]","{'distance': {'initial': 174499, 'final': 18878}, 'objective': {'initial': -157202, 'final': 8012}}",174499,18878,-157202,8012,17297,26890,174499,17297,-157202,18878,26890,1241,TSPA
lab7,imhae_6,85,2056187347,105.499056,True,,"[85, 30, 79, 196, 73, 173, 127, 87, 41, 39, 33, 64, 123, 160, 131, 68, 111, 23, 126, 136, 0, 3, 86, 198, 185, 158, 90, 137, 15, 38, 152, 119, 72, 69, 98, 5, 130, 4, 179, 177, 76, 11, 149, 161, 81, 13, 199, 75, 117, 59, 187, 77, 190, 25, 48, 157, 112, 104, 43, 97, 135, 134, 143, 166, 45, 193, 1, 106, 49, 96, 24, 186, 7, 67, 147, 155, 101, 178, 34, 159, 17, 10, 16, 78, 60, 110, 47, 182, 66, 144, 88, 58, 188, 150, 27, 176, 36, 65, 74, 82, 85]","[26, 100, 19, 189, 99, 121, 182, 136, 53, 158, 180, 173, 6, 194, 161, 162, 72, 51, 109, 118, 59, 65, 116, 105, 77, 166, 28, 184, 11, 35, 126, 29, 156, 112, 4, 190, 10, 177, 104, 147, 54, 30, 48, 160, 192, 42, 5, 96, 41, 193, 159, 199, 18, 69, 108, 67, 163, 36, 140, 93, 68, 110, 191, 139, 198, 46, 60, 141, 66, 176, 12, 130, 94, 124, 111, 167, 148, 37, 33, 9, 62, 61, 144, 155, 14, 138, 32, 3, 178, 106, 185, 40, 119, 8, 165, 39, 27, 107, 90, 174, 187, 81, 169, 196, 17, 157, 188, 56, 13, 31, 168, 91, 179, 145, 78, 25, 44, 120, 82, 2, 87, 125, 74, 152, 97, 1, 150, 101, 26]","{'distance': {'initial': 174499, 'final': 18878}, 'objective': {'initial': -157202, 'final': 8012}}",174499,18878,-157202,8012,17297,26890,174499,17297,-157202,18878,26890,2437,TSPA
lab7,imhae_8,85,2056187347,105.632614,True,,"[85, 31, 168, 157, 17, 196, 169, 81, 187, 174, 40, 119, 185, 8, 165, 39, 90, 107, 27, 71, 58, 164, 7, 21, 132, 144, 155, 61, 62, 9, 15, 64, 114, 186, 23, 137, 176, 66, 141, 51, 109, 60, 118, 59, 72, 162, 161, 24, 149, 131, 47, 65, 116, 105, 77, 43, 42, 5, 96, 41, 193, 191, 139, 110, 68, 46, 0, 170, 117, 93, 140, 36, 163, 67, 108, 69, 18, 199, 159, 195, 146, 103, 181, 192, 160, 48, 30, 54, 147, 104, 177, 10, 190, 4, 112, 126, 156, 29, 127, 194, 6, 173, 180, 158, 53, 136, 182, 121, 99, 100, 26, 97, 1, 101, 150, 87, 125, 74, 152, 19, 189, 94, 130, 12, 124, 111, 167, 172, 57, 91, 179, 92, 82, 120, 44, 25, 16, 88, 171, 13, 56, 188, 85]","[85, 188, 157, 17, 196, 169, 81, 187, 174, 90, 107, 27, 71, 58, 164, 7, 95, 39, 165, 8, 119, 40, 185, 106, 178, 3, 32, 138, 14, 155, 144, 102, 49, 128, 167, 111, 124, 94, 130, 12, 148, 37, 33, 9, 62, 61, 15, 64, 114, 186, 23, 76, 89, 183, 153, 0, 170, 117, 93, 140, 36, 67, 108, 69, 163, 110, 191, 139, 198, 46, 115, 96, 41, 193, 159, 22, 146, 103, 181, 192, 160, 48, 30, 54, 147, 104, 177, 10, 190, 4, 112, 126, 156, 29, 24, 149, 131, 11, 184, 28, 166, 77, 105, 116, 65, 59, 118, 60, 141, 66, 51, 109, 72, 162, 161, 194, 6, 173, 180, 158, 53, 136, 182, 121, 99, 189, 19, 100, 26, 101, 150, 1, 97, 152, 74, 125, 87, 2, 82, 120, 44, 25, 78, 145, 179, 91, 168, 16, 88, 171, 113, 56, 13, 31, 85]","{'distance': {'initial': 22670, 'final': 23365}, 'objective': {'initial': 0, 'final': 8329}}",22670,23365,0,8329,29144,31694,22670,29144,0,23365,31694,3343,TSPA
lab7,imhae_12,85,2056187347,105.730263,True,,"[85, 31, 168, 157, 17, 196, 169, 81, 187, 174, 40, 119, 185, 8, 165, 39, 90, 107, 27, 71, 58, 164, 7, 21, 132, 144, 155, 61, 62, 9, 15, 64, 114, 186, 23, 137, 176, 66, 141, 51, 109, 60, 118, 59, 72, 162, 161, 24, 149, 131, 47, 65, 116, 105, 77, 43, 42, 5, 96, 41, 193, 191, 139, 110, 68, 46, 0, 170, 117, 93, 140, 36, 163, 67, 108, 69, 18, 199, 159, 195, 146, 103, 181, 192, 160, 48, 30, 54, 147, 104, 177, 10, 190, 4, 112, 126, 156, 29, 127, 194, 6, 173, 180, 158, 53, 136, 182, 121, 99, 100, 26, 97, 1, 101, 150, 87, 125, 74, 152, 19, 189, 94, 130, 12, 124, 111, 167, 172, 57, 91, 179, 92, 82, 120, 44, 25, 16, 88, 171, 13, 56, 188, 85]","[85, 188, 157, 17, 196, 169, 81, 187, 174, 90, 107, 27, 71, 58, 164, 7, 95, 39, 165, 8, 119, 40, 185, 106, 178, 3, 32, 138, 14, 155, 144, 102, 49, 128, 167, 111, 124, 94, 130, 12, 148, 37, 33, 9, 62, 61, 15, 64, 114, 186, 23, 76, 89, 183, 153, 0, 170, 117, 93, 140, 36, 67, 108, 69, 163, 110, 191, 139, 198, 46, 115, 96, 41, 193, 159, 22, 146, 103, 181, 192, 160, 48, 30, 54, 147, 104, 177, 10, 190, 4, 112, 126, 156, 29, 24, 149, 131, 11, 184, 28, 166, 77, 105, 116, 65, 59, 118, 60, 141, 66, 51, 109, 72, 162, 161, 194, 6, 173, 180, 158, 53, 136, 182, 121, 99, 189, 19, 100, 26, 101, 150, 1, 97, 152, 74, 125, 87, 2, 82, 120, 44, 25, 78, 145, 179, 91, 168, 16, 88, 171, 113, 56, 13, 31, 85]","{'distance': {'initial': 22670, 'final': 23365}, 'objective': {'initial': 0, 'final': 8329}}",22670,23365,0,8329,29144,31694,22670,29144,0,23365,31694,3418,TSPA
lab7,msls,85,7147683,101.504327,True,,"[107, 35, 175, 114, 149, 68, 104, 60, 147, 4, 152, 39, 121, 115, 86, 139, 61, 31, 53, 165, 196, 37, 189, 99, 108, 186, 119, 49, 10, 156, 151, 179, 111, 22, 128, 83, 17, 25, 184, 28, 199, 159, 69, 29, 140, 135, 126, 188, 64, 177, 43, 19, 87, 91, 112, 18, 32, 3, 180, 67, 81, 65, 90, 78, 96, 105, 102, 94, 15, 21, 89, 57, 48, 170, 157, 97, 164, 146, 11, 160, 117, 6, 176, 198, 77, 158, 36, 50, 171, 194, 182, 58, 59, 30, 106, 51, 9, 0, 191, 40, 107]","[107, 90, 174, 187, 81, 196, 17, 157, 188, 56, 13, 31, 168, 145, 78, 25, 44, 120, 82, 92, 179, 91, 169, 40, 119, 185, 8, 165, 39, 138, 32, 3, 178, 49, 102, 62, 9, 33, 37, 148, 167, 111, 124, 12, 130, 94, 189, 19, 152, 74, 125, 87, 1, 150, 101, 97, 26, 100, 99, 121, 182, 136, 53, 158, 180, 173, 6, 194, 161, 162, 72, 59, 118, 109, 51, 66, 141, 60, 115, 96, 5, 105, 116, 65, 47, 77, 131, 149, 24, 29, 156, 126, 112, 4, 84, 11, 166, 28, 184, 190, 10, 177, 104, 147, 54, 30, 48, 160, 192, 181, 103, 146, 195, 159, 193, 41, 191, 110, 139, 198, 46, 68, 163, 69, 108, 67, 36, 140, 93, 117, 170, 0, 153, 183, 89, 76, 23, 83, 114, 64, 15, 61, 155, 144, 132, 21, 7, 164, 58, 71, 27, 107]","{'distance': {'initial': 23826, 'final': 23826}, 'objective': {'initial': 0, 'final': 7738}}",23826,23826,0,7738,31564,31564,23826,31564,0,23826,31564,200,TSPA
lab7,hae_op2_ls,85,7147683,105.315188,True,,"[85, 159, 6, 122, 1, 41, 142, 193, 61, 83, 178, 64, 125, 110, 52, 9, 148, 184, 111, 79, 57, 102, 35, 190, 51, 21, 103, 186, 0, 11, 2, 176, 106, 120, 18, 109, 66, 137, 42, 59, 26, 96, 70, 157, 97, 98, 8, 146, 40, 160, 89, 199, 124, 39, 82, 136, 80, 196, 38, 71, 14, 180, 32, 112, 135, 151, 99, 153, 58, 152, 189, 131, 88, 62, 116, 24, 31, 107, 161, 48, 170, 143, 12, 173, 5, 181, 67, 87, 65, 93, 15, 154, 155, 17, 156, 23, 149, 172, 92, 163, 85]","[46, 198, 115, 96, 41, 193, 159, 142, 110, 191, 139, 68, 163, 69, 108, 67, 36, 140, 93, 117, 170, 0, 153, 183, 89, 76, 23, 186, 114, 64, 15, 61, 62, 9, 33, 37, 148, 111, 167, 128, 49, 102, 144, 155, 14, 138, 32, 3, 178, 106, 185, 40, 119, 8, 165, 39, 27, 107, 90, 174, 187, 81, 169, 196, 17, 157, 188, 56, 13, 31, 168, 91, 179, 145, 78, 25, 44, 120, 82, 2, 87, 125, 74, 152, 97, 1, 150, 101, 26, 100, 121, 99, 189, 19, 124, 12, 130, 94, 63, 182, 136, 53, 158, 180, 173, 6, 194, 127, 29, 156, 126, 112, 4, 190, 10, 177, 104, 147, 54, 30, 48, 160, 192, 28, 184, 11, 166, 131, 149, 77, 105, 47, 65, 116, 59, 118, 72, 109, 51, 66, 141, 60, 46]","{'distance': {'initial': 152575, 'final': 21726}, 'objective': {'initial': -135486, 'final': 7666}}",152575,21726,-135486,7666,17089,29392,152575,17089,-135486,21726,29392,237,TSPA
lab7,imhae_2,85,7147683,105.378587,True,,"[85, 78, 103, 130, 199, 22, 81, 188, 121, 93, 119, 15, 163, 49, 109, 198, 99, 5, 124, 21, 176, 177, 115, 58, 42, 86, 12, 66, 87, 162, 98, 117, 63, 107, 33, 28, 57, 154, 189, 95, 16, 145, 84, 4, 7, 131, 144, 45, 24, 60, 171, 157, 101, 64, 29, 39, 41, 26, 105, 135, 190, 67, 170, 136, 102, 196, 72, 167, 40, 172, 73, 156, 120, 179, 47, 13, 27, 134, 62, 132, 2, 180, 92, 23, 175, 44, 125, 191, 54, 35, 149, 83, 182, 80, 110, 141, 153, 48, 69, 139, 85]","[168, 157, 188, 85, 31, 13, 56, 113, 171, 88, 16, 25, 44, 120, 82, 2, 87, 125, 74, 152, 97, 1, 150, 101, 26, 100, 19, 189, 99, 121, 182, 136, 53, 158, 180, 173, 6, 194, 161, 24, 149, 131, 47, 65, 116, 105, 77, 166, 28, 184, 11, 35, 29, 156, 126, 112, 4, 190, 10, 177, 104, 147, 54, 30, 48, 160, 192, 42, 5, 96, 41, 193, 159, 163, 69, 108, 67, 36, 140, 93, 68, 46, 60, 141, 109, 118, 59, 72, 51, 66, 176, 137, 23, 186, 114, 64, 15, 12, 130, 94, 124, 111, 167, 148, 37, 33, 9, 62, 61, 144, 155, 102, 49, 178, 3, 32, 138, 8, 185, 40, 119, 165, 39, 27, 107, 90, 174, 187, 81, 196, 169, 91, 179, 145, 78, 168]","{'distance': {'initial': 164782, 'final': 20844}, 'objective': {'initial': -148002, 'final': 7798}}",164782,20844,-148002,7798,16780,28642,164782,16780,-148002,20844,28642,440,TSPA
lab7,imhae_4,85,7147683,105.325957,True,,"[85, 99, 128, 36, 70, 10, 27, 186, 152, 162, 143, 69, 71, 185, 126, 17, 92, 61, 157, 66, 160, 109, 13, 179, 62, 131, 96, 166, 130, 57, 150, 158, 156, 199, 178, 144, 141, 28, 74, 23, 20, 129, 170, 140, 11, 123, 172, 174, 112, 72, 124, 46, 0, 47, 16, 173, 34, 135, 111, 60, 79, 192, 12, 154, 103, 76, 58, 137, 50, 83, 134, 93, 63, 37, 52, 94, 114, 100, 64, 193, 78, 105, 180, 75, 104, 4, 187, 80, 149, 122, 183, 7, 175, 155, 51, 113, 18, 148, 146, 53, 85]","[138, 32, 3, 178, 106, 185, 40, 119, 8, 165, 39, 95, 7, 164, 58, 71, 27, 107, 90, 174, 187, 81, 169, 196, 17, 157, 188, 56, 13, 31, 168, 91, 179, 145, 78, 25, 44, 120, 82, 2, 87, 125, 74, 152, 97, 1, 150, 101, 26, 100, 19, 189, 99, 121, 182, 136, 53, 158, 180, 173, 6, 194, 161, 24, 149, 131, 47, 65, 116, 105, 77, 166, 28, 184, 11, 35, 126, 29, 156, 112, 4, 190, 10, 177, 104, 147, 54, 30, 48, 160, 192, 42, 5, 96, 41, 193, 159, 199, 18, 69, 108, 67, 163, 36, 140, 93, 68, 110, 191, 139, 198, 46, 60, 118, 59, 72, 109, 51, 141, 66, 176, 12, 130, 94, 124, 111, 167, 148, 37, 33, 9, 62, 61, 15, 114, 64, 144, 155, 14, 138]","{'distance': {'initial': 161766, 'final': 20853}, 'objective': {'initial': -144931, 'final': 8249}}",161766,20853,-144931,8249,16835,29102,161766,16835,-144931,20853,29102,1174,TSPA
lab7,imhae_6,85,7147683,105.317128,True,,"[85, 99, 128, 36, 70, 10, 27, 186, 152, 162, 143, 69, 71, 185, 126, 17, 92, 61, 157, 66, 160, 109, 13, 179, 62, 131, 96, 166, 130, 57, 150, 158, 156, 199, 178, 144, 141, 28, 74, 23, 20, 129, 170, 140, 11, 123, 172, 174, 112, 72, 124, 46, 0, 47, 16, 173, 34, 135, 111, 60, 79, 192, 12, 154, 103, 76, 58, 137, 50, 83, 134, 93, 63, 37, 52, 94, 114, 100, 64, 193, 78, 105, 180, 75, 104, 4, 187, 80, 149, 122, 183, 7, 175, 155, 51, 113, 18, 148, 146, 53, 85]","[138, 32, 3, 178, 106, 185, 40, 119, 8, 165, 39, 95, 7, 164, 58, 71, 27, 107, 90, 174, 187, 81, 169, 196, 17, 157, 188, 56, 13, 31, 168, 91, 179, 145, 78, 25, 44, 120, 82, 2, 87, 125, 74, 152, 97, 1, 150, 101, 26, 100, 19, 189, 99, 121, 182, 136, 53, 158, 180, 173, 6, 194, 161, 24, 149, 131, 47, 65, 116, 105, 77, 166, 28, 184, 11, 35, 126, 29, 156, 112, 4, 190, 10, 177, 104, 147, 54, 30, 48, 160, 192, 42, 5, 96, 41, 193, 159, 199, 18, 69, 108, 67, 163, 36, 140, 93, 68, 110, 191, 139, 198, 46, 60, 118, 59, 72, 109, 51, 141, 66, 176, 12, 130, 94, 124, 111, 167, 148, 37, 33, 9, 62, 61, 15, 114, 64, 144, 155, 14, 138]","{'distance': {'initial': 161766, 'final': 20853}, 'objective': {'initial': -144931, 'final': 8249}}",161766,20853,-144931,8249,16835,29102,161766,16835,-144931,20853,29102,2094,TSPA
lab7,imhae_8,85,7147683,105.526946,True,,"[85, 99, 128, 36, 70, 10, 27, 186, 152, 162, 143, 69, 71, 185, 126, 17, 92, 61, 157, 66, 160, 109, 13, 179, 62, 131, 96, 166, 130, 57, 150, 158, 156, 199, 178, 144, 141, 28, 74, 23, 20, 129, 170, 140, 11, 123, 172, 174, 112, 72, 124, 46, 0, 47, 16, 173, 34, 135, 111, 60, 79, 192, 12, 154, 103, 76, 58, 137, 50, 83, 134, 93, 63, 37, 52, 94, 114, 100, 64, 193, 78, 105, 180, 75, 104, 4, 187, 80, 149, 122, 183, 7, 175, 155, 51, 113, 18, 148, 146, 53, 85]","[138, 32, 3, 178, 106, 185, 40, 119, 8, 165, 39, 95, 7, 164, 58, 71, 27, 107, 90, 174, 187, 81, 169, 196, 17, 157, 188, 56, 13, 31, 168, 91, 179, 145, 78, 25, 44, 120, 82, 2, 87, 125, 74, 152, 97, 1, 150, 101, 26, 100, 19, 189, 99, 121, 182, 136, 53, 158, 180, 173, 6, 194, 161, 24, 149, 131, 47, 65, 116, 105, 77, 166, 28, 184, 11, 35, 126, 29, 156, 112, 4, 190, 10, 177, 104, 147, 54, 30, 48, 160, 192, 42, 5, 96, 41, 193, 159, 199, 18, 69, 108, 67, 163, 36, 140, 93, 68, 110, 191, 139, 198, 46, 60, 118, 59, 72, 109, 51, 141, 66, 176, 12, 130, 94, 124, 111, 167, 148, 37, 33, 9, 62, 61, 15, 114, 64, 144, 155, 14, 138]","{'distance': {'initial': 161766, 'final': 20853}, 'objective': {'initial': -144931, 'final': 8249}}",161766,20853,-144931,8249,16835,29102,161766,16835,-144931,20853,29102,3704,TSPA
lab7,imhae_12,85,7147683,105.556355,True,,"[85, 99, 128, 36, 70, 10, 27, 186, 152, 162, 143, 69, 71, 185, 126, 17, 92, 61, 157, 66, 160, 109, 13, 179, 62, 131, 96, 166, 130, 57, 150, 158, 156, 199, 178, 144, 141, 28, 74, 23, 20, 129, 170, 140, 11, 123, 172, 174, 112, 72, 124, 46, 0, 47, 16, 173, 34, 135, 111, 60, 79, 192, 12, 154, 103, 76, 58, 137, 50, 83, 134, 93, 63, 37, 52, 94, 114, 100, 64, 193, 78, 105, 180, 75, 104, 4, 187, 80, 149, 122, 183, 7, 175, 155, 51, 113, 18, 148, 146, 53, 85]","[138, 32, 3, 178, 106, 185, 40, 119, 8, 165, 39, 95, 7, 164, 58, 71, 27, 107, 90, 174, 187, 81, 169, 196, 17, 157, 188, 56, 13, 31, 168, 91, 179, 145, 78, 25, 44, 120, 82, 2, 87, 125, 74, 152, 97, 1, 150, 101, 26, 100, 19, 189, 99, 121, 182, 136, 53, 158, 180, 173, 6, 194, 161, 24, 149, 131, 47, 65, 116, 105, 77, 166, 28, 184, 11, 35, 126, 29, 156, 112, 4, 190, 10, 177, 104, 147, 54, 30, 48, 160, 192, 42, 5, 96, 41, 193, 159, 199, 18, 69, 108, 67, 163, 36, 140, 93, 68, 110, 191, 139, 198, 46, 60, 118, 59, 72, 109, 51, 141, 66, 176, 12, 130, 94, 124, 111, 167, 148, 37, 33, 9, 62, 61, 15, 114, 64, 144, 155, 14, 138]","{'distance': {'initial': 161766, 'final': 20853}, 'objective': {'initial': -144931, 'final': 8249}}",161766,20853,-144931,8249,16835,29102,161766,16835,-144931,20853,29102,3423,TSPA
lab7,msls,85,668058399,107.03159,True,,"[163, 60, 96, 137, 68, 51, 155, 9, 156, 169, 24, 5, 93, 184, 21, 100, 174, 188, 78, 119, 144, 76, 132, 145, 19, 27, 80, 190, 160, 180, 152, 54, 22, 6, 48, 59, 77, 65, 90, 120, 186, 106, 129, 139, 140, 177, 138, 42, 195, 125, 47, 151, 112, 189, 38, 124, 136, 128, 117, 49, 109, 179, 15, 162, 135, 159, 1, 45, 176, 107, 4, 31, 175, 196, 126, 122, 147, 166, 161, 43, 123, 183, 73, 74, 56, 158, 185, 50, 61, 173, 17, 63, 40, 143, 88, 142, 104, 199, 20, 197, 163]","[163, 186, 153, 119, 159, 143, 35, 109, 0, 12, 29, 39, 160, 33, 49, 11, 138, 182, 139, 2, 85, 98, 51, 120, 67, 71, 191, 90, 125, 131, 19, 112, 121, 116, 158, 25, 171, 157, 104, 56, 8, 68, 111, 41, 14, 50, 77, 58, 82, 87, 91, 79, 61, 7, 177, 123, 5, 78, 175, 142, 45, 162, 46, 80, 190, 105, 136, 73, 164, 193, 31, 54, 151, 117, 198, 30, 42, 156, 24, 1, 197, 16, 27, 38, 102, 63, 100, 17, 44, 133, 10, 178, 115, 147, 192, 150, 6, 188, 65, 169, 126, 13, 132, 161, 70, 3, 15, 145, 189, 167, 155, 184, 53, 152, 170, 34, 55, 18, 62, 124, 128, 110, 86, 185, 22, 130, 95, 9, 199, 183, 174, 140, 4, 149, 101, 28, 59, 20, 23, 60, 148, 47, 154, 94, 66, 57, 172, 179, 52, 166, 194, 88, 176, 180, 26, 103, 89, 127, 165, 163]","{'distance': {'initial': 23931, 'final': 23931}, 'objective': {'initial': 0, 'final': 19777}}",23931,23931,0,19777,43708,43708,23931,43708,0,23931,43708,200,TSPB
lab7,hae_op2_ls,85,668058399,110.217697,True,,"[85, 156, 46, 10, 177, 2, 99, 163, 76, 127, 25, 167, 27, 22, 33, 192, 54, 61, 24, 50, 100, 194, 62, 172, 8, 41, 72, 118, 66, 198, 19, 134, 125, 112, 170, 171, 109, 147, 175, 158, 51, 65, 150, 6, 146, 91, 105, 97, 35, 40, 197, 39, 94, 126, 23, 195, 55, 95, 142, 7, 59, 129, 77, 191, 113, 48, 123, 70, 87, 117, 58, 18, 188, 88, 148, 138, 104, 26, 186, 140, 184, 52, 92, 137, 131, 124, 187, 89, 16, 28, 135, 44, 36, 17, 82, 9, 132, 71, 160, 0, 85]","[98, 51, 120, 67, 71, 191, 90, 125, 131, 121, 116, 158, 25, 123, 5, 45, 142, 78, 175, 162, 46, 80, 190, 105, 136, 73, 164, 193, 31, 54, 151, 117, 198, 30, 42, 156, 24, 1, 197, 16, 27, 38, 102, 63, 100, 17, 44, 133, 10, 178, 115, 147, 192, 150, 6, 188, 65, 169, 132, 126, 13, 145, 15, 3, 161, 70, 84, 155, 184, 167, 189, 69, 29, 39, 12, 0, 109, 35, 143, 159, 119, 106, 124, 128, 62, 18, 55, 174, 183, 140, 199, 4, 149, 101, 28, 59, 20, 148, 47, 154, 94, 66, 57, 172, 52, 179, 22, 185, 95, 110, 86, 166, 194, 88, 176, 180, 26, 103, 89, 127, 165, 163, 186, 153, 81, 14, 41, 111, 68, 8, 87, 82, 58, 77, 97, 141, 91, 79, 61, 7, 177, 171, 157, 104, 56, 144, 160, 33, 49, 11, 138, 182, 139, 2, 85, 98]","{'distance': {'initial': 157412, 'final': 23241}, 'objective': {'initial': -132309, 'final': 19776}}",157412,23241,-132309,19776,25103,43017,157412,25103,-132309,23241,43017,210,TSPB
lab7,imhae_2,85,668058399,110.285257,True,,"[85, 156, 46, 10, 177, 2, 99, 163, 76, 127, 25, 167, 27, 22, 33, 192, 54, 61, 24, 50, 100, 194, 62, 172, 8, 41, 72, 118, 66, 198, 19, 134, 125, 112, 170, 171, 109, 147, 175, 158, 51, 65, 150, 6, 146, 91, 105, 97, 35, 40, 197, 39, 94, 126, 23, 195, 55, 95, 142, 7, 59, 129, 77, 191, 113, 48, 123, 70, 87, 117, 58, 18, 188, 88, 148, 138, 104, 26, 186, 140, 184, 52, 92, 137, 131, 124, 187, 89, 16, 28, 135, 44, 36, 17, 82, 9, 132, 71, 160, 0, 85]","[98, 51, 120, 67, 71, 191, 90, 125, 131, 121, 116, 158, 25, 123, 5, 45, 142, 78, 175, 162, 46, 80, 190, 105, 136, 73, 164, 193, 31, 54, 151, 117, 198, 30, 42, 156, 24, 1, 197, 16, 27, 38, 102, 63, 100, 17, 44, 133, 10, 178, 115, 147, 192, 150, 6, 188, 65, 169, 132, 126, 13, 145, 15, 3, 161, 70, 84, 155, 184, 167, 189, 69, 29, 39, 12, 0, 109, 35, 143, 159, 119, 106, 124, 128, 62, 18, 55, 174, 183, 140, 199, 4, 149, 101, 28, 59, 20, 148, 47, 154, 94, 66, 57, 172, 52, 179, 22, 185, 95, 110, 86, 166, 194, 88, 176, 180, 26, 103, 89, 127, 165, 163, 186, 153, 81, 14, 41, 111, 68, 8, 87, 82, 58, 77, 97, 141, 91, 79, 61, 7, 177, 171, 157, 104, 56, 144, 160, 33, 49, 11, 138, 182, 139, 2, 85, 98]","{'distance': {'initial': 157412, 'final': 23241}, 'objective': {'initial': -132309, 'final': 19776}}",157412,23241,-132309,19776,25103,43017,157412,25103,-132309,23241,43017,379,TSPB
lab7,imhae_4,85,668058399,110.412496,True,,"[85, 1, 8, 156, 39, 175, 38, 96, 139, 24, 83, 66, 182, 117, 112, 142, 158, 86, 29, 46, 33, 116, 37, 69, 120, 129, 153, 0, 183, 95, 157, 57, 159, 110, 53, 166, 67, 126, 89, 12, 148, 44, 90, 34, 54, 149, 88, 17, 76, 163, 181, 25, 131, 91, 165, 70, 4, 154, 191, 68, 127, 3, 31, 104, 74, 179, 197, 81, 109, 189, 196, 130, 161, 118, 11, 145, 36, 45, 143, 188, 170, 107, 193, 124, 141, 84, 100, 160, 42, 113, 192, 178, 20, 115, 172, 2, 111, 122, 162, 184, 85]","[31, 193, 164, 73, 136, 105, 190, 80, 46, 162, 175, 78, 142, 45, 5, 7, 61, 79, 91, 141, 97, 77, 58, 82, 87, 8, 68, 111, 144, 56, 104, 157, 171, 177, 123, 25, 182, 138, 11, 49, 33, 160, 39, 29, 12, 0, 109, 35, 37, 41, 143, 159, 119, 153, 186, 163, 165, 127, 89, 103, 26, 180, 176, 88, 194, 166, 86, 110, 128, 124, 62, 18, 55, 174, 183, 140, 199, 9, 95, 185, 22, 179, 52, 172, 57, 66, 94, 154, 47, 148, 60, 23, 20, 59, 28, 101, 149, 4, 53, 184, 155, 167, 189, 145, 15, 3, 70, 161, 13, 126, 132, 169, 65, 188, 6, 150, 192, 147, 71, 67, 120, 51, 98, 116, 121, 112, 19, 131, 125, 90, 191, 178, 10, 133, 44, 17, 100, 63, 102, 38, 27, 16, 197, 1, 24, 156, 42, 30, 198, 117, 151, 54, 31]","{'distance': {'initial': 165531, 'final': 23035}, 'objective': {'initial': -140724, 'final': 19987}}",165531,23035,-140724,19987,24807,43022,165531,24807,-140724,23035,43022,940,TSPB
lab7,imhae_6,85,668058399,110.493885,True,,"[85, 1, 8, 156, 39, 175, 38, 96, 139, 24, 83, 66, 182, 117, 112, 142, 158, 86, 29, 46, 33, 116, 37, 69, 120, 129, 153, 0, 183, 95, 157, 57, 159, 110, 53, 166, 67, 126, 89, 12, 148, 44, 90, 34, 54, 149, 88, 17, 76, 163, 181, 25, 131, 91, 165, 70, 4, 154, 191, 68, 127, 3, 31, 104, 74, 179, 197, 81, 109, 189, 196, 130, 161, 118, 11, 145, 36, 45, 143, 188, 170, 107, 193, 124, 141, 84, 100, 160, 42, 113, 192, 178, 20, 115, 172, 2, 111, 122, 162, 184, 85]","[31, 193, 164, 73, 136, 105, 190, 80, 46, 162, 175, 78, 142, 45, 5, 7, 61, 79, 91, 141, 97, 77, 58, 82, 87, 8, 68, 111, 144, 56, 104, 157, 171, 177, 123, 25, 182, 138, 11, 49, 33, 160, 39, 29, 12, 0, 109, 35, 37, 41, 143, 159, 119, 153, 186, 163, 165, 127, 89, 103, 26, 180, 176, 88, 194, 166, 86, 110, 128, 124, 62, 18, 55, 174, 183, 140, 199, 9, 95, 185, 22, 179, 52, 172, 57, 66, 94, 154, 47, 148, 60, 23, 20, 59, 28, 101, 149, 4, 53, 184, 155, 167, 189, 145, 15, 3, 70, 161, 13, 126, 132, 169, 65, 188, 6, 150, 192, 147, 71, 67, 120, 51, 98, 116, 121, 112, 19, 131, 125, 90, 191, 178, 10, 133, 44, 17, 100, 63, 102, 38, 27, 16, 197, 1, 24, 156, 42, 30, 198, 117, 151, 54, 31]","{'distance': {'initial': 165531, 'final': 23035}, 'objective': {'initial': -140724, 'final': 19987}}",165531,23035,-140724,19987,24807,43022,165531,24807,-140724,23035,43022,2137,TSPB
lab7,imhae_8,85,668058399,110.360417,True,,"[85, 1, 8, 156, 39, 175, 38, 96, 139, 24, 83, 66, 182, 117, 112, 142, 158, 86, 29, 46, 33, 116, 37, 69, 120, 129, 153, 0, 183, 95, 157, 57, 159, 110, 53, 166, 67, 126, 89, 12, 148, 44, 90, 34, 54, 149, 88, 17, 76, 163, 181, 25, 131, 91, 165, 70, 4, 154, 191, 68, 127, 3, 31, 104, 74, 179, 197, 81, 109, 189, 196, 130, 161, 118, 11, 145, 36, 45, 143, 188, 170, 107, 193, 124, 141, 84, 100, 160, 42, 113, 192, 178, 20, 115, 172, 2, 111, 122, 162, 184, 85]","[31, 193, 164, 73, 136, 105, 190, 80, 46, 162, 175, 78, 142, 45, 5, 7, 61, 79, 91, 141, 97, 77, 58, 82, 87, 8, 68, 111, 144, 56, 104, 157, 171, 177, 123, 25, 182, 138, 11, 49, 33, 160, 39, 29, 12, 0, 109, 35, 37, 41, 143, 159, 119, 153, 186, 163, 165, 127, 89, 103, 26, 180, 176, 88, 194, 166, 86, 110, 128, 124, 62, 18, 55, 174, 183, 140, 199, 9, 95, 185, 22, 179, 52, 172, 57, 66, 94, 154, 47, 148, 60, 23, 20, 59, 28, 101, 149, 4, 53, 184, 155, 167, 189, 145, 15, 3, 70, 161, 13, 126, 132, 169, 65, 188, 6, 150, 192, 147, 71, 67, 120, 51, 98, 116, 121, 112, 19, 131, 125, 90, 191, 178, 10, 133, 44, 17, 100, 63, 102, 38, 27, 16, 197, 1, 24, 156, 42, 30, 198, 117, 151, 54, 31]","{'distance': {'initial': 165531, 'final': 23035}, 'objective': {'initial': -140724, 'final': 19987}}",165531,23035,-140724,19987,24807,43022,165531,24807,-140724,23035,43022,3382,TSPB
lab7,imhae_12,85,668058399,110.708133,True,,"[85, 177, 133, 73, 31, 141, 65, 92, 80, 1, 25, 28, 83, 187, 97, 152, 162, 188, 23, 89, 153, 107, 110, 67, 161, 138, 165, 8, 144, 34, 158, 36, 30, 12, 48, 142, 69, 137, 173, 117, 195, 0, 18, 122, 191, 20, 10, 79, 143, 113, 42, 98, 57, 90, 72, 157, 150, 3, 51, 140, 128, 15, 93, 146, 91, 125, 96, 11, 170, 27, 95, 52, 132, 131, 102, 189, 94, 124, 115, 180, 185, 81, 59, 135, 194, 182, 19, 16, 197, 61, 46, 78, 77, 147, 179, 49, 190, 109, 40, 87, 85]","[30, 198, 117, 151, 54, 31, 193, 164, 73, 136, 105, 190, 80, 46, 162, 175, 78, 142, 45, 5, 7, 61, 79, 91, 87, 82, 58, 77, 81, 153, 186, 163, 165, 127, 89, 103, 26, 180, 176, 88, 194, 166, 86, 110, 95, 185, 22, 179, 52, 172, 57, 66, 94, 154, 47, 148, 9, 199, 59, 28, 101, 149, 4, 140, 183, 174, 55, 18, 62, 128, 124, 106, 143, 159, 119, 41, 111, 68, 8, 56, 104, 157, 171, 177, 123, 25, 158, 116, 121, 112, 19, 131, 125, 90, 191, 71, 67, 120, 51, 98, 85, 2, 139, 11, 182, 138, 49, 33, 160, 39, 29, 12, 0, 35, 109, 69, 189, 167, 184, 155, 84, 3, 70, 161, 15, 145, 13, 126, 132, 169, 65, 188, 6, 150, 192, 147, 115, 178, 10, 133, 44, 17, 100, 63, 102, 38, 27, 16, 197, 1, 24, 156, 42, 30]","{'distance': {'initial': 160875, 'final': 22966}, 'objective': {'initial': -136673, 'final': 20011}}",160875,22966,-136673,20011,24202,42977,160875,24202,-136673,22966,42977,3356,TSPB
lab7,msls,85,1130317502,106.949801,True,,"[136, 0, 145, 49, 187, 110, 114, 69, 63, 55, 47, 61, 97, 58, 195, 161, 56, 36, 20, 123, 71, 107, 162, 9, 144, 39, 1, 167, 153, 84, 173, 128, 16, 176, 79, 120, 74, 24, 179, 196, 139, 124, 6, 109, 115, 191, 147, 22, 199, 119, 17, 44, 141, 50, 35, 135, 150, 175, 131, 183, 140, 66, 27, 64, 34, 197, 178, 5, 166, 87, 96, 194, 23, 184, 100, 29, 168, 122, 93, 94, 160, 117, 174, 3, 62, 133, 130, 185, 28, 43, 81, 33, 193, 38, 148, 142, 103, 30, 70, 82, 136]","[136, 73, 164, 31, 54, 151, 19, 112, 121, 131, 125, 90, 191, 71, 67, 120, 51, 98, 118, 74, 85, 2, 139, 182, 138, 11, 49, 33, 56, 104, 157, 171, 25, 123, 177, 7, 61, 79, 91, 141, 97, 77, 81, 153, 186, 163, 165, 127, 89, 103, 26, 180, 176, 88, 194, 166, 86, 110, 128, 181, 95, 130, 22, 179, 52, 172, 57, 66, 94, 154, 47, 148, 60, 23, 20, 59, 28, 101, 149, 4, 199, 140, 183, 174, 55, 18, 62, 124, 106, 119, 159, 143, 37, 111, 41, 14, 50, 58, 82, 87, 8, 68, 144, 160, 39, 29, 12, 0, 35, 109, 69, 189, 167, 184, 155, 84, 70, 161, 3, 15, 145, 13, 126, 132, 169, 65, 188, 6, 150, 192, 147, 115, 178, 10, 133, 44, 17, 100, 63, 96, 32, 102, 38, 27, 16, 197, 1, 24, 156, 42, 30, 198, 117, 193, 105, 190, 80, 46, 162, 175, 78, 142, 45, 136]","{'distance': {'initial': 24336, 'final': 24336}, 'objective': {'initial': 0, 'final': 19585}}",24336,24336,0,19585,43921,43921,24336,43921,0,24336,43921,200,TSPB
lab7,hae_op2_ls,85,1130317502,110.262818,True,,"[85, 147, 193, 34, 121, 74, 186, 66, 160, 178, 90, 33, 133, 138, 108, 48, 176, 191, 172, 139, 185, 2, 41, 6, 18, 151, 167, 153, 117, 22, 143, 4, 146, 23, 35, 115, 49, 21, 13, 50, 144, 46, 81, 148, 173, 130, 163, 140, 44, 69, 194, 15, 9, 10, 110, 73, 184, 179, 136, 109, 137, 196, 181, 12, 58, 129, 156, 165, 161, 166, 103, 54, 169, 64, 67, 125, 126, 124, 84, 3, 30, 145, 36, 91, 120, 187, 155, 116, 31, 19, 32, 28, 92, 82, 192, 188, 60, 76, 100, 119, 85]","[162, 46, 80, 190, 105, 136, 73, 164, 193, 31, 54, 151, 117, 198, 30, 42, 156, 24, 1, 197, 16, 27, 38, 102, 63, 100, 17, 44, 133, 10, 178, 191, 90, 125, 131, 19, 112, 121, 116, 158, 25, 123, 177, 171, 157, 104, 56, 144, 160, 33, 49, 138, 182, 11, 139, 2, 85, 98, 51, 120, 67, 71, 147, 192, 150, 6, 188, 65, 169, 132, 126, 13, 161, 70, 3, 15, 145, 189, 167, 69, 109, 29, 39, 12, 0, 35, 143, 159, 119, 106, 124, 128, 110, 62, 18, 55, 174, 183, 140, 199, 4, 149, 101, 28, 59, 20, 148, 47, 154, 94, 66, 57, 172, 52, 179, 22, 185, 95, 86, 166, 194, 88, 176, 180, 26, 103, 89, 127, 165, 163, 186, 153, 81, 14, 41, 111, 68, 8, 87, 82, 58, 77, 97, 141, 91, 79, 61, 7, 5, 78, 175, 142, 45, 162]","{'distance': {'initial': 176508, 'final': 23085}, 'objective': {'initial': -152051, 'final': 19697}}",176508,23085,-152051,19697,24457,42782,176508,24457,-152051,23085,42782,215,TSPB
lab7,imhae_2,85,1130317502,110.477755,True,,"[85, 62, 187, 32, 91, 104, 157, 155, 19, 177, 12, 53, 59, 42, 55, 3, 148, 174, 75, 124, 128, 48, 119, 161, 146, 40, 107, 113, 165, 125, 6, 195, 0, 82, 127, 105, 74, 28, 83, 121, 37, 176, 151, 178, 108, 16, 50, 136, 154, 15, 81, 35, 199, 41, 63, 188, 132, 66, 86, 39, 143, 120, 46, 164, 30, 58, 134, 145, 126, 156, 13, 92, 94, 110, 133, 140, 54, 198, 25, 34, 152, 158, 72, 96, 191, 180, 51, 43, 56, 93, 166, 173, 162, 130, 135, 182, 117, 123, 61, 160, 85]","[182, 138, 33, 144, 56, 104, 157, 171, 177, 123, 25, 158, 116, 121, 112, 19, 131, 125, 90, 191, 71, 67, 120, 51, 98, 85, 2, 43, 126, 13, 145, 15, 3, 70, 161, 132, 169, 65, 188, 6, 150, 192, 147, 115, 178, 10, 133, 44, 17, 100, 63, 102, 38, 27, 16, 197, 1, 24, 156, 42, 30, 198, 117, 151, 54, 31, 193, 164, 73, 136, 105, 190, 80, 46, 162, 45, 142, 175, 78, 5, 7, 61, 79, 91, 141, 97, 77, 58, 82, 87, 8, 68, 111, 41, 143, 159, 119, 153, 186, 163, 165, 127, 89, 103, 26, 180, 176, 88, 194, 166, 86, 110, 128, 124, 62, 18, 55, 181, 95, 185, 22, 179, 52, 172, 57, 66, 94, 154, 47, 148, 20, 59, 28, 101, 149, 4, 199, 140, 183, 174, 53, 184, 155, 167, 189, 69, 109, 35, 0, 12, 29, 39, 160, 49, 11, 139, 182]","{'distance': {'initial': 145880, 'final': 23597}, 'objective': {'initial': -122375, 'final': 19897}}",145880,23597,-122375,19897,23505,43494,145880,23505,-122375,23597,43494,395,TSPB
lab7,imhae_4,85,1130317502,110.432276,True,,"[85, 142, 131, 169, 66, 42, 72, 104, 43, 61, 198, 157, 86, 83, 89, 33, 93, 97, 187, 180, 171, 22, 73, 106, 19, 2, 80, 156, 0, 71, 32, 195, 121, 16, 113, 39, 50, 94, 114, 120, 82, 41, 151, 109, 136, 193, 1, 186, 49, 95, 62, 150, 27, 134, 4, 146, 119, 8, 37, 139, 40, 135, 153, 199, 123, 143, 60, 54, 69, 147, 59, 70, 63, 188, 164, 12, 17, 77, 87, 24, 161, 178, 174, 10, 98, 58, 90, 159, 99, 176, 107, 152, 197, 160, 125, 92, 96, 162, 189, 56, 85]","[77, 81, 153, 186, 163, 165, 127, 89, 103, 26, 180, 176, 88, 194, 166, 86, 110, 95, 185, 22, 179, 52, 172, 57, 66, 94, 154, 47, 148, 60, 23, 20, 59, 28, 101, 149, 4, 199, 140, 183, 174, 55, 18, 62, 128, 124, 106, 143, 159, 119, 41, 111, 68, 8, 56, 104, 157, 171, 177, 123, 25, 158, 19, 112, 121, 131, 125, 90, 191, 71, 67, 120, 51, 98, 85, 2, 139, 182, 138, 11, 49, 33, 160, 39, 29, 12, 0, 35, 109, 69, 189, 167, 184, 155, 84, 3, 70, 161, 15, 145, 13, 126, 132, 169, 65, 188, 6, 150, 192, 147, 115, 178, 10, 133, 44, 17, 100, 63, 102, 38, 27, 16, 197, 1, 24, 156, 42, 30, 198, 117, 151, 54, 31, 193, 164, 73, 136, 105, 190, 80, 46, 162, 175, 78, 142, 45, 5, 7, 61, 79, 91, 87, 82, 58, 77]","{'distance': {'initial': 156835, 'final': 22947}, 'objective': {'initial': -132734, 'final': 20134}}",156835,22947,-132734,20134,24101,43081,156835,24101,-132734,22947,43081,985,TSPB
lab7,imhae_6,85,1130317502,110.518265,True,,"[85, 142, 131, 169, 66, 42, 72, 104, 43, 61, 198, 157, 86, 83, 89, 33, 93, 97, 187, 180, 171, 22, 73, 106, 19, 2, 80, 156, 0, 71, 32, 195, 121, 16, 113, 39, 50, 94, 114, 120, 82, 41, 151, 109, 136, 193, 1, 186, 49, 95, 62, 150, 27, 134, 4, 146, 119, 8, 37, 139, 40, 135, 153, 199, 123, 143, 60, 54, 69, 147, 59, 70, 63, 188, 164, 12, 17, 77, 87, 24, 161, 178, 174, 10, 98, 58, 90, 159, 99, 176, 107, 152, 197, 160, 125, 92, 96, 162, 189, 56, 85]","[77, 81, 153, 186, 163, 165, 127, 89, 103, 26, 180, 176, 88, 194, 166, 86, 110, 95, 185, 22, 179, 52, 172, 57, 66, 94, 154, 47, 148, 60, 23, 20, 59, 28, 101, 149, 4, 199, 140, 183, 174, 55, 18, 62, 128, 124, 106, 143, 159, 119, 41, 111, 68, 8, 56, 104, 157, 171, 177, 123, 25, 158, 19, 112, 121, 131, 125, 90, 191, 71, 67, 120, 51, 98, 85, 2, 139, 182, 138, 11, 49, 33, 160, 39, 29, 12, 0, 35, 109, 69, 189, 167, 184, 155, 84, 3, 70, 161, 15, 145, 13, 126, 132, 169, 65, 188, 6, 150, 192, 147, 115, 178, 10, 133, 44, 17, 100, 63, 102, 38, 27, 16, 197, 1, 24, 156, 42, 30, 198, 117, 151, 54, 31, 193, 164, 73, 136, 105, 190, 80, 46, 162, 175, 78, 142, 45, 5, 7, 61, 79, 91, 87, 82, 58, 77]","{'distance': {'initial': 156835, 'final': 22947}, 'objective': {'initial': -132734, 'final': 20134}}",156835,22947,-132734,20134,24101,43081,156835,24101,-132734,22947,43081,2248,TSPB
lab7,imhae_8,85,1130317502,110.613234,True,,"[85, 142, 131, 169, 66, 42, 72, 104, 43, 61, 198, 157, 86, 83, 89, 33, 93, 97, 187, 180, 171, 22, 73, 106, 19, 2, 80, 156, 0, 71, 32, 195, 121, 16, 113, 39, 50, 94, 114, 120, 82, 41, 151, 109, 136, 193, 1, 186, 49, 95, 62, 150, 27, 134, 4, 146, 119, 8, 37, 139, 40, 135, 153, 199, 123, 143, 60, 54, 69, 147, 59, 70, 63, 188, 164, 12, 17, 77, 87, 24, 161, 178, 174, 10, 98, 58, 90, 159, 99, 176, 107, 152, 197, 160, 125, 92, 96, 162, 189, 56, 85]","[77, 81, 153, 186, 163, 165, 127, 89, 103, 26, 180, 176, 88, 194, 166, 86, 110, 95, 185, 22, 179, 52, 172, 57, 66, 94, 154, 47, 148, 60, 23, 20, 59, 28, 101, 149, 4, 199, 140, 183, 174, 55, 18, 62, 128, 124, 106, 143, 159, 119, 41, 111, 68, 8, 56, 104, 157, 171, 177, 123, 25, 158, 19, 112, 121, 131, 125, 90, 191, 71, 67, 120, 51, 98, 85, 2, 139, 182, 138, 11, 49, 33, 160, 39, 29, 12, 0, 35, 109, 69, 189, 167, 184, 155, 84, 3, 70, 161, 15, 145, 13, 126, 132, 169, 65, 188, 6, 150, 192, 147, 115, 178, 10, 133, 44, 17, 100, 63, 102, 38, 27, 16, 197, 1, 24, 156, 42, 30, 198, 117, 151, 54, 31, 193, 164, 73, 136, 105, 190, 80, 46, 162, 175, 78, 142, 45, 5, 7, 61, 79, 91, 87, 82, 58, 77]","{'distance': {'initial': 156835, 'final': 22947}, 'objective': {'initial': -132734, 'final': 20134}}",156835,22947,-132734,20134,24101,43081,156835,24101,-132734,22947,43081,3094,TSPB
lab7,imhae_12,85,1130317502,110.762333,True,,"[85, 142, 131, 169, 66, 42, 72, 104, 43, 61, 198, 157, 86, 83, 89, 33, 93, 97, 187, 180, 171, 22, 73, 106, 19, 2, 80, 156, 0, 71, 32, 195, 121, 16, 113, 39, 50, 94, 114, 120, 82, 41, 151, 109, 136, 193, 1, 186, 49, 95, 62, 150, 27, 134, 4, 146, 119, 8, 37, 139, 40, 135, 153, 199, 123, 143, 60, 54, 69, 147, 59, 70, 63, 188, 164, 12, 17, 77, 87, 24, 161, 178, 174, 10, 98, 58, 90, 159, 99, 176, 107, 152, 197, 160, 125, 92, 96, 162, 189, 56, 85]","[77, 81, 153, 186, 163, 165, 127, 89, 103, 26, 180, 176, 88, 194, 166, 86, 110, 95, 185, 22, 179, 52, 172, 57, 66, 94, 154, 47, 148, 60, 23, 20, 59, 28, 101, 149, 4, 199, 140, 183, 174, 55, 18, 62, 128, 124, 106, 143, 159, 119, 41, 111, 68, 8, 56, 104, 157, 171, 177, 123, 25, 158, 19, 112, 121, 131, 125, 90, 191, 71, 67, 120, 51, 98, 85, 2, 139, 182, 138, 11, 49, 33, 160, 39, 29, 12, 0, 35, 109, 69, 189, 167, 184, 155, 84, 3, 70, 161, 15, 145, 13, 126, 132, 169, 65, 188, 6, 150, 192, 147, 115, 178, 10, 133, 44, 17, 100, 63, 102, 38, 27, 16, 197, 1, 24, 156, 42, 30, 198, 117, 151, 54, 31, 193, 164, 73, 136, 105, 190, 80, 46, 162, 175, 78, 142, 45, 5, 7, 61, 79, 91, 87, 82, 58, 77]","{'distance': {'initial': 156835, 'final': 22947}, 'objective': {'initial': -132734, 'final': 20134}}",156835,22947,-132734,20134,24101,43081,156835,24101,-132734,22947,43081,2870,TSPB
lab7,msls,85,1612545282,110.026069,True,,"[184, 84, 164, 117, 192, 135, 167, 110, 22, 178, 13, 197, 64, 198, 99, 98, 137, 52, 65, 12, 0, 5, 132, 145, 155, 153, 146, 151, 81, 114, 4, 89, 195, 43, 173, 107, 45, 6, 120, 25, 71, 138, 180, 103, 39, 28, 124, 17, 31, 150, 129, 92, 96, 185, 19, 1, 176, 75, 70, 61, 189, 91, 193, 83, 38, 147, 156, 111, 14, 21, 199, 172, 194, 188, 10, 191, 93, 77, 50, 109, 47, 171, 53, 154, 56, 174, 128, 112, 79, 152, 105, 131, 55, 9, 18, 119, 63, 54, 116, 108, 184]","[184, 167, 189, 69, 109, 35, 0, 12, 29, 39, 160, 33, 49, 11, 138, 182, 139, 2, 85, 98, 51, 120, 67, 71, 191, 90, 125, 116, 121, 112, 19, 151, 173, 25, 123, 177, 171, 157, 104, 56, 8, 87, 82, 68, 111, 41, 119, 159, 143, 106, 124, 128, 110, 95, 9, 199, 140, 183, 174, 55, 18, 62, 34, 170, 152, 53, 4, 149, 101, 28, 59, 20, 148, 47, 154, 94, 66, 57, 172, 52, 179, 22, 185, 86, 166, 194, 88, 176, 180, 26, 103, 89, 127, 165, 163, 186, 153, 81, 77, 58, 91, 79, 61, 7, 5, 45, 142, 78, 175, 162, 46, 80, 190, 105, 136, 73, 164, 54, 31, 193, 117, 198, 30, 42, 156, 24, 1, 197, 16, 27, 38, 102, 32, 96, 63, 100, 17, 44, 133, 10, 178, 115, 147, 192, 150, 6, 188, 65, 169, 132, 126, 13, 145, 15, 3, 161, 70, 84, 155, 184]","{'distance': {'initial': 24208, 'final': 24208}, 'objective': {'initial': 0, 'final': 19268}}",24208,24208,0,19268,43476,43476,24208,43476,0,24208,43476,200,TSPB
lab7,hae_op2_ls,85,1612545282,110.464565,True,,"[85, 151, 120, 134, 194, 122, 3, 17, 176, 115, 116, 133, 54, 145, 117, 187, 199, 158, 86, 159, 170, 98, 96, 114, 123, 47, 72, 59, 131, 24, 19, 75, 23, 103, 127, 13, 70, 193, 104, 169, 8, 79, 42, 156, 130, 167, 49, 124, 48, 157, 1, 179, 143, 25, 61, 144, 160, 188, 91, 153, 177, 142, 52, 105, 90, 152, 101, 64, 99, 34, 155, 178, 189, 180, 81, 146, 46, 80, 7, 100, 166, 20, 121, 192, 11, 136, 129, 162, 148, 84, 77, 12, 39, 4, 137, 112, 173, 126, 183, 111, 85]","[7, 61, 79, 91, 87, 82, 58, 77, 81, 153, 186, 163, 165, 127, 89, 103, 26, 180, 176, 88, 194, 166, 86, 110, 95, 185, 22, 179, 52, 172, 57, 66, 94, 154, 47, 148, 20, 59, 28, 101, 149, 4, 199, 140, 183, 174, 55, 18, 62, 128, 124, 106, 143, 159, 119, 41, 111, 68, 8, 171, 157, 104, 56, 144, 160, 33, 49, 29, 39, 12, 0, 35, 109, 69, 189, 167, 184, 155, 84, 70, 161, 3, 15, 145, 195, 126, 13, 132, 169, 65, 188, 6, 150, 192, 147, 115, 178, 10, 133, 44, 17, 100, 63, 102, 38, 27, 16, 197, 1, 24, 156, 42, 30, 198, 117, 193, 164, 73, 31, 54, 151, 19, 112, 121, 131, 125, 90, 191, 71, 67, 120, 51, 98, 85, 2, 139, 11, 138, 182, 25, 173, 136, 105, 190, 80, 46, 162, 45, 142, 175, 78, 5, 123, 177, 7]","{'distance': {'initial': 155325, 'final': 23247}, 'objective': {'initial': -130556, 'final': 19625}}",155325,23247,-130556,19625,24769,42872,155325,24769,-130556,23247,42872,204,TSPB
lab7,imhae_2,85,1612545282,110.412976,True,,"[85, 192, 32, 168, 142, 22, 8, 177, 111, 120, 107, 64, 188, 7, 19, 80, 86, 199, 91, 0, 89, 178, 112, 180, 171, 17, 179, 156, 193, 144, 118, 38, 138, 47, 82, 183, 99, 162, 55, 160, 104, 164, 45, 198, 123, 79, 50, 69, 181, 13, 124, 109, 131, 83, 12, 9, 115, 34, 125, 3, 93, 44, 191, 175, 128, 187, 166, 143, 40, 96, 66, 57, 121, 173, 113, 54, 25, 129, 61, 11, 15, 49, 21, 119, 18, 77, 116, 94, 30, 176, 24, 4, 134, 158, 51, 182, 102, 139, 76, 53, 85]","[87, 91, 79, 61, 7, 5, 45, 142, 78, 175, 162, 46, 80, 190, 105, 136, 73, 164, 193, 31, 54, 151, 117, 198, 30, 42, 156, 24, 1, 197, 16, 27, 38, 102, 63, 100, 17, 44, 133, 10, 178, 191, 90, 125, 131, 19, 112, 121, 116, 98, 51, 120, 67, 71, 147, 192, 150, 6, 188, 65, 169, 132, 126, 13, 145, 15, 161, 70, 3, 84, 155, 184, 167, 189, 69, 109, 35, 0, 12, 29, 39, 160, 33, 49, 11, 138, 182, 25, 123, 177, 171, 157, 104, 56, 8, 68, 111, 41, 119, 159, 143, 106, 124, 128, 62, 18, 55, 34, 170, 152, 53, 174, 183, 9, 199, 140, 4, 149, 101, 28, 59, 20, 148, 47, 154, 94, 66, 57, 172, 52, 179, 22, 185, 95, 110, 86, 166, 194, 88, 176, 180, 26, 103, 114, 137, 127, 165, 89, 163, 186, 153, 81, 14, 50, 77, 58, 82, 87]","{'distance': {'initial': 158080, 'final': 23788}, 'objective': {'initial': -133398, 'final': 19809}}",158080,23788,-133398,19809,24682,43597,158080,24682,-133398,23788,43597,384,TSPB
lab7,imhae_4,85,1612545282,110.587384,True,,"[85, 195, 76, 22, 142, 183, 24, 17, 104, 79, 180, 189, 100, 4, 20, 165, 80, 84, 125, 108, 27, 151, 29, 134, 97, 192, 161, 67, 117, 40, 68, 1, 148, 15, 128, 175, 62, 177, 96, 169, 44, 131, 42, 82, 59, 121, 89, 143, 91, 150, 8, 141, 78, 3, 171, 154, 109, 26, 9, 23, 65, 87, 179, 187, 63, 120, 123, 34, 47, 135, 181, 140, 155, 49, 188, 136, 132, 35, 92, 21, 156, 126, 74, 66, 46, 102, 170, 70, 57, 144, 45, 146, 133, 58, 54, 174, 182, 160, 69, 106, 85]","[164, 73, 136, 105, 190, 80, 46, 162, 175, 78, 142, 45, 5, 123, 177, 7, 61, 79, 91, 87, 82, 58, 77, 97, 153, 186, 163, 165, 127, 89, 103, 26, 180, 176, 88, 194, 166, 86, 110, 95, 185, 22, 179, 52, 172, 57, 66, 94, 154, 47, 148, 60, 23, 20, 59, 28, 101, 149, 4, 199, 140, 183, 174, 55, 18, 62, 128, 124, 106, 143, 159, 119, 41, 111, 68, 8, 104, 56, 144, 160, 33, 49, 29, 39, 12, 0, 35, 109, 69, 189, 167, 184, 155, 84, 3, 70, 161, 15, 145, 13, 126, 132, 169, 65, 188, 6, 150, 192, 85, 2, 139, 11, 182, 138, 157, 171, 25, 158, 19, 112, 121, 116, 98, 51, 120, 67, 71, 191, 125, 90, 178, 10, 133, 44, 17, 100, 63, 102, 38, 27, 16, 197, 1, 24, 156, 42, 30, 198, 117, 151, 54, 31, 193, 164]","{'distance': {'initial': 164851, 'final': 22815}, 'objective': {'initial': -138795, 'final': 20009}}",164851,22815,-138795,20009,26056,42824,164851,26056,-138795,22815,42824,956,TSPB
lab7,imhae_6,85,1612545282,110.640024,True,,"[85, 195, 76, 22, 142, 183, 24, 17, 104, 79, 180, 189, 100, 4, 20, 165, 80, 84, 125, 108, 27, 151, 29, 134, 97, 192, 161, 67, 117, 40, 68, 1, 148, 15, 128, 175, 62, 177, 96, 169, 44, 131, 42, 82, 59, 121, 89, 143, 91, 150, 8, 141, 78, 3, 171, 154, 109, 26, 9, 23, 65, 87, 179, 187, 63, 120, 123, 34, 47, 135, 181, 140, 155, 49, 188, 136, 132, 35, 92, 21, 156, 126, 74, 66, 46, 102, 170, 70, 57, 144, 45, 146, 133, 58, 54, 174, 182, 160, 69, 106, 85]","[164, 73, 136, 105, 190, 80, 46, 162, 175, 78, 142, 45, 5, 123, 177, 7, 61, 79, 91, 87, 82, 58, 77, 97, 153, 186, 163, 165, 127, 89, 103, 26, 180, 176, 88, 194, 166, 86, 110, 95, 185, 22, 179, 52, 172, 57, 66, 94, 154, 47, 148, 60, 23, 20, 59, 28, 101, 149, 4, 199, 140, 183, 174, 55, 18, 62, 128, 124, 106, 143, 159, 119, 41, 111, 68, 8, 104, 56, 144, 160, 33, 49, 29, 39, 12, 0, 35, 109, 69, 189, 167, 184, 155, 84, 3, 70, 161, 15, 145, 13, 126, 132, 169, 65, 188, 6, 150, 192, 85, 2, 139, 11, 182, 138, 157, 171, 25, 158, 19, 112, 121, 116, 98, 51, 120, 67, 71, 191, 125, 90, 178, 10, 133, 44, 17, 100, 63, 102, 38, 27, 16, 197, 1, 24, 156, 42, 30, 198, 117, 151, 54, 31, 193, 164]","{'distance': {'initial': 164851, 'final': 22815}, 'objective': {'initial': -138795, 'final': 20009}}",164851,22815,-138795,20009,26056,42824,164851,26056,-138795,22815,42824,2141,TSPB
lab7,imhae_8,85,1612545282,110.521475,True,,"[85, 98, 116, 121, 112, 19, 131, 125, 51, 120, 67, 71, 191, 90, 122, 32, 102, 63, 100, 17, 44, 133, 10, 178, 115, 147, 192, 150, 6, 188, 65, 169, 132, 126, 13, 161, 70, 3, 15, 145, 189, 167, 69, 29, 39, 12, 0, 109, 35, 143, 159, 106, 124, 128, 62, 18, 55, 34, 170, 152, 53, 174, 183, 140, 4, 149, 101, 28, 199, 59, 20, 23, 60, 148, 47, 154, 94, 66, 57, 172, 52, 179, 22, 185, 95, 110, 86, 166, 194, 88, 176, 180, 26, 103, 89, 127, 165, 163, 186, 153, 119, 41, 111, 50, 77, 58, 82, 87, 91, 79, 61, 7, 78, 175, 162, 46, 80, 190, 105, 193, 117, 30, 156, 42, 16, 27, 38, 197, 1, 24, 198, 151, 54, 31, 164, 73, 136, 45, 142, 5, 123, 177, 171, 157, 104, 56, 8, 68, 144, 160, 33, 49, 11, 138, 182, 139, 2, 85]","[85, 192, 150, 6, 188, 65, 169, 132, 126, 13, 145, 15, 3, 161, 70, 84, 155, 184, 167, 189, 69, 109, 35, 0, 12, 29, 39, 160, 49, 33, 144, 56, 104, 8, 68, 111, 41, 119, 159, 143, 106, 124, 128, 62, 18, 55, 174, 183, 140, 199, 4, 149, 101, 28, 59, 20, 23, 60, 148, 47, 154, 94, 66, 57, 172, 52, 179, 22, 185, 95, 110, 86, 166, 194, 88, 176, 180, 26, 103, 89, 127, 165, 163, 186, 153, 81, 14, 50, 77, 58, 82, 87, 91, 79, 61, 7, 5, 45, 142, 78, 175, 162, 46, 80, 190, 105, 136, 73, 164, 193, 31, 54, 151, 117, 198, 30, 42, 156, 24, 1, 197, 16, 27, 38, 102, 63, 100, 17, 44, 133, 10, 178, 90, 125, 191, 71, 67, 120, 51, 98, 116, 121, 112, 19, 158, 25, 123, 177, 171, 157, 138, 182, 11, 139, 2, 85]","{'distance': {'initial': 24865, 'final': 22998}, 'objective': {'initial': 0, 'final': 20021}}",24865,22998,0,20021,43259,43019,24865,43259,0,22998,43019,3113,TSPB
lab7,imhae_12,85,1612545282,110.742223,True,,"[85, 32, 47, 156, 53, 70, 5, 68, 190, 49, 109, 130, 63, 62, 78, 79, 73, 180, 4, 101, 25, 181, 52, 177, 31, 198, 94, 142, 114, 108, 185, 55, 33, 77, 161, 145, 125, 166, 90, 9, 167, 97, 123, 196, 66, 153, 17, 150, 169, 69, 0, 189, 124, 128, 170, 58, 165, 183, 100, 95, 158, 184, 126, 65, 15, 116, 6, 19, 23, 121, 35, 93, 104, 186, 16, 72, 43, 83, 59, 172, 14, 119, 135, 115, 118, 147, 164, 148, 131, 102, 50, 42, 117, 107, 98, 149, 138, 136, 44, 2, 85]","[138, 182, 11, 139, 2, 85, 192, 150, 6, 188, 65, 169, 132, 126, 13, 145, 15, 161, 70, 3, 84, 155, 184, 167, 189, 69, 109, 35, 0, 12, 39, 29, 49, 33, 160, 144, 56, 104, 8, 68, 111, 41, 119, 159, 143, 106, 124, 128, 62, 18, 55, 174, 183, 140, 199, 4, 149, 101, 28, 59, 20, 23, 60, 148, 47, 154, 94, 66, 57, 172, 52, 179, 22, 185, 95, 110, 86, 166, 194, 88, 176, 180, 26, 103, 89, 127, 165, 163, 186, 153, 81, 77, 58, 82, 87, 91, 79, 61, 7, 5, 45, 142, 78, 175, 162, 46, 80, 190, 105, 136, 73, 164, 193, 31, 54, 151, 117, 198, 30, 42, 156, 24, 1, 197, 16, 27, 38, 102, 63, 100, 17, 44, 133, 10, 178, 90, 125, 191, 71, 67, 120, 51, 98, 116, 121, 112, 19, 158, 25, 123, 177, 171, 157, 138]","{'distance': {'initial': 161480, 'final': 22738}, 'objective': {'initial': -136799, 'final': 20079}}",161480,22738,-136799,20079,24681,42817,161480,24681,-136799,22738,42817,2783,TSPB
lab7,msls,85,1183913513,107.763633,True,,"[18, 56, 13, 126, 182, 65, 22, 133, 40, 61, 59, 1, 83, 69, 101, 0, 178, 191, 174, 187, 128, 28, 20, 26, 116, 169, 25, 32, 184, 114, 109, 68, 175, 24, 159, 10, 120, 106, 157, 167, 131, 41, 154, 176, 161, 193, 81, 50, 39, 38, 2, 127, 177, 155, 112, 163, 29, 52, 97, 105, 6, 123, 147, 158, 136, 168, 47, 129, 170, 11, 146, 152, 44, 192, 21, 82, 144, 60, 74, 135, 185, 160, 189, 42, 183, 87, 98, 14, 49, 67, 43, 5, 55, 148, 111, 70, 3, 165, 130, 15, 18]","[18, 62, 110, 128, 124, 106, 143, 159, 119, 41, 111, 68, 8, 104, 56, 144, 160, 33, 138, 182, 157, 171, 25, 158, 19, 112, 121, 116, 51, 98, 118, 74, 85, 2, 139, 11, 49, 29, 39, 12, 0, 35, 109, 69, 167, 189, 3, 70, 161, 15, 145, 195, 126, 13, 132, 169, 65, 188, 6, 150, 192, 147, 71, 67, 120, 125, 90, 191, 178, 10, 133, 44, 17, 100, 63, 102, 38, 27, 16, 197, 1, 24, 156, 42, 30, 198, 117, 193, 151, 54, 31, 164, 73, 136, 105, 190, 80, 46, 162, 45, 142, 175, 78, 5, 123, 177, 7, 61, 79, 91, 87, 82, 58, 77, 50, 14, 81, 153, 186, 163, 89, 165, 127, 103, 26, 180, 176, 88, 194, 166, 86, 95, 185, 22, 179, 52, 172, 57, 66, 94, 154, 47, 60, 23, 148, 9, 199, 59, 28, 101, 149, 4, 140, 183, 174, 53, 152, 170, 34, 55, 18]","{'distance': {'initial': 24292, 'final': 24292}, 'objective': {'initial': 0, 'final': 19268}}",24292,24292,0,19268,43560,43560,24292,43560,0,24292,43560,200,TSPB
lab7,hae_op2_ls,85,1183913513,110.107869,True,,"[85, 163, 16, 53, 143, 180, 116, 162, 117, 18, 55, 110, 10, 46, 187, 171, 67, 87, 123, 92, 72, 169, 147, 114, 127, 118, 33, 190, 150, 27, 151, 19, 69, 25, 35, 59, 164, 100, 86, 191, 155, 189, 96, 161, 12, 70, 93, 120, 42, 6, 15, 158, 125, 3, 54, 68, 31, 124, 34, 14, 122, 38, 81, 9, 56, 199, 8, 133, 113, 168, 177, 134, 90, 142, 102, 23, 32, 4, 111, 83, 73, 84, 51, 49, 144, 63, 22, 182, 41, 174, 5, 179, 11, 40, 76, 26, 109, 60, 61, 74, 85]","[123, 177, 7, 61, 79, 91, 141, 97, 77, 81, 153, 186, 163, 165, 127, 89, 103, 26, 180, 176, 88, 194, 166, 86, 110, 95, 185, 22, 179, 52, 172, 57, 66, 94, 154, 47, 148, 60, 23, 20, 59, 28, 101, 149, 4, 140, 199, 9, 183, 174, 55, 18, 62, 128, 124, 106, 143, 159, 119, 41, 111, 68, 8, 82, 58, 87, 171, 157, 104, 56, 144, 160, 33, 49, 29, 39, 12, 0, 35, 109, 69, 189, 167, 184, 155, 84, 70, 161, 3, 15, 145, 195, 126, 13, 132, 169, 65, 188, 6, 150, 192, 85, 2, 139, 11, 138, 182, 25, 158, 19, 112, 121, 116, 98, 51, 120, 67, 71, 125, 90, 191, 178, 10, 133, 44, 17, 100, 63, 102, 38, 27, 16, 197, 1, 24, 156, 42, 30, 198, 117, 151, 54, 31, 193, 164, 73, 136, 105, 190, 80, 46, 162, 175, 78, 142, 45, 5, 123]","{'distance': {'initial': 164419, 'final': 23683}, 'objective': {'initial': -139203, 'final': 19871}}",164419,23683,-139203,19871,25216,43554,164419,25216,-139203,23683,43554,200,TSPB
lab7,imhae_2,85,1183913513,110.308337,True,,"[85, 163, 16, 53, 143, 180, 116, 162, 117, 18, 55, 110, 10, 46, 187, 171, 67, 87, 123, 92, 72, 169, 147, 114, 127, 118, 33, 190, 150, 27, 151, 19, 69, 25, 35, 59, 164, 100, 86, 191, 155, 189, 96, 161, 12, 70, 93, 120, 42, 6, 15, 158, 125, 3, 54, 68, 31, 124, 34, 14, 122, 38, 81, 9, 56, 199, 8, 133, 113, 168, 177, 134, 90, 142, 102, 23, 32, 4, 111, 83, 73, 84, 51, 49, 144, 63, 22, 182, 41, 174, 5, 179, 11, 40, 76, 26, 109, 60, 61, 74, 85]","[123, 177, 7, 61, 79, 91, 141, 97, 77, 81, 153, 186, 163, 165, 127, 89, 103, 26, 180, 176, 88, 194, 166, 86, 110, 95, 185, 22, 179, 52, 172, 57, 66, 94, 154, 47, 148, 60, 23, 20, 59, 28, 101, 149, 4, 140, 199, 9, 183, 174, 55, 18, 62, 128, 124, 106, 143, 159, 119, 41, 111, 68, 8, 82, 58, 87, 171, 157, 104, 56, 144, 160, 33, 49, 29, 39, 12, 0, 35, 109, 69, 189, 167, 184, 155, 84, 70, 161, 3, 15, 145, 195, 126, 13, 132, 169, 65, 188, 6, 150, 192, 85, 2, 139, 11, 138, 182, 25, 158, 19, 112, 121, 116, 98, 51, 120, 67, 71, 125, 90, 191, 178, 10, 133, 44, 17, 100, 63, 102, 38, 27, 16, 197, 1, 24, 156, 42, 30, 198, 117, 151, 54, 31, 193, 164, 73, 136, 105, 190, 80, 46, 162, 175, 78, 142, 45, 5, 123]","{'distance': {'initial': 164419, 'final': 23683}, 'objective': {'initial': -139203, 'final': 19871}}",164419,23683,-139203,19871,25216,43554,164419,25216,-139203,23683,43554,385,TSPB
lab7,imhae_4,85,1183913513,110.387556,True,,"[85, 87, 172, 23, 163, 32, 140, 68, 45, 10, 155, 121, 192, 101, 171, 2, 59, 189, 24, 122, 83, 20, 107, 70, 15, 149, 47, 133, 139, 113, 181, 81, 177, 166, 17, 57, 93, 167, 12, 185, 98, 118, 56, 99, 168, 28, 135, 50, 34, 136, 188, 44, 179, 186, 66, 55, 193, 0, 119, 79, 115, 64, 112, 5, 151, 6, 129, 170, 97, 36, 62, 157, 176, 178, 61, 175, 1, 114, 73, 96, 194, 53, 71, 152, 94, 27, 108, 147, 128, 195, 104, 22, 26, 60, 174, 143, 78, 39, 132, 187, 85]","[194, 88, 176, 180, 26, 103, 89, 127, 165, 163, 186, 153, 81, 77, 58, 82, 87, 91, 79, 61, 7, 5, 45, 142, 78, 175, 162, 46, 80, 190, 105, 136, 73, 164, 193, 31, 54, 151, 117, 198, 30, 42, 156, 24, 1, 197, 16, 27, 38, 102, 63, 100, 17, 44, 133, 10, 178, 191, 90, 125, 131, 19, 112, 121, 116, 98, 51, 120, 67, 71, 147, 192, 150, 6, 188, 65, 169, 132, 126, 13, 145, 15, 3, 161, 70, 84, 155, 184, 167, 189, 69, 109, 35, 0, 12, 29, 39, 160, 33, 49, 11, 138, 182, 25, 123, 177, 171, 157, 104, 56, 8, 68, 111, 41, 119, 159, 143, 106, 124, 128, 62, 18, 55, 174, 183, 140, 199, 4, 149, 101, 28, 59, 20, 23, 60, 148, 47, 154, 94, 66, 57, 172, 52, 179, 22, 185, 95, 110, 86, 166, 194]","{'distance': {'initial': 169000, 'final': 22304}, 'objective': {'initial': -146900, 'final': 20095}}",169000,22304,-146900,20095,22100,42399,169000,22100,-146900,22304,42399,990,TSPB
lab7,imhae_6,85,1183913513,110.389406,True,,"[85, 87, 172, 23, 163, 32, 140, 68, 45, 10, 155, 121, 192, 101, 171, 2, 59, 189, 24, 122, 83, 20, 107, 70, 15, 149, 47, 133, 139, 113, 181, 81, 177, 166, 17, 57, 93, 167, 12, 185, 98, 118, 56, 99, 168, 28, 135, 50, 34, 136, 188, 44, 179, 186, 66, 55, 193, 0, 119, 79, 115, 64, 112, 5, 151, 6, 129, 170, 97, 36, 62, 157, 176, 178, 61, 175, 1, 114, 73, 96, 194, 53, 71, 152, 94, 27, 108, 147, 128, 195, 104, 22, 26, 60, 174, 143, 78, 39, 132, 187, 85]","[194, 88, 176, 180, 26, 103, 89, 127, 165, 163, 186, 153, 81, 77, 58, 82, 87, 91, 79, 61, 7, 5, 45, 142, 78, 175, 162, 46, 80, 190, 105, 136, 73, 164, 193, 31, 54, 151, 117, 198, 30, 42, 156, 24, 1, 197, 16, 27, 38, 102, 63, 100, 17, 44, 133, 10, 178, 191, 90, 125, 131, 19, 112, 121, 116, 98, 51, 120, 67, 71, 147, 192, 150, 6, 188, 65, 169, 132, 126, 13, 145, 15, 3, 161, 70, 84, 155, 184, 167, 189, 69, 109, 35, 0, 12, 29, 39, 160, 33, 49, 11, 138, 182, 25, 123, 177, 171, 157, 104, 56, 8, 68, 111, 41, 119, 159, 143, 106, 124, 128, 62, 18, 55, 174, 183, 140, 199, 4, 149, 101, 28, 59, 20, 23, 60, 148, 47, 154, 94, 66, 57, 172, 52, 179, 22, 185, 95, 110, 86, 166, 194]","{'distance': {'initial': 169000, 'final': 22304}, 'objective': {'initial': -146900, 'final': 20095}}",169000,22304,-146900,20095,22100,42399,169000,22100,-146900,22304,42399,2134,TSPB
lab7,imhae_8,85,1183913513,110.382976,True,,"[85, 87, 172, 23, 163, 32, 140, 68, 45, 10, 155, 121, 192, 101, 171, 2, 59, 189, 24, 122, 83, 20, 107, 70, 15, 149, 47, 133, 139, 113, 181, 81, 177, 166, 17, 57, 93, 167, 12, 185, 98, 118, 56, 99, 168, 28, 135, 50, 34, 136, 188, 44, 179, 186, 66, 55, 193, 0, 119, 79, 115, 64, 112, 5, 151, 6, 129, 170, 97, 36, 62, 157, 176, 178, 61, 175, 1, 114, 73, 96, 194, 53, 71, 152, 94, 27, 108, 147, 128, 195, 104, 22, 26, 60, 174, 143, 78, 39, 132, 187, 85]","[194, 88, 176, 180, 26, 103, 89, 127, 165, 163, 186, 153, 81, 77, 58, 82, 87, 91, 79, 61, 7, 5, 45, 142, 78, 175, 162, 46, 80, 190, 105, 136, 73, 164, 193, 31, 54, 151, 117, 198, 30, 42, 156, 24, 1, 197, 16, 27, 38, 102, 63, 100, 17, 44, 133, 10, 178, 191, 90, 125, 131, 19, 112, 121, 116, 98, 51, 120, 67, 71, 147, 192, 150, 6, 188, 65, 169, 132, 126, 13, 145, 15, 3, 161, 70, 84, 155, 184, 167, 189, 69, 109, 35, 0, 12, 29, 39, 160, 33, 49, 11, 138, 182, 25, 123, 177, 171, 157, 104, 56, 8, 68, 111, 41, 119, 159, 143, 106, 124, 128, 62, 18, 55, 174, 183, 140, 199, 4, 149, 101, 28, 59, 20, 23, 60, 148, 47, 154, 94, 66, 57, 172, 52, 179, 22, 185, 95, 110, 86, 166, 194]","{'distance': {'initial': 169000, 'final': 22304}, 'objective': {'initial': -146900, 'final': 20095}}",169000,22304,-146900,20095,22100,42399,169000,22100,-146900,22304,42399,3013,TSPB
lab7,imhae_12,85,1183913513,110.851482,True,,"[85, 87, 172, 23, 163, 32, 140, 68, 45, 10, 155, 121, 192, 101, 171, 2, 59, 189, 24, 122, 83, 20, 107, 70, 15, 149, 47, 133, 139, 113, 181, 81, 177, 166, 17, 57, 93, 167, 12, 185, 98, 118, 56, 99, 168, 28, 135, 50, 34, 136, 188, 44, 179, 186, 66, 55, 193, 0, 119, 79, 115, 64, 112, 5, 151, 6, 129, 170, 97, 36, 62, 157, 176, 178, 61, 175, 1, 114, 73, 96, 194, 53, 71, 152, 94, 27, 108, 147, 128, 195, 104, 22, 26, 60, 174, 143, 78, 39, 132, 187, 85]","[194, 88, 176, 180, 26, 103, 89, 127, 165, 163, 186, 153, 81, 77, 58, 82, 87, 91, 79, 61, 7, 5, 45, 142, 78, 175, 162, 46, 80, 190, 105, 136, 73, 164, 193, 31, 54, 151, 117, 198, 30, 42, 156, 24, 1, 197, 16, 27, 38, 102, 63, 100, 17, 44, 133, 10, 178, 191, 90, 125, 131, 19, 112, 121, 116, 98, 51, 120, 67, 71, 147, 192, 150, 6, 188, 65, 169, 132, 126, 13, 145, 15, 3, 161, 70, 84, 155, 184, 167, 189, 69, 109, 35, 0, 12, 29, 39, 160, 33, 49, 11, 138, 182, 25, 123, 177, 171, 157, 104, 56, 8, 68, 111, 41, 119, 159, 143, 106, 124, 128, 62, 18, 55, 174, 183, 140, 199, 4, 149, 101, 28, 59, 20, 23, 60, 148, 47, 154, 94, 66, 57, 172, 52, 179, 22, 185, 95, 110, 86, 166, 194]","{'distance': {'initial': 169000, 'final': 22304}, 'objective': {'initial': -146900, 'final': 20095}}",169000,22304,-146900,20095,22100,42399,169000,22100,-146900,22304,42399,2762,TSPB
lab7,msls,85,1242644980,110.340276,True,,"[89, 38, 141, 83, 29, 19, 78, 54, 44, 165, 148, 50, 130, 65, 185, 97, 168, 112, 150, 95, 28, 57, 58, 107, 120, 183, 42, 114, 180, 47, 122, 126, 146, 133, 181, 136, 17, 152, 33, 24, 85, 139, 79, 26, 30, 9, 128, 15, 60, 16, 144, 174, 198, 52, 41, 140, 106, 99, 111, 18, 68, 100, 39, 163, 125, 164, 72, 159, 169, 80, 93, 87, 14, 25, 167, 88, 7, 49, 5, 142, 62, 109, 34, 84, 194, 184, 173, 46, 196, 110, 73, 177, 43, 102, 31, 103, 143, 182, 92, 77, 89]","[89, 165, 127, 137, 114, 103, 26, 180, 176, 88, 194, 166, 86, 110, 95, 185, 22, 179, 52, 172, 57, 66, 94, 154, 47, 148, 60, 23, 20, 59, 28, 101, 149, 4, 199, 140, 183, 174, 55, 18, 62, 128, 124, 106, 143, 159, 119, 41, 111, 68, 8, 56, 104, 157, 171, 25, 182, 138, 33, 160, 39, 29, 12, 0, 35, 109, 69, 167, 189, 3, 70, 161, 15, 145, 13, 126, 195, 49, 11, 139, 2, 43, 169, 65, 188, 6, 150, 192, 147, 71, 67, 120, 191, 90, 125, 51, 98, 116, 121, 112, 19, 131, 122, 133, 44, 17, 100, 63, 102, 38, 27, 16, 197, 1, 24, 156, 42, 30, 198, 117, 193, 151, 54, 31, 164, 73, 136, 105, 190, 80, 46, 162, 175, 78, 142, 45, 5, 123, 177, 7, 61, 79, 91, 87, 82, 58, 77, 81, 153, 186, 163, 89]","{'distance': {'initial': 23742, 'final': 23742}, 'objective': {'initial': 0, 'final': 19109}}",23742,23742,0,19109,42851,42851,23742,42851,0,23742,42851,200,TSPB
lab7,hae_op2_ls,85,1242644980,110.145648,True,,"[85, 61, 17, 110, 161, 144, 42, 134, 133, 75, 5, 158, 67, 180, 2, 68, 14, 130, 55, 36, 193, 198, 149, 31, 168, 181, 195, 71, 183, 32, 103, 176, 185, 79, 22, 107, 104, 139, 192, 50, 41, 171, 38, 12, 34, 111, 182, 52, 86, 54, 83, 16, 196, 64, 45, 135, 127, 93, 96, 154, 39, 56, 152, 21, 20, 8, 43, 100, 186, 13, 116, 177, 178, 97, 145, 169, 95, 29, 187, 138, 81, 63, 170, 147, 80, 105, 123, 155, 53, 163, 11, 109, 6, 35, 115, 194, 66, 18, 89, 179, 85]","[71, 67, 120, 51, 98, 85, 2, 139, 182, 138, 11, 49, 33, 160, 39, 29, 12, 0, 35, 109, 69, 167, 189, 145, 15, 3, 70, 161, 13, 126, 132, 169, 65, 188, 6, 150, 192, 147, 115, 178, 10, 133, 44, 17, 100, 63, 102, 38, 27, 16, 197, 1, 24, 156, 42, 30, 198, 117, 151, 54, 31, 193, 164, 73, 136, 105, 190, 80, 46, 162, 175, 78, 142, 45, 5, 123, 177, 7, 61, 79, 91, 87, 82, 58, 77, 81, 153, 186, 163, 165, 127, 89, 103, 26, 180, 176, 88, 194, 166, 86, 110, 95, 185, 22, 179, 52, 172, 57, 66, 94, 154, 47, 148, 20, 59, 28, 101, 149, 4, 199, 140, 183, 174, 55, 18, 62, 128, 124, 106, 143, 159, 119, 41, 111, 68, 8, 56, 104, 157, 171, 25, 158, 19, 112, 121, 116, 125, 90, 191, 71]","{'distance': {'initial': 162522, 'final': 22066}, 'objective': {'initial': -139985, 'final': 19816}}",162522,22066,-139985,19816,22537,41882,162522,22537,-139985,22066,41882,208,TSPB
lab7,imhae_2,85,1242644980,110.521395,True,,"[85, 180, 63, 147, 17, 119, 54, 160, 75, 43, 112, 157, 189, 82, 37, 158, 120, 88, 71, 73, 198, 148, 26, 151, 12, 67, 95, 177, 68, 23, 155, 118, 184, 50, 133, 108, 5, 81, 79, 48, 13, 192, 122, 172, 127, 61, 125, 149, 2, 42, 9, 175, 142, 96, 51, 163, 188, 194, 64, 15, 144, 52, 18, 94, 0, 24, 129, 98, 16, 178, 123, 38, 145, 65, 1, 76, 72, 19, 56, 137, 131, 4, 69, 181, 110, 3, 128, 91, 199, 197, 8, 86, 138, 159, 124, 146, 193, 116, 106, 139, 85]","[112, 121, 116, 98, 51, 120, 67, 71, 147, 192, 150, 6, 188, 65, 169, 132, 161, 70, 3, 15, 145, 13, 126, 43, 2, 139, 182, 138, 11, 49, 33, 160, 39, 29, 12, 0, 35, 109, 69, 189, 167, 155, 184, 53, 4, 149, 101, 28, 59, 20, 148, 47, 154, 94, 66, 57, 172, 52, 179, 22, 185, 95, 9, 199, 140, 183, 174, 55, 18, 62, 124, 128, 110, 86, 166, 194, 88, 176, 180, 26, 103, 89, 127, 165, 163, 186, 153, 119, 159, 143, 41, 111, 68, 8, 56, 104, 157, 171, 25, 123, 177, 21, 87, 82, 58, 77, 97, 141, 91, 79, 61, 7, 5, 45, 142, 78, 175, 162, 46, 80, 190, 105, 136, 73, 164, 193, 31, 54, 151, 117, 198, 30, 42, 156, 24, 1, 197, 16, 27, 38, 102, 63, 100, 17, 44, 133, 10, 178, 191, 90, 125, 131, 19, 112]","{'distance': {'initial': 163098, 'final': 23341}, 'objective': {'initial': -138446, 'final': 19873}}",163098,23341,-138446,19873,24652,43214,163098,24652,-138446,23341,43214,392,TSPB
lab7,imhae_4,85,1242644980,110.555774,True,,"[85, 15, 43, 108, 92, 171, 58, 95, 22, 104, 87, 33, 103, 1, 110, 44, 164, 84, 86, 12, 29, 77, 189, 196, 136, 55, 75, 89, 96, 192, 101, 27, 168, 152, 165, 183, 172, 155, 71, 132, 191, 114, 179, 76, 2, 7, 146, 134, 181, 126, 138, 116, 135, 72, 93, 40, 94, 141, 161, 98, 151, 36, 67, 81, 66, 118, 10, 82, 137, 46, 125, 119, 51, 182, 31, 80, 160, 115, 8, 169, 111, 106, 144, 48, 50, 91, 194, 139, 30, 78, 121, 9, 0, 163, 127, 28, 150, 175, 109, 105, 85]","[46, 80, 190, 105, 136, 73, 164, 193, 31, 54, 151, 117, 198, 30, 42, 156, 24, 1, 197, 16, 27, 38, 102, 63, 100, 17, 44, 133, 10, 178, 191, 90, 125, 131, 19, 112, 121, 116, 98, 51, 120, 67, 71, 147, 192, 150, 6, 188, 65, 169, 132, 161, 70, 3, 15, 145, 13, 126, 43, 2, 139, 11, 49, 33, 160, 39, 29, 12, 0, 35, 109, 69, 189, 167, 155, 184, 53, 174, 183, 140, 199, 4, 149, 101, 28, 59, 20, 23, 60, 148, 47, 154, 94, 66, 57, 172, 52, 179, 22, 185, 95, 181, 55, 18, 62, 124, 128, 110, 86, 166, 194, 88, 176, 180, 26, 103, 89, 127, 165, 163, 186, 153, 119, 159, 143, 41, 111, 68, 8, 56, 104, 157, 138, 182, 25, 123, 177, 171, 87, 82, 58, 77, 97, 141, 91, 79, 61, 7, 5, 45, 142, 78, 175, 162, 46]","{'distance': {'initial': 154448, 'final': 23506}, 'objective': {'initial': -131015, 'final': 19941}}",154448,23506,-131015,19941,23433,43447,154448,23433,-131015,23506,43447,969,TSPB
lab7,imhae_6,85,1242644980,110.554625,True,,"[85, 2, 139, 182, 138, 33, 160, 39, 12, 0, 35, 109, 29, 49, 11, 168, 195, 126, 13, 145, 15, 161, 70, 3, 189, 167, 69, 34, 55, 18, 62, 124, 128, 110, 86, 95, 185, 22, 9, 199, 140, 4, 149, 101, 28, 59, 20, 23, 60, 148, 47, 154, 94, 66, 57, 172, 179, 52, 166, 194, 88, 176, 180, 26, 114, 137, 127, 165, 89, 103, 163, 186, 153, 119, 159, 143, 41, 111, 50, 77, 58, 82, 68, 144, 56, 104, 8, 87, 91, 79, 61, 7, 177, 171, 25, 123, 5, 78, 175, 142, 45, 162, 46, 80, 190, 105, 136, 73, 164, 193, 31, 54, 151, 117, 198, 30, 42, 156, 24, 1, 197, 16, 27, 38, 102, 63, 100, 17, 44, 133, 10, 178, 191, 90, 125, 131, 121, 116, 98, 51, 120, 67, 71, 147, 192, 150, 6, 188, 65, 169, 134, 85]","[85, 192, 150, 6, 188, 65, 169, 132, 126, 13, 161, 70, 3, 15, 145, 189, 167, 69, 109, 35, 0, 12, 39, 29, 49, 33, 160, 144, 56, 104, 8, 68, 111, 41, 119, 159, 143, 106, 124, 128, 62, 18, 55, 174, 183, 140, 199, 4, 149, 101, 28, 59, 20, 23, 60, 148, 47, 154, 94, 66, 57, 172, 52, 179, 22, 185, 95, 110, 86, 166, 194, 88, 176, 180, 26, 103, 114, 137, 127, 165, 89, 163, 186, 153, 81, 77, 58, 82, 87, 91, 79, 61, 7, 5, 45, 142, 78, 175, 162, 46, 80, 190, 105, 136, 73, 164, 193, 31, 54, 151, 117, 198, 30, 42, 156, 24, 1, 197, 16, 27, 38, 102, 32, 96, 63, 100, 17, 44, 133, 10, 178, 90, 125, 191, 71, 67, 120, 51, 98, 116, 121, 112, 19, 158, 25, 123, 177, 171, 157, 138, 182, 11, 139, 2, 85]","{'distance': {'initial': 24063, 'final': 23010}, 'objective': {'initial': 0, 'final': 19972}}",24063,23010,0,19972,42581,42982,24063,42581,0,23010,42982,2180,TSPB
lab7,imhae_8,85,1242644980,110.397896,True,,"[85, 15, 43, 108, 92, 171, 58, 95, 22, 104, 87, 33, 103, 1, 110, 44, 164, 84, 86, 12, 29, 77, 189, 196, 136, 55, 75, 89, 96, 192, 101, 27, 168, 152, 165, 183, 172, 155, 71, 132, 191, 114, 179, 76, 2, 7, 146, 134, 181, 126, 138, 116, 135, 72, 93, 40, 94, 141, 161, 98, 151, 36, 67, 81, 66, 118, 10, 82, 137, 46, 125, 119, 51, 182, 31, 80, 160, 115, 8, 169, 111, 106, 144, 48, 50, 91, 194, 139, 30, 78, 121, 9, 0, 163, 127, 28, 150, 175, 109, 105, 85]","[46, 80, 190, 105, 136, 73, 164, 193, 31, 54, 151, 117, 198, 30, 42, 156, 24, 1, 197, 16, 27, 38, 102, 63, 100, 17, 44, 133, 10, 178, 191, 90, 125, 131, 19, 112, 121, 116, 98, 51, 120, 67, 71, 147, 192, 150, 6, 188, 65, 169, 132, 161, 70, 3, 15, 145, 13, 126, 43, 2, 139, 11, 49, 33, 160, 39, 29, 12, 0, 35, 109, 69, 189, 167, 155, 184, 53, 174, 183, 140, 199, 4, 149, 101, 28, 59, 20, 23, 60, 148, 47, 154, 94, 66, 57, 172, 52, 179, 22, 185, 95, 181, 55, 18, 62, 124, 128, 110, 86, 166, 194, 88, 176, 180, 26, 103, 89, 127, 165, 163, 186, 153, 119, 159, 143, 41, 111, 68, 8, 56, 104, 157, 138, 182, 25, 123, 177, 171, 87, 82, 58, 77, 97, 141, 91, 79, 61, 7, 5, 45, 142, 78, 175, 162, 46]","{'distance': {'initial': 154448, 'final': 23506}, 'objective': {'initial': -131015, 'final': 19941}}",154448,23506,-131015,19941,23433,43447,154448,23433,-131015,23506,43447,3093,TSPB
lab7,imhae_12,85,1242644980,110.904611,True,,"[85, 185, 169, 20, 65, 19, 138, 68, 45, 148, 124, 176, 55, 120, 88, 60, 73, 40, 87, 32, 17, 121, 71, 117, 84, 172, 100, 4, 69, 90, 36, 0, 150, 106, 92, 79, 91, 1, 26, 104, 78, 173, 158, 43, 75, 62, 81, 130, 166, 21, 34, 63, 184, 155, 30, 197, 114, 196, 82, 154, 163, 99, 118, 39, 183, 198, 165, 24, 59, 152, 188, 57, 123, 14, 108, 86, 16, 80, 181, 147, 102, 3, 160, 127, 186, 83, 159, 98, 96, 48, 50, 167, 115, 111, 61, 25, 103, 126, 89, 193, 85]","[188, 65, 169, 132, 126, 13, 161, 70, 3, 15, 145, 189, 167, 69, 109, 35, 0, 12, 39, 29, 49, 33, 160, 144, 56, 104, 8, 68, 111, 41, 119, 159, 143, 106, 124, 128, 62, 18, 55, 174, 183, 140, 199, 4, 149, 101, 28, 59, 20, 23, 60, 148, 47, 154, 94, 66, 57, 172, 52, 179, 22, 185, 95, 110, 86, 166, 194, 88, 176, 180, 26, 103, 89, 127, 165, 163, 186, 153, 81, 77, 58, 82, 87, 91, 79, 61, 7, 177, 123, 5, 45, 142, 78, 175, 162, 46, 80, 190, 105, 136, 73, 164, 193, 31, 54, 151, 117, 198, 30, 42, 156, 24, 1, 197, 16, 27, 38, 102, 63, 100, 17, 44, 133, 10, 178, 90, 125, 191, 71, 67, 120, 51, 98, 116, 121, 112, 19, 158, 25, 171, 157, 138, 182, 11, 139, 2, 85, 192, 150, 6, 188]","{'distance': {'initial': 171652, 'final': 22316}, 'objective': {'initial': -147263, 'final': 19944}}",171652,22316,-147263,19944,24389,42260,171652,24389,-147263,22316,42260,3111,TSPB
lab7,msls,85,375679063,109.03892,True,,"[105, 37, 165, 185, 103, 76, 62, 90, 34, 85, 97, 71, 18, 136, 150, 194, 31, 7, 101, 174, 158, 98, 15, 129, 195, 175, 49, 193, 27, 142, 146, 112, 177, 110, 19, 145, 44, 168, 198, 88, 152, 43, 14, 78, 95, 157, 48, 54, 116, 111, 21, 5, 77, 119, 24, 186, 153, 183, 30, 167, 26, 73, 159, 42, 189, 17, 55, 123, 137, 4, 51, 149, 140, 63, 122, 75, 79, 118, 190, 72, 89, 66, 178, 47, 56, 80, 133, 6, 2, 166, 86, 9, 87, 23, 92, 94, 196, 64, 99, 41, 105]","[105, 136, 73, 164, 193, 31, 54, 151, 117, 198, 30, 42, 156, 24, 1, 197, 16, 27, 38, 102, 63, 100, 17, 44, 133, 10, 178, 90, 125, 191, 71, 67, 120, 51, 98, 116, 121, 112, 19, 158, 25, 123, 177, 171, 157, 104, 56, 8, 68, 82, 87, 58, 50, 14, 41, 111, 37, 35, 109, 0, 12, 29, 39, 160, 33, 49, 11, 138, 182, 139, 2, 85, 192, 150, 6, 188, 65, 169, 132, 126, 13, 161, 70, 3, 15, 145, 189, 167, 155, 184, 53, 140, 199, 4, 149, 101, 28, 59, 20, 23, 60, 148, 47, 154, 94, 66, 57, 172, 52, 179, 22, 185, 95, 9, 183, 174, 55, 18, 62, 143, 159, 119, 106, 124, 128, 110, 86, 166, 194, 88, 176, 180, 26, 103, 114, 137, 127, 165, 89, 163, 186, 153, 81, 77, 97, 141, 91, 79, 61, 7, 5, 78, 175, 142, 45, 162, 46, 80, 190, 105]","{'distance': {'initial': 24540, 'final': 24540}, 'objective': {'initial': 0, 'final': 19528}}",24540,24540,0,19528,44068,44068,24540,44068,0,24540,44068,200,TSPB
lab7,hae_op2_ls,85,375679063,110.349496,True,,"[85, 173, 187, 97, 45, 109, 26, 9, 194, 94, 104, 124, 107, 134, 74, 10, 116, 21, 56, 76, 90, 141, 61, 143, 196, 17, 84, 133, 33, 167, 52, 18, 199, 151, 179, 123, 135, 19, 22, 112, 8, 32, 103, 42, 184, 54, 154, 127, 81, 110, 137, 36, 83, 147, 138, 88, 82, 142, 70, 60, 132, 16, 145, 80, 47, 122, 165, 191, 195, 66, 152, 48, 140, 67, 183, 119, 189, 79, 178, 128, 27, 180, 53, 25, 1, 121, 144, 49, 105, 50, 96, 162, 153, 164, 161, 59, 41, 120, 38, 86, 85]","[2, 139, 182, 138, 11, 49, 33, 160, 39, 29, 12, 0, 35, 109, 69, 189, 167, 184, 155, 84, 70, 161, 3, 15, 145, 195, 126, 13, 132, 169, 65, 188, 6, 150, 192, 147, 115, 178, 10, 133, 44, 17, 100, 63, 102, 38, 27, 16, 197, 1, 24, 156, 42, 30, 198, 117, 151, 54, 31, 193, 164, 73, 136, 105, 190, 80, 46, 162, 175, 78, 142, 45, 5, 7, 61, 79, 91, 87, 82, 58, 77, 81, 153, 186, 163, 165, 127, 89, 103, 26, 180, 176, 88, 194, 166, 86, 95, 185, 22, 179, 52, 172, 57, 66, 94, 154, 47, 148, 20, 59, 28, 101, 149, 4, 199, 140, 183, 174, 55, 18, 62, 110, 128, 124, 106, 143, 159, 119, 41, 111, 68, 8, 56, 104, 157, 171, 177, 123, 25, 158, 19, 112, 121, 131, 125, 90, 191, 71, 67, 120, 51, 98, 85, 2]","{'distance': {'initial': 174200, 'final': 22778}, 'objective': {'initial': -150820, 'final': 19952}}",174200,22778,-150820,19952,23380,42730,174200,23380,-150820,22778,42730,224,TSPB
lab7,imhae_2,85,375679063,110.245848,True,,"[85, 173, 187, 97, 45, 109, 26, 9, 194, 94, 104, 124, 107, 134, 74, 10, 116, 21, 56, 76, 90, 141, 61, 143, 196, 17, 84, 133, 33, 167, 52, 18, 199, 151, 179, 123, 135, 19, 22, 112, 8, 32, 103, 42, 184, 54, 154, 127, 81, 110, 137, 36, 83, 147, 138, 88, 82, 142, 70, 60, 132, 16, 145, 80, 47, 122, 165, 191, 195, 66, 152, 48, 140, 67, 183, 119, 189, 79, 178, 128, 27, 180, 53, 25, 1, 121, 144, 49, 105, 50, 96, 162, 153, 164, 161, 59, 41, 120, 38, 86, 85]","[2, 139, 182, 138, 11, 49, 33, 160, 39, 29, 12, 0, 35, 109, 69, 189, 167, 184, 155, 84, 70, 161, 3, 15, 145, 195, 126, 13, 132, 169, 65, 188, 6, 150, 192, 147, 115, 178, 10, 133, 44, 17, 100, 63, 102, 38, 27, 16, 197, 1, 24, 156, 42, 30, 198, 117, 151, 54, 31, 193, 164, 73, 136, 105, 190, 80, 46, 162, 175, 78, 142, 45, 5, 7, 61, 79, 91, 87, 82, 58, 77, 81, 153, 186, 163, 165, 127, 89, 103, 26, 180, 176, 88, 194, 166, 86, 95, 185, 22, 179, 52, 172, 57, 66, 94, 154, 47, 148, 20, 59, 28, 101, 149, 4, 199, 140, 183, 174, 55, 18, 62, 110, 128, 124, 106, 143, 159, 119, 41, 111, 68, 8, 56, 104, 157, 171, 177, 123, 25, 158, 19, 112, 121, 131, 125, 90, 191, 71, 67, 120, 51, 98, 85, 2]","{'distance': {'initial': 174200, 'final': 22778}, 'objective': {'initial': -150820, 'final': 19952}}",174200,22778,-150820,19952,23380,42730,174200,23380,-150820,22778,42730,405,TSPB
lab7,imhae_4,85,375679063,110.515585,True,,"[85, 115, 139, 23, 12, 82, 120, 67, 125, 172, 2, 29, 26, 74, 48, 58, 147, 70, 33, 51, 130, 145, 166, 192, 75, 88, 87, 119, 111, 180, 8, 7, 19, 66, 102, 190, 146, 20, 21, 108, 178, 50, 14, 84, 59, 79, 61, 3, 122, 106, 181, 107, 163, 117, 195, 170, 43, 101, 81, 157, 121, 96, 171, 148, 129, 137, 191, 86, 37, 13, 161, 40, 39, 30, 156, 60, 153, 54, 118, 138, 28, 97, 189, 194, 52, 142, 17, 123, 68, 22, 41, 94, 177, 15, 34, 114, 162, 183, 62, 18, 85]","[144, 39, 29, 12, 0, 35, 109, 69, 167, 189, 145, 15, 3, 70, 161, 13, 126, 132, 169, 65, 188, 6, 150, 192, 147, 115, 178, 10, 133, 44, 17, 100, 63, 102, 38, 27, 16, 197, 1, 24, 156, 42, 30, 198, 117, 151, 54, 31, 193, 164, 73, 136, 105, 190, 80, 46, 162, 175, 78, 142, 45, 5, 7, 61, 79, 91, 87, 82, 58, 77, 81, 153, 186, 163, 165, 127, 89, 103, 26, 180, 176, 88, 194, 166, 86, 110, 95, 130, 22, 179, 52, 172, 57, 66, 94, 154, 47, 148, 60, 23, 20, 59, 28, 101, 149, 4, 199, 140, 183, 174, 55, 18, 62, 128, 124, 106, 143, 159, 119, 41, 111, 68, 8, 56, 104, 157, 171, 177, 123, 25, 158, 116, 121, 112, 19, 131, 125, 90, 191, 71, 67, 120, 51, 98, 85, 2, 139, 11, 182, 138, 49, 33, 160, 144]","{'distance': {'initial': 159926, 'final': 22723}, 'objective': {'initial': -135759, 'final': 20022}}",159926,22723,-135759,20022,24167,42745,159926,24167,-135759,22723,42745,1010,TSPB
lab7,imhae_6,85,375679063,110.525524,True,,"[85, 115, 139, 23, 12, 82, 120, 67, 125, 172, 2, 29, 26, 74, 48, 58, 147, 70, 33, 51, 130, 145, 166, 192, 75, 88, 87, 119, 111, 180, 8, 7, 19, 66, 102, 190, 146, 20, 21, 108, 178, 50, 14, 84, 59, 79, 61, 3, 122, 106, 181, 107, 163, 117, 195, 170, 43, 101, 81, 157, 121, 96, 171, 148, 129, 137, 191, 86, 37, 13, 161, 40, 39, 30, 156, 60, 153, 54, 118, 138, 28, 97, 189, 194, 52, 142, 17, 123, 68, 22, 41, 94, 177, 15, 34, 114, 162, 183, 62, 18, 85]","[144, 39, 29, 12, 0, 35, 109, 69, 167, 189, 145, 15, 3, 70, 161, 13, 126, 132, 169, 65, 188, 6, 150, 192, 147, 115, 178, 10, 133, 44, 17, 100, 63, 102, 38, 27, 16, 197, 1, 24, 156, 42, 30, 198, 117, 151, 54, 31, 193, 164, 73, 136, 105, 190, 80, 46, 162, 175, 78, 142, 45, 5, 7, 61, 79, 91, 87, 82, 58, 77, 81, 153, 186, 163, 165, 127, 89, 103, 26, 180, 176, 88, 194, 166, 86, 110, 95, 130, 22, 179, 52, 172, 57, 66, 94, 154, 47, 148, 60, 23, 20, 59, 28, 101, 149, 4, 199, 140, 183, 174, 55, 18, 62, 128, 124, 106, 143, 159, 119, 41, 111, 68, 8, 56, 104, 157, 171, 177, 123, 25, 158, 116, 121, 112, 19, 131, 125, 90, 191, 71, 67, 120, 51, 98, 85, 2, 139, 11, 182, 138, 49, 33, 160, 144]","{'distance': {'initial': 159926, 'final': 22723}, 'objective': {'initial': -135759, 'final': 20022}}",159926,22723,-135759,20022,24167,42745,159926,24167,-135759,22723,42745,2165,TSPB
lab7,imhae_8,85,375679063,110.531655,True,,"[85, 115, 139, 23, 12, 82, 120, 67, 125, 172, 2, 29, 26, 74, 48, 58, 147, 70, 33, 51, 130, 145, 166, 192, 75, 88, 87, 119, 111, 180, 8, 7, 19, 66, 102, 190, 146, 20, 21, 108, 178, 50, 14, 84, 59, 79, 61, 3, 122, 106, 181, 107, 163, 117, 195, 170, 43, 101, 81, 157, 121, 96, 171, 148, 129, 137, 191, 86, 37, 13, 161, 40, 39, 30, 156, 60, 153, 54, 118, 138, 28, 97, 189, 194, 52, 142, 17, 123, 68, 22, 41, 94, 177, 15, 34, 114, 162, 183, 62, 18, 85]","[144, 39, 29, 12, 0, 35, 109, 69, 167, 189, 145, 15, 3, 70, 161, 13, 126, 132, 169, 65, 188, 6, 150, 192, 147, 115, 178, 10, 133, 44, 17, 100, 63, 102, 38, 27, 16, 197, 1, 24, 156, 42, 30, 198, 117, 151, 54, 31, 193, 164, 73, 136, 105, 190, 80, 46, 162, 175, 78, 142, 45, 5, 7, 61, 79, 91, 87, 82, 58, 77, 81, 153, 186, 163, 165, 127, 89, 103, 26, 180, 176, 88, 194, 166, 86, 110, 95, 130, 22, 179, 52, 172, 57, 66, 94, 154, 47, 148, 60, 23, 20, 59, 28, 101, 149, 4, 199, 140, 183, 174, 55, 18, 62, 128, 124, 106, 143, 159, 119, 41, 111, 68, 8, 56, 104, 157, 171, 177, 123, 25, 158, 116, 121, 112, 19, 131, 125, 90, 191, 71, 67, 120, 51, 98, 85, 2, 139, 11, 182, 138, 49, 33, 160, 144]","{'distance': {'initial': 159926, 'final': 22723}, 'objective': {'initial': -135759, 'final': 20022}}",159926,22723,-135759,20022,24167,42745,159926,24167,-135759,22723,42745,3137,TSPB
lab7,imhae_12,85,375679063,110.94955,True,,"[85, 77, 84, 180, 156, 119, 166, 20, 186, 190, 4, 35, 128, 182, 170, 171, 117, 63, 17, 88, 162, 52, 8, 69, 95, 177, 161, 138, 109, 152, 114, 23, 187, 149, 71, 28, 42, 173, 39, 68, 76, 40, 94, 129, 189, 104, 10, 80, 135, 67, 133, 99, 132, 102, 121, 45, 31, 197, 65, 49, 78, 24, 179, 29, 199, 19, 159, 122, 36, 60, 134, 62, 70, 54, 1, 74, 164, 44, 27, 21, 72, 33, 124, 51, 98, 12, 144, 153, 172, 155, 160, 0, 108, 90, 37, 53, 175, 96, 66, 11, 85]","[57, 172, 52, 179, 22, 185, 95, 110, 86, 166, 194, 88, 176, 180, 26, 103, 89, 127, 165, 163, 186, 153, 81, 77, 58, 82, 87, 91, 79, 61, 7, 177, 123, 5, 45, 142, 78, 175, 162, 46, 80, 190, 105, 136, 73, 164, 54, 31, 193, 117, 198, 30, 42, 156, 24, 1, 197, 16, 27, 38, 102, 63, 100, 17, 44, 133, 10, 178, 115, 147, 192, 150, 6, 188, 65, 169, 132, 126, 13, 145, 15, 161, 70, 3, 84, 155, 184, 167, 189, 69, 109, 35, 0, 12, 29, 39, 160, 33, 49, 138, 182, 11, 139, 2, 85, 98, 51, 120, 67, 71, 191, 90, 125, 131, 151, 19, 112, 121, 116, 158, 25, 171, 157, 104, 56, 8, 68, 111, 41, 119, 159, 143, 106, 124, 128, 62, 18, 55, 174, 183, 140, 199, 4, 149, 101, 28, 59, 20, 23, 60, 148, 47, 154, 94, 66, 57]","{'distance': {'initial': 162325, 'final': 23180}, 'objective': {'initial': -138094, 'final': 20064}}",162325,23180,-138094,20064,24231,43244,162325,24231,-138094,23180,43244,2832,TSPB
lab7,msls,85,63918073,111.514635,True,,"[30, 39, 126, 194, 35, 157, 159, 99, 109, 37, 60, 42, 71, 75, 163, 8, 152, 142, 132, 116, 57, 65, 6, 83, 62, 32, 84, 67, 64, 176, 197, 4, 149, 143, 187, 165, 156, 112, 154, 179, 164, 9, 25, 160, 124, 102, 78, 121, 55, 68, 27, 41, 199, 0, 172, 18, 36, 180, 86, 11, 168, 151, 76, 188, 125, 150, 28, 198, 169, 173, 69, 24, 170, 94, 34, 110, 17, 59, 117, 72, 10, 29, 2, 130, 177, 63, 50, 56, 77, 129, 153, 141, 161, 44, 101, 139, 52, 45, 103, 15, 30]","[30, 42, 156, 24, 1, 197, 16, 27, 38, 102, 63, 100, 17, 44, 133, 10, 178, 115, 147, 192, 150, 67, 71, 191, 90, 125, 131, 19, 112, 121, 116, 51, 98, 85, 2, 43, 126, 169, 188, 65, 132, 13, 145, 15, 3, 161, 70, 84, 155, 184, 167, 189, 69, 109, 35, 0, 12, 29, 39, 160, 33, 49, 11, 138, 182, 25, 123, 177, 171, 157, 104, 56, 8, 68, 111, 41, 119, 159, 143, 106, 124, 128, 62, 18, 55, 174, 183, 140, 199, 4, 149, 101, 28, 59, 20, 23, 60, 148, 47, 154, 94, 66, 57, 172, 52, 179, 22, 185, 95, 86, 110, 64, 176, 180, 88, 194, 113, 26, 103, 127, 165, 89, 163, 186, 153, 81, 77, 58, 82, 87, 91, 79, 61, 7, 5, 45, 142, 78, 175, 162, 46, 80, 190, 105, 136, 73, 164, 193, 31, 54, 151, 117, 198, 30]","{'distance': {'initial': 23491, 'final': 23491}, 'objective': {'initial': 0, 'final': 19258}}",23491,23491,0,19258,42749,42749,23491,42749,0,23491,42749,200,TSPB
lab7,hae_op2_ls,85,63918073,110.00782,True,,"[85, 61, 57, 78, 97, 36, 95, 81, 195, 100, 119, 64, 139, 16, 76, 10, 152, 161, 54, 197, 19, 5, 2, 186, 32, 29, 191, 43, 53, 167, 73, 70, 158, 41, 151, 92, 104, 35, 157, 4, 72, 174, 83, 117, 120, 163, 177, 146, 153, 188, 110, 62, 17, 91, 171, 11, 79, 170, 18, 21, 58, 169, 132, 30, 179, 24, 141, 133, 47, 102, 65, 180, 111, 52, 194, 172, 77, 46, 14, 116, 98, 26, 190, 39, 164, 155, 38, 127, 50, 168, 162, 147, 115, 154, 101, 130, 165, 112, 140, 66, 85]","[70, 161, 3, 15, 145, 13, 126, 132, 169, 65, 188, 6, 150, 192, 147, 115, 178, 10, 133, 44, 17, 100, 63, 102, 38, 27, 16, 197, 1, 24, 156, 42, 30, 198, 117, 151, 54, 31, 193, 164, 73, 136, 105, 190, 80, 46, 162, 175, 78, 142, 45, 5, 7, 61, 79, 91, 87, 82, 58, 77, 81, 153, 186, 163, 165, 127, 89, 103, 26, 180, 176, 88, 194, 166, 86, 110, 95, 185, 22, 179, 52, 172, 57, 66, 94, 154, 47, 148, 20, 59, 28, 101, 149, 4, 199, 140, 183, 174, 55, 18, 62, 128, 124, 106, 143, 159, 119, 41, 111, 68, 8, 56, 104, 157, 171, 177, 123, 25, 158, 116, 121, 112, 19, 131, 125, 90, 191, 71, 67, 120, 51, 98, 85, 2, 139, 182, 138, 11, 49, 33, 160, 39, 29, 12, 0, 35, 109, 69, 189, 167, 184, 155, 84, 70]","{'distance': {'initial': 164574, 'final': 22745}, 'objective': {'initial': -141259, 'final': 20063}}",164574,22745,-141259,20063,23315,42808,164574,23315,-141259,22745,42808,223,TSPB
lab7,imhae_2,85,63918073,110.347817,True,,"[85, 61, 57, 78, 97, 36, 95, 81, 195, 100, 119, 64, 139, 16, 76, 10, 152, 161, 54, 197, 19, 5, 2, 186, 32, 29, 191, 43, 53, 167, 73, 70, 158, 41, 151, 92, 104, 35, 157, 4, 72, 174, 83, 117, 120, 163, 177, 146, 153, 188, 110, 62, 17, 91, 171, 11, 79, 170, 18, 21, 58, 169, 132, 30, 179, 24, 141, 133, 47, 102, 65, 180, 111, 52, 194, 172, 77, 46, 14, 116, 98, 26, 190, 39, 164, 155, 38, 127, 50, 168, 162, 147, 115, 154, 101, 130, 165, 112, 140, 66, 85]","[70, 161, 3, 15, 145, 13, 126, 132, 169, 65, 188, 6, 150, 192, 147, 115, 178, 10, 133, 44, 17, 100, 63, 102, 38, 27, 16, 197, 1, 24, 156, 42, 30, 198, 117, 151, 54, 31, 193, 164, 73, 136, 105, 190, 80, 46, 162, 175, 78, 142, 45, 5, 7, 61, 79, 91, 87, 82, 58, 77, 81, 153, 186, 163, 165, 127, 89, 103, 26, 180, 176, 88, 194, 166, 86, 110, 95, 185, 22, 179, 52, 172, 57, 66, 94, 154, 47, 148, 20, 59, 28, 101, 149, 4, 199, 140, 183, 174, 55, 18, 62, 128, 124, 106, 143, 159, 119, 41, 111, 68, 8, 56, 104, 157, 171, 177, 123, 25, 158, 116, 121, 112, 19, 131, 125, 90, 191, 71, 67, 120, 51, 98, 85, 2, 139, 182, 138, 11, 49, 33, 160, 39, 29, 12, 0, 35, 109, 69, 189, 167, 184, 155, 84, 70]","{'distance': {'initial': 164574, 'final': 22745}, 'objective': {'initial': -141259, 'final': 20063}}",164574,22745,-141259,20063,23315,42808,164574,23315,-141259,22745,42808,405,TSPB
lab7,imhae_4,85,63918073,110.367516,True,,"[85, 61, 57, 78, 97, 36, 95, 81, 195, 100, 119, 64, 139, 16, 76, 10, 152, 161, 54, 197, 19, 5, 2, 186, 32, 29, 191, 43, 53, 167, 73, 70, 158, 41, 151, 92, 104, 35, 157, 4, 72, 174, 83, 117, 120, 163, 177, 146, 153, 188, 110, 62, 17, 91, 171, 11, 79, 170, 18, 21, 58, 169, 132, 30, 179, 24, 141, 133, 47, 102, 65, 180, 111, 52, 194, 172, 77, 46, 14, 116, 98, 26, 190, 39, 164, 155, 38, 127, 50, 168, 162, 147, 115, 154, 101, 130, 165, 112, 140, 66, 85]","[70, 161, 3, 15, 145, 13, 126, 132, 169, 65, 188, 6, 150, 192, 147, 115, 178, 10, 133, 44, 17, 100, 63, 102, 38, 27, 16, 197, 1, 24, 156, 42, 30, 198, 117, 151, 54, 31, 193, 164, 73, 136, 105, 190, 80, 46, 162, 175, 78, 142, 45, 5, 7, 61, 79, 91, 87, 82, 58, 77, 81, 153, 186, 163, 165, 127, 89, 103, 26, 180, 176, 88, 194, 166, 86, 110, 95, 185, 22, 179, 52, 172, 57, 66, 94, 154, 47, 148, 20, 59, 28, 101, 149, 4, 199, 140, 183, 174, 55, 18, 62, 128, 124, 106, 143, 159, 119, 41, 111, 68, 8, 56, 104, 157, 171, 177, 123, 25, 158, 116, 121, 112, 19, 131, 125, 90, 191, 71, 67, 120, 51, 98, 85, 2, 139, 182, 138, 11, 49, 33, 160, 39, 29, 12, 0, 35, 109, 69, 189, 167, 184, 155, 84, 70]","{'distance': {'initial': 164574, 'final': 22745}, 'objective': {'initial': -141259, 'final': 20063}}",164574,22745,-141259,20063,23315,42808,164574,23315,-141259,22745,42808,991,TSPB
lab7,imhae_6,85,63918073,110.568784,True,,"[85, 61, 57, 78, 97, 36, 95, 81, 195, 100, 119, 64, 139, 16, 76, 10, 152, 161, 54, 197, 19, 5, 2, 186, 32, 29, 191, 43, 53, 167, 73, 70, 158, 41, 151, 92, 104, 35, 157, 4, 72, 174, 83, 117, 120, 163, 177, 146, 153, 188, 110, 62, 17, 91, 171, 11, 79, 170, 18, 21, 58, 169, 132, 30, 179, 24, 141, 133, 47, 102, 65, 180, 111, 52, 194, 172, 77, 46, 14, 116, 98, 26, 190, 39, 164, 155, 38, 127, 50, 168, 162, 147, 115, 154, 101, 130, 165, 112, 140, 66, 85]","[70, 161, 3, 15, 145, 13, 126, 132, 169, 65, 188, 6, 150, 192, 147, 115, 178, 10, 133, 44, 17, 100, 63, 102, 38, 27, 16, 197, 1, 24, 156, 42, 30, 198, 117, 151, 54, 31, 193, 164, 73, 136, 105, 190, 80, 46, 162, 175, 78, 142, 45, 5, 7, 61, 79, 91, 87, 82, 58, 77, 81, 153, 186, 163, 165, 127, 89, 103, 26, 180, 176, 88, 194, 166, 86, 110, 95, 185, 22, 179, 52, 172, 57, 66, 94, 154, 47, 148, 20, 59, 28, 101, 149, 4, 199, 140, 183, 174, 55, 18, 62, 128, 124, 106, 143, 159, 119, 41, 111, 68, 8, 56, 104, 157, 171, 177, 123, 25, 158, 116, 121, 112, 19, 131, 125, 90, 191, 71, 67, 120, 51, 98, 85, 2, 139, 182, 138, 11, 49, 33, 160, 39, 29, 12, 0, 35, 109, 69, 189, 167, 184, 155, 84, 70]","{'distance': {'initial': 164574, 'final': 22745}, 'objective': {'initial': -141259, 'final': 20063}}",164574,22745,-141259,20063,23315,42808,164574,23315,-141259,22745,42808,2197,TSPB
lab7,imhae_8,85,63918073,110.508475,True,,"[85, 61, 57, 78, 97, 36, 95, 81, 195, 100, 119, 64, 139, 16, 76, 10, 152, 161, 54, 197, 19, 5, 2, 186, 32, 29, 191, 43, 53, 167, 73, 70, 158, 41, 151, 92, 104, 35, 157, 4, 72, 174, 83, 117, 120, 163, 177, 146, 153, 188, 110, 62, 17, 91, 171, 11, 79, 170, 18, 21, 58, 169, 132, 30, 179, 24, 141, 133, 47, 102, 65, 180, 111, 52, 194, 172, 77, 46, 14, 116, 98, 26, 190, 39, 164, 155, 38, 127, 50, 168, 162, 147, 115, 154, 101, 130, 165, 112, 140, 66, 85]","[70, 161, 3, 15, 145, 13, 126, 132, 169, 65, 188, 6, 150, 192, 147, 115, 178, 10, 133, 44, 17, 100, 63, 102, 38, 27, 16, 197, 1, 24, 156, 42, 30, 198, 117, 151, 54, 31, 193, 164, 73, 136, 105, 190, 80, 46, 162, 175, 78, 142, 45, 5, 7, 61, 79, 91, 87, 82, 58, 77, 81, 153, 186, 163, 165, 127, 89, 103, 26, 180, 176, 88, 194, 166, 86, 110, 95, 185, 22, 179, 52, 172, 57, 66, 94, 154, 47, 148, 20, 59, 28, 101, 149, 4, 199, 140, 183, 174, 55, 18, 62, 128, 124, 106, 143, 159, 119, 41, 111, 68, 8, 56, 104, 157, 171, 177, 123, 25, 158, 116, 121, 112, 19, 131, 125, 90, 191, 71, 67, 120, 51, 98, 85, 2, 139, 182, 138, 11, 49, 33, 160, 39, 29, 12, 0, 35, 109, 69, 189, 167, 184, 155, 84, 70]","{'distance': {'initial': 164574, 'final': 22745}, 'objective': {'initial': -141259, 'final': 20063}}",164574,22745,-141259,20063,23315,42808,164574,23315,-141259,22745,42808,3243,TSPB
lab7,imhae_12,85,63918073,110.810651,True,,"[85, 40, 51, 37, 81, 12, 186, 126, 144, 181, 80, 29, 9, 171, 190, 114, 189, 127, 95, 138, 146, 140, 155, 50, 178, 123, 8, 159, 27, 25, 22, 52, 30, 14, 188, 118, 141, 56, 125, 169, 34, 142, 105, 49, 67, 185, 168, 157, 7, 16, 163, 121, 101, 149, 107, 92, 91, 117, 1, 58, 57, 4, 31, 96, 39, 198, 136, 87, 35, 179, 13, 164, 108, 18, 154, 150, 145, 196, 61, 177, 84, 38, 71, 94, 23, 110, 174, 66, 152, 115, 86, 195, 98, 44, 63, 53, 69, 64, 160, 182, 85]","[11, 139, 2, 85, 98, 51, 120, 67, 71, 191, 90, 125, 131, 19, 112, 121, 116, 158, 25, 123, 177, 171, 157, 104, 56, 8, 68, 111, 41, 119, 159, 143, 106, 124, 128, 62, 18, 55, 174, 183, 140, 199, 4, 149, 101, 28, 59, 20, 148, 47, 154, 94, 66, 57, 172, 52, 179, 22, 185, 95, 110, 86, 166, 194, 88, 176, 180, 26, 103, 89, 127, 165, 163, 186, 153, 81, 77, 58, 82, 87, 91, 79, 61, 7, 5, 45, 142, 78, 175, 162, 46, 80, 190, 105, 136, 73, 164, 193, 31, 54, 151, 117, 198, 30, 42, 156, 24, 1, 197, 16, 27, 38, 102, 63, 100, 17, 44, 133, 10, 178, 115, 147, 192, 150, 6, 188, 65, 169, 132, 126, 13, 145, 15, 161, 70, 3, 84, 155, 184, 167, 189, 69, 109, 35, 0, 12, 29, 39, 160, 33, 49, 138, 182, 11]","{'distance': {'initial': 147125, 'final': 22779}, 'objective': {'initial': -123337, 'final': 20029}}",147125,22779,-123337,20029,23788,42808,147125,23788,-123337,22779,42808,2982,TSPB
lab7,msls,85,942791168,108.305807,True,,"[115, 166, 55, 59, 38, 127, 83, 7, 23, 110, 49, 43, 28, 145, 172, 169, 61, 193, 140, 117, 1, 8, 112, 188, 5, 65, 118, 4, 124, 44, 121, 96, 52, 77, 174, 120, 46, 135, 195, 24, 33, 73, 70, 170, 94, 147, 88, 86, 58, 54, 196, 182, 167, 186, 17, 173, 84, 72, 71, 197, 178, 13, 101, 171, 155, 68, 136, 78, 176, 97, 67, 137, 161, 189, 42, 187, 152, 113, 3, 150, 175, 133, 51, 95, 159, 60, 165, 29, 76, 99, 85, 45, 194, 191, 108, 66, 19, 56, 89, 11, 115]","[115, 10, 133, 44, 17, 100, 63, 102, 38, 27, 16, 197, 1, 24, 156, 42, 30, 198, 117, 151, 54, 31, 193, 164, 73, 136, 105, 190, 80, 46, 162, 175, 78, 142, 45, 5, 123, 177, 7, 61, 79, 91, 87, 8, 68, 82, 58, 77, 97, 153, 186, 163, 165, 127, 89, 103, 26, 113, 194, 88, 176, 180, 129, 119, 159, 143, 106, 124, 128, 110, 86, 95, 185, 22, 179, 52, 172, 57, 66, 94, 154, 47, 148, 60, 23, 20, 59, 199, 28, 101, 149, 4, 140, 183, 174, 55, 18, 62, 34, 69, 189, 167, 184, 155, 84, 3, 70, 161, 15, 145, 195, 126, 13, 132, 169, 65, 188, 6, 150, 192, 85, 2, 139, 182, 138, 11, 49, 29, 109, 35, 0, 12, 39, 160, 33, 144, 56, 104, 157, 171, 25, 158, 19, 112, 121, 116, 98, 51, 120, 67, 71, 191, 125, 90, 178, 115]","{'distance': {'initial': 23431, 'final': 23431}, 'objective': {'initial': 0, 'final': 19048}}",23431,23431,0,19048,42479,42479,23431,42479,0,23431,42479,200,TSPB
lab7,hae_op2_ls,85,942791168,110.138079,True,,"[85, 146, 172, 114, 18, 157, 4, 50, 73, 113, 46, 164, 186, 1, 43, 36, 196, 64, 193, 68, 198, 102, 137, 129, 123, 32, 9, 116, 148, 55, 88, 134, 163, 142, 28, 67, 5, 139, 130, 72, 178, 150, 197, 152, 171, 66, 53, 149, 58, 127, 111, 56, 19, 7, 16, 52, 86, 51, 128, 179, 187, 40, 181, 71, 75, 174, 34, 125, 99, 17, 106, 168, 30, 192, 87, 93, 65, 25, 105, 96, 140, 180, 151, 70, 41, 63, 39, 141, 185, 90, 62, 124, 107, 119, 74, 77, 121, 11, 159, 101, 85]","[143, 159, 119, 153, 186, 163, 165, 127, 89, 103, 26, 180, 176, 88, 194, 166, 86, 110, 95, 185, 22, 179, 52, 172, 57, 66, 94, 154, 47, 148, 20, 59, 199, 28, 101, 149, 4, 140, 183, 174, 53, 184, 155, 84, 70, 161, 3, 15, 145, 195, 126, 13, 132, 169, 65, 188, 6, 150, 192, 147, 115, 178, 10, 133, 44, 17, 100, 63, 102, 38, 27, 16, 197, 1, 24, 156, 42, 30, 198, 117, 151, 54, 31, 193, 164, 73, 136, 105, 190, 80, 46, 162, 175, 78, 142, 45, 5, 7, 61, 79, 91, 141, 97, 77, 58, 82, 87, 8, 56, 104, 157, 171, 177, 123, 25, 158, 116, 121, 131, 125, 90, 191, 71, 67, 120, 51, 98, 85, 2, 139, 182, 138, 11, 49, 33, 160, 144, 68, 111, 41, 37, 35, 109, 0, 12, 39, 29, 69, 189, 167, 34, 55, 18, 62, 128, 124, 106, 143]","{'distance': {'initial': 180887, 'final': 23892}, 'objective': {'initial': -157253, 'final': 19679}}",180887,23892,-157253,19679,23634,43571,180887,23634,-157253,23892,43571,218,TSPB
lab7,imhae_2,85,942791168,110.479686,True,,"[85, 195, 76, 73, 159, 113, 10, 197, 12, 36, 149, 99, 34, 146, 115, 165, 17, 135, 37, 118, 174, 83, 148, 6, 48, 151, 90, 177, 52, 75, 193, 153, 126, 164, 66, 133, 86, 136, 33, 121, 44, 31, 101, 8, 45, 182, 109, 32, 114, 77, 106, 26, 4, 9, 178, 160, 111, 28, 84, 94, 122, 162, 19, 124, 169, 2, 39, 53, 173, 125, 18, 103, 167, 138, 14, 186, 139, 88, 98, 188, 72, 141, 74, 30, 130, 67, 131, 183, 80, 104, 116, 87, 46, 171, 158, 170, 7, 42, 57, 43, 85]","[177, 7, 61, 79, 91, 141, 97, 77, 58, 82, 87, 8, 68, 111, 41, 14, 81, 153, 186, 163, 165, 127, 89, 103, 26, 180, 176, 88, 194, 166, 86, 110, 128, 124, 106, 119, 159, 143, 62, 18, 55, 174, 95, 185, 22, 179, 52, 172, 57, 66, 94, 154, 47, 148, 60, 23, 20, 59, 28, 101, 149, 4, 199, 140, 53, 184, 155, 167, 189, 69, 109, 35, 0, 12, 39, 29, 49, 11, 139, 182, 138, 33, 160, 144, 56, 104, 157, 171, 25, 158, 19, 112, 121, 131, 125, 90, 191, 71, 67, 120, 51, 98, 118, 74, 85, 2, 43, 168, 195, 126, 13, 145, 15, 3, 70, 161, 132, 169, 65, 188, 6, 150, 192, 147, 115, 178, 10, 133, 44, 17, 100, 63, 102, 38, 27, 16, 197, 1, 24, 156, 42, 30, 198, 117, 151, 54, 31, 193, 164, 73, 136, 105, 190, 80, 46, 162, 175, 78, 142, 45, 5, 123, 177]","{'distance': {'initial': 167560, 'final': 24306}, 'objective': {'initial': -143628, 'final': 19736}}",167560,24306,-143628,19736,23932,44042,167560,23932,-143628,24306,44042,390,TSPB
lab7,imhae_4,85,942791168,110.331817,True,,"[85, 58, 165, 100, 151, 122, 38, 104, 92, 57, 74, 167, 26, 189, 10, 135, 187, 9, 73, 64, 112, 178, 31, 126, 3, 24, 50, 176, 159, 11, 180, 40, 52, 41, 78, 143, 148, 80, 70, 45, 160, 182, 102, 19, 32, 67, 172, 147, 98, 161, 177, 145, 87, 195, 118, 108, 128, 117, 162, 35, 46, 34, 59, 48, 169, 184, 107, 115, 183, 22, 157, 29, 131, 61, 18, 166, 190, 101, 63, 142, 163, 198, 7, 60, 20, 39, 141, 65, 124, 174, 130, 75, 14, 175, 95, 5, 144, 192, 136, 42, 85]","[90, 191, 71, 67, 120, 51, 98, 85, 2, 139, 182, 138, 11, 49, 33, 160, 39, 29, 12, 0, 35, 109, 69, 189, 167, 184, 155, 84, 70, 161, 3, 15, 145, 13, 126, 132, 169, 65, 188, 6, 150, 192, 147, 115, 178, 10, 133, 44, 17, 100, 63, 102, 38, 27, 16, 197, 1, 24, 156, 42, 30, 198, 117, 151, 54, 31, 193, 164, 73, 136, 105, 190, 80, 46, 162, 175, 78, 142, 45, 5, 7, 61, 79, 91, 87, 82, 58, 77, 81, 153, 186, 163, 165, 127, 89, 103, 26, 180, 176, 88, 194, 166, 86, 110, 95, 185, 22, 179, 52, 172, 57, 66, 94, 154, 47, 148, 20, 59, 28, 101, 149, 4, 199, 140, 183, 174, 55, 18, 62, 128, 124, 106, 143, 159, 119, 41, 111, 68, 8, 56, 104, 157, 171, 177, 123, 25, 158, 116, 121, 112, 19, 131, 125, 90]","{'distance': {'initial': 166992, 'final': 22745}, 'objective': {'initial': -141803, 'final': 20063}}",166992,22745,-141803,20063,25189,42808,166992,25189,-141803,22745,42808,971,TSPB
lab7,imhae_6,85,942791168,110.526354,True,,"[85, 58, 165, 100, 151, 122, 38, 104, 92, 57, 74, 167, 26, 189, 10, 135, 187, 9, 73, 64, 112, 178, 31, 126, 3, 24, 50, 176, 159, 11, 180, 40, 52, 41, 78, 143, 148, 80, 70, 45, 160, 182, 102, 19, 32, 67, 172, 147, 98, 161, 177, 145, 87, 195, 118, 108, 128, 117, 162, 35, 46, 34, 59, 48, 169, 184, 107, 115, 183, 22, 157, 29, 131, 61, 18, 166, 190, 101, 63, 142, 163, 198, 7, 60, 20, 39, 141, 65, 124, 174, 130, 75, 14, 175, 95, 5, 144, 192, 136, 42, 85]","[90, 191, 71, 67, 120, 51, 98, 85, 2, 139, 182, 138, 11, 49, 33, 160, 39, 29, 12, 0, 35, 109, 69, 189, 167, 184, 155, 84, 70, 161, 3, 15, 145, 13, 126, 132, 169, 65, 188, 6, 150, 192, 147, 115, 178, 10, 133, 44, 17, 100, 63, 102, 38, 27, 16, 197, 1, 24, 156, 42, 30, 198, 117, 151, 54, 31, 193, 164, 73, 136, 105, 190, 80, 46, 162, 175, 78, 142, 45, 5, 7, 61, 79, 91, 87, 82, 58, 77, 81, 153, 186, 163, 165, 127, 89, 103, 26, 180, 176, 88, 194, 166, 86, 110, 95, 185, 22, 179, 52, 172, 57, 66, 94, 154, 47, 148, 20, 59, 28, 101, 149, 4, 199, 140, 183, 174, 55, 18, 62, 128, 124, 106, 143, 159, 119, 41, 111, 68, 8, 56, 104, 157, 171, 177, 123, 25, 158, 116, 121, 112, 19, 131, 125, 90]","{'distance': {'initial': 166992, 'final': 22745}, 'objective': {'initial': -141803, 'final': 20063}}",166992,22745,-141803,20063,25189,42808,166992,25189,-141803,22745,42808,2095,TSPB
lab7,imhae_8,85,942791168,110.359517,True,,"[85, 58, 165, 100, 151, 122, 38, 104, 92, 57, 74, 167, 26, 189, 10, 135, 187, 9, 73, 64, 112, 178, 31, 126, 3, 24, 50, 176, 159, 11, 180, 40, 52, 41, 78, 143, 148, 80, 70, 45, 160, 182, 102, 19, 32, 67, 172, 147, 98, 161, 177, 145, 87, 195, 118, 108, 128, 117, 162, 35, 46, 34, 59, 48, 169, 184, 107, 115, 183, 22, 157, 29, 131, 61, 18, 166, 190, 101, 63, 142, 163, 198, 7, 60, 20, 39, 141, 65, 124, 174, 130, 75, 14, 175, 95, 5, 144, 192, 136, 42, 85]","[90, 191, 71, 67, 120, 51, 98, 85, 2, 139, 182, 138, 11, 49, 33, 160, 39, 29, 12, 0, 35, 109, 69, 189, 167, 184, 155, 84, 70, 161, 3, 15, 145, 13, 126, 132, 169, 65, 188, 6, 150, 192, 147, 115, 178, 10, 133, 44, 17, 100, 63, 102, 38, 27, 16, 197, 1, 24, 156, 42, 30, 198, 117, 151, 54, 31, 193, 164, 73, 136, 105, 190, 80, 46, 162, 175, 78, 142, 45, 5, 7, 61, 79, 91, 87, 82, 58, 77, 81, 153, 186, 163, 165, 127, 89, 103, 26, 180, 176, 88, 194, 166, 86, 110, 95, 185, 22, 179, 52, 172, 57, 66, 94, 154, 47, 148, 20, 59, 28, 101, 149, 4, 199, 140, 183, 174, 55, 18, 62, 128, 124, 106, 143, 159, 119, 41, 111, 68, 8, 56, 104, 157, 171, 177, 123, 25, 158, 116, 121, 112, 19, 131, 125, 90]","{'distance': {'initial': 166992, 'final': 22745}, 'objective': {'initial': -141803, 'final': 20063}}",166992,22745,-141803,20063,25189,42808,166992,25189,-141803,22745,42808,3175,TSPB
lab7,imhae_12,85,942791168,110.814812,True,,"[85, 58, 165, 100, 151, 122, 38, 104, 92, 57, 74, 167, 26, 189, 10, 135, 187, 9, 73, 64, 112, 178, 31, 126, 3, 24, 50, 176, 159, 11, 180, 40, 52, 41, 78, 143, 148, 80, 70, 45, 160, 182, 102, 19, 32, 67, 172, 147, 98, 161, 177, 145, 87, 195, 118, 108, 128, 117, 162, 35, 46, 34, 59, 48, 169, 184, 107, 115, 183, 22, 157, 29, 131, 61, 18, 166, 190, 101, 63, 142, 163, 198, 7, 60, 20, 39, 141, 65, 124, 174, 130, 75, 14, 175, 95, 5, 144, 192, 136, 42, 85]","[90, 191, 71, 67, 120, 51, 98, 85, 2, 139, 182, 138, 11, 49, 33, 160, 39, 29, 12, 0, 35, 109, 69, 189, 167, 184, 155, 84, 70, 161, 3, 15, 145, 13, 126, 132, 169, 65, 188, 6, 150, 192, 147, 115, 178, 10, 133, 44, 17, 100, 63, 102, 38, 27, 16, 197, 1, 24, 156, 42, 30, 198, 117, 151, 54, 31, 193, 164, 73, 136, 105, 190, 80, 46, 162, 175, 78, 142, 45, 5, 7, 61, 79, 91, 87, 82, 58, 77, 81, 153, 186, 163, 165, 127, 89, 103, 26, 180, 176, 88, 194, 166, 86, 110, 95, 185, 22, 179, 52, 172, 57, 66, 94, 154, 47, 148, 20, 59, 28, 101, 149, 4, 199, 140, 183, 174, 55, 18, 62, 128, 124, 106, 143, 159, 119, 41, 111, 68, 8, 56, 104, 157, 171, 177, 123, 25, 158, 116, 121, 112, 19, 131, 125, 90]","{'distance': {'initial': 166992, 'final': 22745}, 'objective': {'initial': -141803, 'final': 20063}}",166992,22745,-141803,20063,25189,42808,166992,25189,-141803,22745,42808,2938,TSPB
lab7,msls,85,647651470,108.0087,True,,"[5, 176, 94, 54, 170, 182, 86, 161, 64, 125, 49, 30, 0, 111, 23, 97, 67, 99, 29, 12, 75, 167, 33, 13, 65, 175, 56, 165, 48, 174, 10, 116, 191, 68, 55, 79, 20, 26, 93, 66, 188, 136, 196, 159, 46, 122, 130, 61, 50, 58, 74, 32, 95, 71, 78, 189, 146, 73, 131, 39, 28, 150, 147, 7, 148, 179, 41, 36, 103, 143, 199, 43, 156, 113, 102, 96, 92, 72, 132, 15, 110, 135, 164, 153, 138, 24, 117, 195, 142, 134, 9, 173, 16, 18, 59, 187, 163, 11, 194, 107, 5]","[5, 45, 142, 78, 175, 162, 46, 80, 190, 105, 136, 73, 164, 193, 31, 54, 151, 19, 112, 121, 116, 98, 51, 120, 67, 71, 191, 90, 125, 131, 117, 198, 30, 42, 156, 24, 1, 197, 16, 27, 38, 102, 63, 100, 17, 44, 133, 10, 178, 115, 147, 192, 150, 6, 188, 65, 169, 132, 126, 13, 161, 70, 3, 15, 145, 189, 167, 69, 29, 39, 12, 0, 109, 35, 37, 41, 119, 159, 143, 106, 124, 62, 18, 55, 83, 128, 110, 86, 95, 130, 22, 9, 199, 140, 4, 149, 101, 28, 59, 20, 148, 47, 154, 94, 66, 57, 172, 179, 52, 166, 194, 88, 176, 180, 26, 103, 89, 127, 165, 163, 186, 153, 81, 77, 97, 141, 91, 79, 61, 21, 87, 82, 58, 50, 111, 68, 8, 104, 56, 144, 160, 33, 49, 11, 139, 182, 138, 157, 171, 25, 123, 177, 7, 5]","{'distance': {'initial': 23004, 'final': 23004}, 'objective': {'initial': 0, 'final': 19212}}",23004,23004,0,19212,42216,42216,23004,42216,0,23004,42216,200,TSPB
lab7,hae_op2_ls,85,647651470,110.214618,True,,"[85, 103, 94, 184, 14, 171, 162, 10, 190, 44, 96, 115, 157, 19, 23, 18, 189, 176, 84, 88, 154, 142, 148, 126, 63, 149, 108, 199, 11, 62, 9, 123, 175, 13, 54, 128, 2, 156, 112, 40, 99, 151, 53, 155, 66, 102, 117, 33, 131, 122, 38, 17, 107, 110, 81, 146, 135, 137, 8, 185, 30, 141, 31, 68, 100, 35, 143, 147, 168, 60, 16, 59, 133, 25, 51, 104, 86, 186, 97, 194, 65, 12, 67, 71, 150, 79, 125, 180, 47, 183, 173, 139, 170, 32, 164, 158, 121, 41, 55, 50, 85]","[120, 67, 71, 147, 192, 150, 6, 188, 65, 169, 132, 126, 13, 145, 15, 161, 70, 3, 84, 155, 184, 167, 189, 69, 109, 35, 0, 12, 29, 39, 160, 33, 49, 11, 138, 182, 25, 123, 177, 171, 157, 104, 56, 8, 68, 111, 41, 119, 159, 143, 106, 124, 128, 62, 18, 55, 174, 183, 140, 199, 4, 149, 101, 28, 59, 20, 23, 60, 148, 47, 154, 94, 66, 57, 172, 52, 179, 22, 185, 95, 110, 86, 166, 194, 88, 176, 180, 26, 103, 89, 127, 165, 163, 186, 153, 81, 77, 58, 82, 87, 91, 79, 61, 7, 5, 45, 142, 78, 175, 162, 46, 80, 190, 105, 136, 73, 164, 193, 31, 54, 151, 117, 198, 30, 42, 156, 24, 1, 197, 16, 27, 38, 102, 63, 100, 17, 44, 133, 10, 178, 191, 90, 125, 131, 19, 112, 121, 116, 98, 51, 120]","{'distance': {'initial': 162611, 'final': 22316}, 'objective': {'initial': -138127, 'final': 20083}}",162611,22316,-138127,20083,24484,42399,162611,24484,-138127,22316,42399,232,TSPB
lab7,imhae_2,85,647651470,110.373486,True,,"[85, 103, 94, 184, 14, 171, 162, 10, 190, 44, 96, 115, 157, 19, 23, 18, 189, 176, 84, 88, 154, 142, 148, 126, 63, 149, 108, 199, 11, 62, 9, 123, 175, 13, 54, 128, 2, 156, 112, 40, 99, 151, 53, 155, 66, 102, 117, 33, 131, 122, 38, 17, 107, 110, 81, 146, 135, 137, 8, 185, 30, 141, 31, 68, 100, 35, 143, 147, 168, 60, 16, 59, 133, 25, 51, 104, 86, 186, 97, 194, 65, 12, 67, 71, 150, 79, 125, 180, 47, 183, 173, 139, 170, 32, 164, 158, 121, 41, 55, 50, 85]","[120, 67, 71, 147, 192, 150, 6, 188, 65, 169, 132, 126, 13, 145, 15, 161, 70, 3, 84, 155, 184, 167, 189, 69, 109, 35, 0, 12, 29, 39, 160, 33, 49, 11, 138, 182, 25, 123, 177, 171, 157, 104, 56, 8, 68, 111, 41, 119, 159, 143, 106, 124, 128, 62, 18, 55, 174, 183, 140, 199, 4, 149, 101, 28, 59, 20, 23, 60, 148, 47, 154, 94, 66, 57, 172, 52, 179, 22, 185, 95, 110, 86, 166, 194, 88, 176, 180, 26, 103, 89, 127, 165, 163, 186, 153, 81, 77, 58, 82, 87, 91, 79, 61, 7, 5, 45, 142, 78, 175, 162, 46, 80, 190, 105, 136, 73, 164, 193, 31, 54, 151, 117, 198, 30, 42, 156, 24, 1, 197, 16, 27, 38, 102, 63, 100, 17, 44, 133, 10, 178, 191, 90, 125, 131, 19, 112, 121, 116, 98, 51, 120]","{'distance': {'initial': 162611, 'final': 22316}, 'objective': {'initial': -138127, 'final': 20083}}",162611,22316,-138127,20083,24484,42399,162611,24484,-138127,22316,42399,415,TSPB
lab7,imhae_4,85,647651470,110.490545,True,,"[85, 103, 94, 184, 14, 171, 162, 10, 190, 44, 96, 115, 157, 19, 23, 18, 189, 176, 84, 88, 154, 142, 148, 126, 63, 149, 108, 199, 11, 62, 9, 123, 175, 13, 54, 128, 2, 156, 112, 40, 99, 151, 53, 155, 66, 102, 117, 33, 131, 122, 38, 17, 107, 110, 81, 146, 135, 137, 8, 185, 30, 141, 31, 68, 100, 35, 143, 147, 168, 60, 16, 59, 133, 25, 51, 104, 86, 186, 97, 194, 65, 12, 67, 71, 150, 79, 125, 180, 47, 183, 173, 139, 170, 32, 164, 158, 121, 41, 55, 50, 85]","[120, 67, 71, 147, 192, 150, 6, 188, 65, 169, 132, 126, 13, 145, 15, 161, 70, 3, 84, 155, 184, 167, 189, 69, 109, 35, 0, 12, 29, 39, 160, 33, 49, 11, 138, 182, 25, 123, 177, 171, 157, 104, 56, 8, 68, 111, 41, 119, 159, 143, 106, 124, 128, 62, 18, 55, 174, 183, 140, 199, 4, 149, 101, 28, 59, 20, 23, 60, 148, 47, 154, 94, 66, 57, 172, 52, 179, 22, 185, 95, 110, 86, 166, 194, 88, 176, 180, 26, 103, 89, 127, 165, 163, 186, 153, 81, 77, 58, 82, 87, 91, 79, 61, 7, 5, 45, 142, 78, 175, 162, 46, 80, 190, 105, 136, 73, 164, 193, 31, 54, 151, 117, 198, 30, 42, 156, 24, 1, 197, 16, 27, 38, 102, 63, 100, 17, 44, 133, 10, 178, 191, 90, 125, 131, 19, 112, 121, 116, 98, 51, 120]","{'distance': {'initial': 162611, 'final': 22316}, 'objective': {'initial': -138127, 'final': 20083}}",162611,22316,-138127,20083,24484,42399,162611,24484,-138127,22316,42399,1019,TSPB
lab7,imhae_6,85,647651470,110.537484,True,,"[85, 103, 94, 184, 14, 171, 162, 10, 190, 44, 96, 115, 157, 19, 23, 18, 189, 176, 84, 88, 154, 142, 148, 126, 63, 149, 108, 199, 11, 62, 9, 123, 175, 13, 54, 128, 2, 156, 112, 40, 99, 151, 53, 155, 66, 102, 117, 33, 131, 122, 38, 17, 107, 110, 81, 146, 135, 137, 8, 185, 30, 141, 31, 68, 100, 35, 143, 147, 168, 60, 16, 59, 133, 25, 51, 104, 86, 186, 97, 194, 65, 12, 67, 71, 150, 79, 125, 180, 47, 183, 173, 139, 170, 32, 164, 158, 121, 41, 55, 50, 85]","[120, 67, 71, 147, 192, 150, 6, 188, 65, 169, 132, 126, 13, 145, 15, 161, 70, 3, 84, 155, 184, 167, 189, 69, 109, 35, 0, 12, 29, 39, 160, 33, 49, 11, 138, 182, 25, 123, 177, 171, 157, 104, 56, 8, 68, 111, 41, 119, 159, 143, 106, 124, 128, 62, 18, 55, 174, 183, 140, 199, 4, 149, 101, 28, 59, 20, 23, 60, 148, 47, 154, 94, 66, 57, 172, 52, 179, 22, 185, 95, 110, 86, 166, 194, 88, 176, 180, 26, 103, 89, 127, 165, 163, 186, 153, 81, 77, 58, 82, 87, 91, 79, 61, 7, 5, 45, 142, 78, 175, 162, 46, 80, 190, 105, 136, 73, 164, 193, 31, 54, 151, 117, 198, 30, 42, 156, 24, 1, 197, 16, 27, 38, 102, 63, 100, 17, 44, 133, 10, 178, 191, 90, 125, 131, 19, 112, 121, 116, 98, 51, 120]","{'distance': {'initial': 162611, 'final': 22316}, 'objective': {'initial': -138127, 'final': 20083}}",162611,22316,-138127,20083,24484,42399,162611,24484,-138127,22316,42399,2231,TSPB
lab7,imhae_8,85,647651470,110.393986,True,,"[85, 103, 94, 184, 14, 171, 162, 10, 190, 44, 96, 115, 157, 19, 23, 18, 189, 176, 84, 88, 154, 142, 148, 126, 63, 149, 108, 199, 11, 62, 9, 123, 175, 13, 54, 128, 2, 156, 112, 40, 99, 151, 53, 155, 66, 102, 117, 33, 131, 122, 38, 17, 107, 110, 81, 146, 135, 137, 8, 185, 30, 141, 31, 68, 100, 35, 143, 147, 168, 60, 16, 59, 133, 25, 51, 104, 86, 186, 97, 194, 65, 12, 67, 71, 150, 79, 125, 180, 47, 183, 173, 139, 170, 32, 164, 158, 121, 41, 55, 50, 85]","[120, 67, 71, 147, 192, 150, 6, 188, 65, 169, 132, 126, 13, 145, 15, 161, 70, 3, 84, 155, 184, 167, 189, 69, 109, 35, 0, 12, 29, 39, 160, 33, 49, 11, 138, 182, 25, 123, 177, 171, 157, 104, 56, 8, 68, 111, 41, 119, 159, 143, 106, 124, 128, 62, 18, 55, 174, 183, 140, 199, 4, 149, 101, 28, 59, 20, 23, 60, 148, 47, 154, 94, 66, 57, 172, 52, 179, 22, 185, 95, 110, 86, 166, 194, 88, 176, 180, 26, 103, 89, 127, 165, 163, 186, 153, 81, 77, 58, 82, 87, 91, 79, 61, 7, 5, 45, 142, 78, 175, 162, 46, 80, 190, 105, 136, 73, 164, 193, 31, 54, 151, 117, 198, 30, 42, 156, 24, 1, 197, 16, 27, 38, 102, 63, 100, 17, 44, 133, 10, 178, 191, 90, 125, 131, 19, 112, 121, 116, 98, 51, 120]","{'distance': {'initial': 162611, 'final': 22316}, 'objective': {'initial': -138127, 'final': 20083}}",162611,22316,-138127,20083,24484,42399,162611,24484,-138127,22316,42399,3186,TSPB
lab7,imhae_12,85,647651470,110.865981,True,,"[85, 168, 6, 10, 40, 118, 100, 72, 24, 153, 51, 159, 137, 133, 180, 127, 55, 148, 42, 141, 70, 60, 150, 61, 32, 25, 8, 184, 1, 3, 4, 29, 151, 59, 193, 79, 93, 136, 76, 31, 175, 64, 103, 18, 146, 81, 22, 37, 27, 69, 28, 111, 117, 123, 122, 163, 7, 34, 107, 68, 196, 96, 110, 75, 115, 56, 125, 171, 97, 112, 48, 65, 17, 186, 77, 109, 194, 142, 177, 74, 108, 190, 197, 128, 162, 105, 36, 44, 11, 83, 173, 50, 71, 165, 99, 178, 164, 189, 80, 144, 85]","[6, 150, 192, 147, 115, 178, 10, 133, 44, 17, 100, 63, 102, 38, 27, 16, 197, 1, 24, 156, 42, 30, 198, 117, 151, 54, 31, 193, 164, 73, 136, 105, 190, 80, 46, 162, 175, 78, 142, 45, 5, 7, 61, 79, 91, 141, 97, 77, 58, 82, 87, 8, 68, 144, 56, 104, 157, 171, 177, 123, 25, 158, 116, 121, 112, 19, 131, 125, 90, 191, 71, 67, 120, 51, 98, 85, 2, 139, 182, 138, 11, 49, 33, 160, 39, 29, 12, 0, 109, 35, 37, 111, 41, 143, 159, 119, 153, 186, 163, 165, 127, 89, 103, 26, 180, 176, 88, 194, 166, 86, 185, 22, 179, 52, 172, 57, 66, 94, 154, 47, 148, 60, 23, 20, 59, 28, 101, 149, 4, 199, 140, 183, 174, 95, 110, 128, 124, 62, 18, 55, 34, 170, 152, 53, 184, 155, 167, 189, 145, 15, 3, 70, 161, 13, 126, 132, 169, 65, 188, 6]","{'distance': {'initial': 169120, 'final': 23906}, 'objective': {'initial': -144898, 'final': 20030}}",169120,23906,-144898,20030,24222,43936,169120,24222,-144898,23906,43936,3164,TSPB
lab7,msls,85,691680367,107.772723,True,,"[127, 107, 42, 180, 157, 88, 136, 86, 91, 122, 21, 61, 139, 73, 100, 62, 75, 12, 35, 124, 38, 65, 98, 9, 102, 130, 20, 15, 11, 119, 58, 104, 145, 162, 147, 16, 190, 144, 163, 103, 166, 158, 96, 99, 135, 89, 128, 112, 80, 167, 54, 48, 52, 170, 115, 27, 142, 109, 41, 134, 125, 79, 172, 1, 113, 181, 108, 121, 85, 53, 19, 177, 179, 22, 195, 141, 55, 155, 191, 174, 149, 81, 26, 110, 138, 30, 161, 18, 105, 146, 101, 132, 176, 192, 10, 6, 143, 31, 23, 7, 127]","[127, 103, 26, 180, 176, 88, 194, 166, 86, 185, 22, 179, 52, 172, 57, 66, 94, 154, 47, 148, 20, 59, 28, 101, 149, 4, 199, 140, 183, 174, 95, 110, 128, 124, 62, 18, 55, 34, 170, 152, 53, 184, 155, 167, 189, 3, 70, 161, 15, 145, 195, 126, 13, 132, 169, 65, 188, 6, 150, 192, 147, 115, 178, 10, 133, 44, 17, 100, 63, 102, 38, 27, 16, 197, 1, 24, 156, 42, 30, 198, 117, 151, 54, 31, 193, 164, 73, 136, 105, 190, 80, 46, 162, 45, 142, 175, 78, 5, 123, 25, 158, 19, 112, 121, 131, 125, 90, 191, 71, 67, 120, 51, 98, 85, 2, 139, 11, 49, 160, 33, 138, 182, 157, 171, 177, 7, 61, 79, 91, 141, 97, 77, 58, 50, 111, 68, 8, 82, 87, 104, 56, 144, 39, 29, 12, 0, 109, 35, 37, 41, 143, 159, 119, 153, 186, 163, 89, 165, 127]","{'distance': {'initial': 24266, 'final': 24266}, 'objective': {'initial': 0, 'final': 19278}}",24266,24266,0,19278,43544,43544,24266,43544,0,24266,43544,200,TSPB
lab7,hae_op2_ls,85,691680367,110.129289,True,,"[85, 158, 98, 80, 43, 21, 147, 122, 31, 178, 59, 11, 113, 143, 155, 186, 14, 188, 132, 118, 52, 144, 190, 192, 187, 16, 58, 110, 50, 156, 101, 90, 76, 154, 93, 81, 141, 48, 18, 42, 51, 103, 198, 9, 66, 84, 94, 22, 170, 169, 53, 83, 173, 197, 104, 27, 20, 105, 108, 119, 194, 111, 5, 41, 179, 109, 29, 133, 172, 130, 37, 149, 4, 19, 62, 95, 1, 26, 152, 193, 176, 114, 100, 63, 183, 77, 8, 160, 57, 127, 49, 189, 25, 166, 124, 196, 44, 47, 139, 121, 85]","[8, 68, 111, 41, 119, 159, 143, 106, 124, 128, 62, 18, 55, 174, 183, 140, 199, 4, 149, 101, 28, 59, 20, 148, 47, 154, 94, 66, 57, 172, 52, 179, 22, 185, 95, 110, 86, 166, 194, 88, 176, 180, 26, 103, 89, 127, 165, 163, 186, 153, 97, 77, 58, 82, 87, 91, 79, 61, 7, 5, 45, 142, 78, 175, 162, 46, 80, 190, 105, 136, 73, 164, 193, 31, 54, 151, 117, 198, 30, 42, 156, 24, 1, 197, 16, 27, 38, 102, 63, 100, 17, 44, 133, 10, 178, 191, 90, 125, 120, 67, 71, 147, 192, 150, 6, 188, 65, 169, 132, 13, 126, 195, 145, 15, 3, 161, 70, 84, 155, 184, 167, 189, 69, 109, 35, 0, 12, 29, 39, 160, 33, 49, 138, 182, 11, 139, 2, 85, 98, 51, 116, 121, 112, 19, 158, 25, 123, 177, 171, 157, 104, 56, 8]","{'distance': {'initial': 161089, 'final': 22563}, 'objective': {'initial': -137270, 'final': 19856}}",161089,22563,-137270,19856,23819,42419,161089,23819,-137270,22563,42419,213,TSPB
lab7,imhae_2,85,691680367,110.339117,True,,"[85, 158, 98, 80, 43, 21, 147, 122, 31, 178, 59, 11, 113, 143, 155, 186, 14, 188, 132, 118, 52, 144, 190, 192, 187, 16, 58, 110, 50, 156, 101, 90, 76, 154, 93, 81, 141, 48, 18, 42, 51, 103, 198, 9, 66, 84, 94, 22, 170, 169, 53, 83, 173, 197, 104, 27, 20, 105, 108, 119, 194, 111, 5, 41, 179, 109, 29, 133, 172, 130, 37, 149, 4, 19, 62, 95, 1, 26, 152, 193, 176, 114, 100, 63, 183, 77, 8, 160, 57, 127, 49, 189, 25, 166, 124, 196, 44, 47, 139, 121, 85]","[195, 168, 43, 2, 85, 98, 51, 120, 67, 71, 191, 90, 125, 131, 19, 112, 121, 116, 158, 25, 123, 177, 171, 157, 104, 56, 144, 138, 182, 139, 11, 49, 33, 160, 39, 29, 12, 0, 35, 109, 69, 189, 167, 155, 184, 53, 174, 183, 140, 199, 4, 149, 101, 28, 59, 20, 148, 47, 154, 94, 66, 57, 172, 52, 179, 22, 185, 95, 181, 55, 18, 62, 124, 128, 110, 86, 166, 194, 88, 176, 180, 26, 103, 89, 127, 165, 163, 186, 153, 119, 159, 143, 41, 111, 68, 8, 87, 82, 58, 77, 97, 141, 91, 79, 61, 7, 5, 45, 142, 78, 175, 162, 46, 80, 190, 105, 136, 73, 164, 193, 31, 54, 151, 117, 198, 30, 42, 156, 24, 1, 197, 16, 27, 38, 102, 63, 100, 17, 44, 133, 10, 178, 115, 147, 192, 150, 6, 188, 65, 169, 132, 161, 70, 3, 15, 145, 13, 126, 195]","{'distance': {'initial': 161089, 'final': 23681}, 'objective': {'initial': -137270, 'final': 19910}}",161089,23681,-137270,19910,23819,43591,161089,23819,-137270,23681,43591,391,TSPB
lab7,imhae_4,85,691680367,110.379376,True,,"[85, 48, 100, 186, 185, 45, 68, 28, 57, 131, 127, 174, 51, 153, 190, 76, 193, 125, 102, 62, 40, 22, 194, 86, 82, 148, 77, 2, 164, 74, 53, 191, 103, 109, 87, 183, 181, 116, 81, 176, 169, 178, 23, 126, 89, 151, 96, 26, 19, 179, 1, 97, 94, 24, 17, 177, 63, 60, 67, 21, 35, 39, 8, 37, 9, 149, 92, 50, 158, 36, 84, 114, 128, 66, 54, 133, 55, 42, 105, 79, 61, 156, 27, 197, 180, 12, 73, 198, 18, 107, 113, 199, 33, 154, 132, 144, 0, 146, 70, 6, 85]","[15, 145, 13, 126, 132, 169, 65, 188, 6, 150, 192, 147, 115, 178, 10, 133, 44, 17, 100, 63, 102, 38, 27, 16, 197, 1, 24, 156, 42, 30, 198, 117, 151, 54, 31, 193, 164, 73, 136, 105, 190, 80, 46, 162, 175, 78, 142, 45, 5, 7, 61, 79, 91, 87, 82, 58, 77, 81, 153, 186, 163, 165, 127, 89, 103, 26, 180, 176, 88, 194, 166, 86, 110, 95, 185, 22, 179, 52, 172, 57, 66, 94, 154, 47, 148, 60, 23, 20, 59, 28, 101, 149, 4, 199, 140, 183, 174, 55, 18, 62, 128, 124, 106, 143, 159, 119, 41, 111, 68, 8, 56, 104, 157, 171, 177, 123, 25, 158, 19, 112, 121, 116, 125, 90, 191, 71, 67, 120, 51, 98, 85, 2, 139, 11, 182, 138, 49, 33, 160, 39, 29, 12, 0, 35, 109, 69, 189, 167, 184, 155, 84, 70, 161, 3, 15]","{'distance': {'initial': 179958, 'final': 22788}, 'objective': {'initial': -155422, 'final': 20087}}",179958,22788,-155422,20087,24536,42875,179958,24536,-155422,22788,42875,1008,TSPB
lab7,imhae_6,85,691680367,110.629654,True,,"[85, 48, 100, 186, 185, 45, 68, 28, 57, 131, 127, 174, 51, 153, 190, 76, 193, 125, 102, 62, 40, 22, 194, 86, 82, 148, 77, 2, 164, 74, 53, 191, 103, 109, 87, 183, 181, 116, 81, 176, 169, 178, 23, 126, 89, 151, 96, 26, 19, 179, 1, 97, 94, 24, 17, 177, 63, 60, 67, 21, 35, 39, 8, 37, 9, 149, 92, 50, 158, 36, 84, 114, 128, 66, 54, 133, 55, 42, 105, 79, 61, 156, 27, 197, 180, 12, 73, 198, 18, 107, 113, 199, 33, 154, 132, 144, 0, 146, 70, 6, 85]","[15, 145, 13, 126, 132, 169, 65, 188, 6, 150, 192, 147, 115, 178, 10, 133, 44, 17, 100, 63, 102, 38, 27, 16, 197, 1, 24, 156, 42, 30, 198, 117, 151, 54, 31, 193, 164, 73, 136, 105, 190, 80, 46, 162, 175, 78, 142, 45, 5, 7, 61, 79, 91, 87, 82, 58, 77, 81, 153, 186, 163, 165, 127, 89, 103, 26, 180, 176, 88, 194, 166, 86, 110, 95, 185, 22, 179, 52, 172, 57, 66, 94, 154, 47, 148, 60, 23, 20, 59, 28, 101, 149, 4, 199, 140, 183, 174, 55, 18, 62, 128, 124, 106, 143, 159, 119, 41, 111, 68, 8, 56, 104, 157, 171, 177, 123, 25, 158, 19, 112, 121, 116, 125, 90, 191, 71, 67, 120, 51, 98, 85, 2, 139, 11, 182, 138, 49, 33, 160, 39, 29, 12, 0, 35, 109, 69, 189, 167, 184, 155, 84, 70, 161, 3, 15]","{'distance': {'initial': 179958, 'final': 22788}, 'objective': {'initial': -155422, 'final': 20087}}",179958,22788,-155422,20087,24536,42875,179958,24536,-155422,22788,42875,2256,TSPB
lab7,imhae_8,85,691680367,110.444545,True,,"[85, 48, 100, 186, 185, 45, 68, 28, 57, 131, 127, 174, 51, 153, 190, 76, 193, 125, 102, 62, 40, 22, 194, 86, 82, 148, 77, 2, 164, 74, 53, 191, 103, 109, 87, 183, 181, 116, 81, 176, 169, 178, 23, 126, 89, 151, 96, 26, 19, 179, 1, 97, 94, 24, 17, 177, 63, 60, 67, 21, 35, 39, 8, 37, 9, 149, 92, 50, 158, 36, 84, 114, 128, 66, 54, 133, 55, 42, 105, 79, 61, 156, 27, 197, 180, 12, 73, 198, 18, 107, 113, 199, 33, 154, 132, 144, 0, 146, 70, 6, 85]","[15, 145, 13, 126, 132, 169, 65, 188, 6, 150, 192, 147, 115, 178, 10, 133, 44, 17, 100, 63, 102, 38, 27, 16, 197, 1, 24, 156, 42, 30, 198, 117, 151, 54, 31, 193, 164, 73, 136, 105, 190, 80, 46, 162, 175, 78, 142, 45, 5, 7, 61, 79, 91, 87, 82, 58, 77, 81, 153, 186, 163, 165, 127, 89, 103, 26, 180, 176, 88, 194, 166, 86, 110, 95, 185, 22, 179, 52, 172, 57, 66, 94, 154, 47, 148, 60, 23, 20, 59, 28, 101, 149, 4, 199, 140, 183, 174, 55, 18, 62, 128, 124, 106, 143, 159, 119, 41, 111, 68, 8, 56, 104, 157, 171, 177, 123, 25, 158, 19, 112, 121, 116, 125, 90, 191, 71, 67, 120, 51, 98, 85, 2, 139, 11, 182, 138, 49, 33, 160, 39, 29, 12, 0, 35, 109, 69, 189, 167, 184, 155, 84, 70, 161, 3, 15]","{'distance': {'initial': 179958, 'final': 22788}, 'objective': {'initial': -155422, 'final': 20087}}",179958,22788,-155422,20087,24536,42875,179958,24536,-155422,22788,42875,3174,TSPB
lab7,imhae_12,85,691680367,110.787692,True,,"[85, 48, 100, 186, 185, 45, 68, 28, 57, 131, 127, 174, 51, 153, 190, 76, 193, 125, 102, 62, 40, 22, 194, 86, 82, 148, 77, 2, 164, 74, 53, 191, 103, 109, 87, 183, 181, 116, 81, 176, 169, 178, 23, 126, 89, 151, 96, 26, 19, 179, 1, 97, 94, 24, 17, 177, 63, 60, 67, 21, 35, 39, 8, 37, 9, 149, 92, 50, 158, 36, 84, 114, 128, 66, 54, 133, 55, 42, 105, 79, 61, 156, 27, 197, 180, 12, 73, 198, 18, 107, 113, 199, 33, 154, 132, 144, 0, 146, 70, 6, 85]","[15, 145, 13, 126, 132, 169, 65, 188, 6, 150, 192, 147, 115, 178, 10, 133, 44, 17, 100, 63, 102, 38, 27, 16, 197, 1, 24, 156, 42, 30, 198, 117, 151, 54, 31, 193, 164, 73, 136, 105, 190, 80, 46, 162, 175, 78, 142, 45, 5, 7, 61, 79, 91, 87, 82, 58, 77, 81, 153, 186, 163, 165, 127, 89, 103, 26, 180, 176, 88, 194, 166, 86, 110, 95, 185, 22, 179, 52, 172, 57, 66, 94, 154, 47, 148, 60, 23, 20, 59, 28, 101, 149, 4, 199, 140, 183, 174, 55, 18, 62, 128, 124, 106, 143, 159, 119, 41, 111, 68, 8, 56, 104, 157, 171, 177, 123, 25, 158, 19, 112, 121, 116, 125, 90, 191, 71, 67, 120, 51, 98, 85, 2, 139, 11, 182, 138, 49, 33, 160, 39, 29, 12, 0, 35, 109, 69, 189, 167, 184, 155, 84, 70, 161, 3, 15]","{'distance': {'initial': 179958, 'final': 22788}, 'objective': {'initial': -155422, 'final': 20087}}",179958,22788,-155422,20087,24536,42875,179958,24536,-155422,22788,42875,2919,TSPB
lab7,msls,85,657099353,107.362507,True,,"[70, 88, 148, 36, 66, 184, 65, 127, 140, 45, 109, 174, 20, 8, 125, 93, 102, 145, 32, 57, 135, 39, 89, 83, 46, 157, 197, 38, 198, 97, 187, 150, 133, 103, 76, 21, 118, 3, 30, 131, 52, 120, 180, 60, 173, 188, 74, 141, 43, 178, 87, 158, 193, 165, 23, 136, 17, 28, 5, 124, 196, 117, 121, 91, 143, 144, 153, 64, 13, 114, 9, 68, 101, 98, 129, 183, 191, 79, 95, 138, 72, 172, 151, 82, 155, 77, 99, 113, 49, 12, 73, 110, 63, 78, 71, 56, 132, 94, 15, 137, 70]","[70, 3, 15, 145, 195, 126, 43, 2, 85, 98, 51, 120, 67, 71, 191, 90, 125, 116, 121, 112, 19, 158, 25, 182, 138, 11, 49, 33, 160, 39, 29, 0, 109, 35, 12, 144, 56, 104, 8, 68, 111, 41, 119, 159, 143, 106, 124, 128, 110, 62, 18, 55, 174, 183, 140, 4, 149, 101, 28, 199, 59, 20, 23, 60, 148, 47, 154, 94, 66, 57, 172, 52, 179, 22, 185, 95, 86, 166, 194, 88, 176, 180, 26, 103, 89, 127, 165, 163, 186, 153, 81, 77, 58, 82, 87, 91, 79, 61, 171, 123, 177, 7, 5, 78, 175, 142, 45, 162, 46, 80, 190, 105, 136, 73, 164, 193, 31, 54, 151, 117, 198, 30, 42, 156, 24, 1, 197, 16, 27, 38, 102, 63, 100, 17, 44, 133, 10, 178, 115, 147, 192, 150, 6, 188, 65, 169, 132, 13, 161, 70]","{'distance': {'initial': 22391, 'final': 22391}, 'objective': {'initial': 0, 'final': 19118}}",22391,22391,0,19118,41509,41509,22391,41509,0,22391,41509,200,TSPB
lab7,hae_op2_ls,85,657099353,110.03972,True,,"[85, 0, 29, 75, 177, 162, 125, 118, 147, 24, 67, 138, 55, 182, 166, 82, 158, 57, 135, 189, 170, 59, 60, 63, 181, 124, 95, 149, 139, 37, 80, 174, 48, 13, 104, 32, 194, 142, 137, 110, 151, 39, 15, 94, 195, 76, 184, 83, 106, 79, 28, 46, 9, 131, 143, 20, 121, 31, 196, 197, 78, 161, 185, 165, 25, 66, 156, 107, 175, 113, 169, 58, 154, 77, 187, 126, 160, 136, 101, 108, 157, 102, 2, 105, 42, 89, 193, 61, 71, 128, 116, 111, 70, 18, 199, 144, 74, 52, 8, 73, 85]","[15, 145, 189, 167, 155, 184, 53, 174, 183, 140, 199, 4, 149, 101, 28, 59, 20, 23, 60, 148, 47, 154, 94, 66, 57, 172, 52, 179, 22, 185, 95, 86, 166, 194, 88, 176, 180, 26, 103, 89, 127, 165, 163, 186, 153, 119, 159, 143, 106, 124, 128, 110, 62, 18, 55, 34, 69, 29, 39, 12, 0, 109, 35, 37, 41, 111, 68, 8, 87, 82, 58, 77, 97, 141, 91, 79, 61, 7, 177, 123, 25, 171, 157, 104, 56, 144, 160, 33, 49, 11, 138, 182, 139, 2, 85, 98, 51, 120, 67, 71, 191, 90, 125, 116, 121, 112, 19, 151, 54, 31, 164, 73, 136, 45, 142, 78, 175, 162, 46, 80, 190, 105, 193, 117, 198, 30, 42, 156, 24, 1, 197, 16, 27, 38, 102, 63, 100, 17, 44, 133, 10, 178, 115, 147, 192, 150, 6, 188, 65, 169, 132, 126, 13, 161, 70, 3, 15]","{'distance': {'initial': 167097, 'final': 23641}, 'objective': {'initial': -142855, 'final': 19872}}",167097,23641,-142855,19872,24242,43513,167097,24242,-142855,23641,43513,214,TSPB
lab7,imhae_2,85,657099353,110.163859,True,,"[85, 0, 29, 75, 177, 162, 125, 118, 147, 24, 67, 138, 55, 182, 166, 82, 158, 57, 135, 189, 170, 59, 60, 63, 181, 124, 95, 149, 139, 37, 80, 174, 48, 13, 104, 32, 194, 142, 137, 110, 151, 39, 15, 94, 195, 76, 184, 83, 106, 79, 28, 46, 9, 131, 143, 20, 121, 31, 196, 197, 78, 161, 185, 165, 25, 66, 156, 107, 175, 113, 169, 58, 154, 77, 187, 126, 160, 136, 101, 108, 157, 102, 2, 105, 42, 89, 193, 61, 71, 128, 116, 111, 70, 18, 199, 144, 74, 52, 8, 73, 85]","[15, 145, 189, 167, 155, 184, 53, 174, 183, 140, 199, 4, 149, 101, 28, 59, 20, 23, 60, 148, 47, 154, 94, 66, 57, 172, 52, 179, 22, 185, 95, 86, 166, 194, 88, 176, 180, 26, 103, 89, 127, 165, 163, 186, 153, 119, 159, 143, 106, 124, 128, 110, 62, 18, 55, 34, 69, 29, 39, 12, 0, 109, 35, 37, 41, 111, 68, 8, 87, 82, 58, 77, 97, 141, 91, 79, 61, 7, 177, 123, 25, 171, 157, 104, 56, 144, 160, 33, 49, 11, 138, 182, 139, 2, 85, 98, 51, 120, 67, 71, 191, 90, 125, 116, 121, 112, 19, 151, 54, 31, 164, 73, 136, 45, 142, 78, 175, 162, 46, 80, 190, 105, 193, 117, 198, 30, 42, 156, 24, 1, 197, 16, 27, 38, 102, 63, 100, 17, 44, 133, 10, 178, 115, 147, 192, 150, 6, 188, 65, 169, 132, 126, 13, 161, 70, 3, 15]","{'distance': {'initial': 167097, 'final': 23641}, 'objective': {'initial': -142855, 'final': 19872}}",167097,23641,-142855,19872,24242,43513,167097,24242,-142855,23641,43513,388,TSPB
lab7,imhae_4,85,657099353,110.325737,True,,"[85, 99, 187, 114, 28, 38, 108, 89, 50, 74, 101, 138, 134, 8, 49, 168, 79, 156, 120, 176, 83, 144, 107, 140, 6, 68, 164, 161, 92, 17, 185, 115, 148, 1, 169, 141, 165, 102, 32, 75, 182, 162, 160, 7, 143, 30, 44, 145, 13, 63, 76, 56, 26, 9, 10, 173, 43, 12, 113, 31, 61, 175, 150, 177, 73, 51, 35, 69, 112, 16, 93, 70, 25, 111, 178, 0, 14, 53, 95, 98, 88, 184, 153, 52, 78, 86, 91, 163, 186, 71, 11, 19, 146, 39, 62, 22, 126, 199, 48, 27, 85]","[192, 150, 6, 188, 65, 169, 132, 126, 13, 145, 15, 3, 161, 70, 84, 155, 184, 167, 189, 69, 109, 35, 0, 12, 39, 29, 49, 33, 160, 144, 56, 104, 8, 68, 111, 41, 119, 159, 143, 106, 124, 128, 62, 18, 55, 174, 183, 140, 199, 4, 149, 101, 28, 59, 20, 23, 60, 148, 47, 154, 94, 66, 57, 172, 52, 179, 22, 185, 95, 110, 86, 166, 194, 88, 176, 180, 26, 103, 89, 127, 165, 163, 186, 153, 81, 77, 58, 82, 87, 91, 79, 61, 7, 5, 45, 142, 78, 175, 162, 46, 80, 190, 105, 136, 73, 164, 193, 31, 54, 151, 117, 198, 30, 42, 156, 24, 1, 197, 16, 27, 38, 102, 63, 100, 17, 44, 133, 10, 178, 90, 125, 191, 71, 67, 120, 51, 98, 116, 121, 112, 19, 158, 25, 123, 177, 171, 157, 138, 182, 11, 139, 2, 85, 192]","{'distance': {'initial': 164488, 'final': 22726}, 'objective': {'initial': -140243, 'final': 20091}}",164488,22726,-140243,20091,24245,42817,164488,24245,-140243,22726,42817,1002,TSPB
lab7,imhae_6,85,657099353,110.417366,True,,"[85, 99, 187, 114, 28, 38, 108, 89, 50, 74, 101, 138, 134, 8, 49, 168, 79, 156, 120, 176, 83, 144, 107, 140, 6, 68, 164, 161, 92, 17, 185, 115, 148, 1, 169, 141, 165, 102, 32, 75, 182, 162, 160, 7, 143, 30, 44, 145, 13, 63, 76, 56, 26, 9, 10, 173, 43, 12, 113, 31, 61, 175, 150, 177, 73, 51, 35, 69, 112, 16, 93, 70, 25, 111, 178, 0, 14, 53, 95, 98, 88, 184, 153, 52, 78, 86, 91, 163, 186, 71, 11, 19, 146, 39, 62, 22, 126, 199, 48, 27, 85]","[192, 150, 6, 188, 65, 169, 132, 126, 13, 145, 15, 3, 161, 70, 84, 155, 184, 167, 189, 69, 109, 35, 0, 12, 39, 29, 49, 33, 160, 144, 56, 104, 8, 68, 111, 41, 119, 159, 143, 106, 124, 128, 62, 18, 55, 174, 183, 140, 199, 4, 149, 101, 28, 59, 20, 23, 60, 148, 47, 154, 94, 66, 57, 172, 52, 179, 22, 185, 95, 110, 86, 166, 194, 88, 176, 180, 26, 103, 89, 127, 165, 163, 186, 153, 81, 77, 58, 82, 87, 91, 79, 61, 7, 5, 45, 142, 78, 175, 162, 46, 80, 190, 105, 136, 73, 164, 193, 31, 54, 151, 117, 198, 30, 42, 156, 24, 1, 197, 16, 27, 38, 102, 63, 100, 17, 44, 133, 10, 178, 90, 125, 191, 71, 67, 120, 51, 98, 116, 121, 112, 19, 158, 25, 123, 177, 171, 157, 138, 182, 11, 139, 2, 85, 192]","{'distance': {'initial': 164488, 'final': 22726}, 'objective': {'initial': -140243, 'final': 20091}}",164488,22726,-140243,20091,24245,42817,164488,24245,-140243,22726,42817,2244,TSPB
lab7,imhae_8,85,657099353,110.619593,True,,"[85, 99, 187, 114, 28, 38, 108, 89, 50, 74, 101, 138, 134, 8, 49, 168, 79, 156, 120, 176, 83, 144, 107, 140, 6, 68, 164, 161, 92, 17, 185, 115, 148, 1, 169, 141, 165, 102, 32, 75, 182, 162, 160, 7, 143, 30, 44, 145, 13, 63, 76, 56, 26, 9, 10, 173, 43, 12, 113, 31, 61, 175, 150, 177, 73, 51, 35, 69, 112, 16, 93, 70, 25, 111, 178, 0, 14, 53, 95, 98, 88, 184, 153, 52, 78, 86, 91, 163, 186, 71, 11, 19, 146, 39, 62, 22, 126, 199, 48, 27, 85]","[192, 150, 6, 188, 65, 169, 132, 126, 13, 145, 15, 3, 161, 70, 84, 155, 184, 167, 189, 69, 109, 35, 0, 12, 39, 29, 49, 33, 160, 144, 56, 104, 8, 68, 111, 41, 119, 159, 143, 106, 124, 128, 62, 18, 55, 174, 183, 140, 199, 4, 149, 101, 28, 59, 20, 23, 60, 148, 47, 154, 94, 66, 57, 172, 52, 179, 22, 185, 95, 110, 86, 166, 194, 88, 176, 180, 26, 103, 89, 127, 165, 163, 186, 153, 81, 77, 58, 82, 87, 91, 79, 61, 7, 5, 45, 142, 78, 175, 162, 46, 80, 190, 105, 136, 73, 164, 193, 31, 54, 151, 117, 198, 30, 42, 156, 24, 1, 197, 16, 27, 38, 102, 63, 100, 17, 44, 133, 10, 178, 90, 125, 191, 71, 67, 120, 51, 98, 116, 121, 112, 19, 158, 25, 123, 177, 171, 157, 138, 182, 11, 139, 2, 85, 192]","{'distance': {'initial': 164488, 'final': 22726}, 'objective': {'initial': -140243, 'final': 20091}}",164488,22726,-140243,20091,24245,42817,164488,24245,-140243,22726,42817,3151,TSPB
lab7,imhae_12,85,657099353,110.815891,True,,"[85, 155, 65, 148, 163, 193, 164, 167, 153, 37, 187, 159, 107, 197, 186, 18, 66, 80, 126, 59, 24, 194, 87, 15, 76, 74, 177, 175, 109, 105, 94, 96, 13, 79, 47, 93, 103, 123, 136, 122, 36, 165, 4, 106, 198, 9, 168, 116, 176, 154, 83, 156, 157, 188, 21, 145, 195, 48, 57, 44, 138, 8, 7, 196, 29, 134, 150, 182, 124, 62, 120, 171, 139, 55, 135, 30, 56, 190, 6, 61, 178, 95, 141, 115, 181, 185, 1, 70, 179, 121, 199, 84, 50, 19, 52, 0, 53, 129, 41, 172, 85]","[102, 63, 100, 17, 44, 133, 10, 178, 191, 90, 125, 131, 19, 112, 121, 116, 98, 51, 120, 67, 71, 147, 192, 150, 6, 188, 65, 169, 132, 126, 13, 145, 15, 3, 161, 70, 84, 155, 184, 167, 189, 69, 109, 35, 0, 12, 29, 39, 160, 33, 49, 11, 139, 182, 138, 157, 104, 56, 8, 68, 111, 41, 119, 159, 143, 106, 124, 128, 62, 18, 55, 174, 183, 140, 199, 4, 149, 101, 28, 59, 20, 23, 60, 148, 47, 154, 94, 66, 57, 172, 52, 179, 22, 185, 95, 110, 86, 166, 194, 88, 176, 180, 26, 103, 89, 127, 165, 163, 186, 153, 81, 77, 58, 82, 87, 91, 79, 61, 7, 177, 171, 25, 123, 5, 45, 142, 78, 175, 162, 46, 80, 190, 105, 136, 73, 164, 193, 31, 54, 151, 117, 198, 30, 42, 156, 24, 1, 197, 16, 27, 38, 102]","{'distance': {'initial': 165652, 'final': 22573}, 'objective': {'initial': -141889, 'final': 19948}}",165652,22573,-141889,19948,23763,42521,165652,23763,-141889,22573,42521,3237,TSPB
lab7,msls,85,1142192430,106.961921,True,,"[155, 117, 39, 141, 158, 20, 104, 43, 77, 19, 70, 186, 51, 165, 45, 12, 143, 108, 50, 36, 116, 176, 133, 188, 52, 147, 10, 149, 162, 64, 114, 173, 137, 120, 192, 189, 111, 115, 71, 183, 168, 127, 140, 193, 178, 113, 47, 181, 54, 53, 119, 26, 130, 42, 194, 112, 15, 160, 46, 14, 21, 122, 9, 136, 87, 33, 30, 129, 179, 81, 27, 128, 182, 41, 195, 166, 156, 3, 101, 161, 40, 170, 31, 24, 61, 134, 57, 38, 66, 131, 100, 146, 23, 102, 91, 75, 60, 184, 62, 174, 155]","[155, 167, 189, 145, 15, 3, 70, 161, 132, 13, 126, 169, 65, 188, 6, 150, 192, 85, 2, 74, 118, 98, 51, 125, 120, 67, 71, 191, 90, 178, 10, 133, 44, 17, 100, 63, 102, 38, 27, 16, 197, 1, 24, 156, 42, 30, 198, 117, 193, 31, 164, 73, 54, 151, 19, 112, 121, 116, 158, 25, 123, 173, 136, 105, 190, 80, 46, 162, 175, 78, 142, 45, 5, 177, 7, 61, 79, 91, 87, 171, 157, 104, 56, 144, 160, 33, 138, 182, 139, 11, 49, 29, 39, 12, 0, 109, 35, 37, 41, 111, 68, 8, 82, 58, 77, 81, 153, 186, 163, 89, 165, 127, 137, 114, 103, 26, 180, 176, 88, 194, 166, 86, 110, 128, 106, 119, 159, 143, 124, 62, 18, 55, 174, 183, 140, 9, 95, 185, 22, 179, 52, 172, 57, 66, 94, 154, 47, 148, 60, 23, 20, 59, 199, 28, 101, 149, 4, 53, 184, 155]","{'distance': {'initial': 24623, 'final': 24623}, 'objective': {'initial': 0, 'final': 19197}}",24623,24623,0,19197,43820,43820,24623,43820,0,24623,43820,200,TSPB
lab7,hae_op2_ls,85,1142192430,110.207478,True,,"[85, 98, 64, 107, 108, 187, 41, 78, 18, 70, 15, 81, 0, 151, 122, 25, 163, 182, 170, 195, 103, 174, 21, 124, 23, 155, 20, 131, 168, 60, 176, 53, 198, 11, 152, 6, 102, 97, 132, 129, 136, 95, 127, 105, 185, 171, 87, 16, 32, 67, 50, 92, 8, 88, 5, 193, 27, 39, 153, 93, 17, 101, 72, 173, 59, 154, 19, 65, 177, 69, 58, 30, 118, 51, 162, 112, 56, 106, 116, 36, 37, 35, 138, 148, 109, 192, 80, 115, 160, 166, 55, 181, 42, 125, 110, 10, 184, 83, 38, 164, 85]","[39, 12, 0, 35, 109, 69, 189, 167, 184, 155, 84, 70, 161, 3, 15, 145, 13, 126, 132, 169, 65, 188, 6, 150, 192, 147, 71, 67, 120, 51, 98, 85, 2, 139, 11, 182, 138, 157, 171, 25, 158, 19, 112, 121, 116, 125, 90, 191, 178, 10, 133, 44, 17, 100, 63, 102, 38, 27, 16, 197, 1, 24, 156, 42, 30, 198, 117, 151, 54, 31, 193, 164, 73, 136, 105, 190, 80, 46, 162, 175, 78, 142, 45, 5, 123, 177, 7, 61, 79, 91, 87, 82, 58, 77, 81, 153, 186, 163, 165, 127, 89, 103, 26, 180, 176, 88, 194, 166, 86, 110, 95, 185, 22, 179, 52, 172, 57, 66, 94, 154, 47, 148, 20, 59, 28, 101, 149, 4, 199, 140, 183, 174, 55, 18, 62, 128, 124, 106, 143, 159, 119, 41, 111, 68, 8, 104, 56, 144, 160, 33, 49, 29, 39]","{'distance': {'initial': 159637, 'final': 22683}, 'objective': {'initial': -136562, 'final': 19795}}",159637,22683,-136562,19795,23075,42478,159637,23075,-136562,22683,42478,214,TSPB
lab7,imhae_2,85,1142192430,110.454355,True,,"[85, 98, 64, 107, 108, 187, 41, 78, 18, 70, 15, 81, 0, 151, 122, 25, 163, 182, 170, 195, 103, 174, 21, 124, 23, 155, 20, 131, 168, 60, 176, 53, 198, 11, 152, 6, 102, 97, 132, 129, 136, 95, 127, 105, 185, 171, 87, 16, 32, 67, 50, 92, 8, 88, 5, 193, 27, 39, 153, 93, 17, 101, 72, 173, 59, 154, 19, 65, 177, 69, 58, 30, 118, 51, 162, 112, 56, 106, 116, 36, 37, 35, 138, 148, 109, 192, 80, 115, 160, 166, 55, 181, 42, 125, 110, 10, 184, 83, 38, 164, 85]","[39, 12, 0, 35, 109, 69, 189, 167, 184, 155, 84, 70, 161, 3, 15, 145, 13, 126, 132, 169, 65, 188, 6, 150, 192, 147, 71, 67, 120, 51, 98, 85, 2, 139, 11, 182, 138, 157, 171, 25, 158, 19, 112, 121, 116, 125, 90, 191, 178, 10, 133, 44, 17, 100, 63, 102, 38, 27, 16, 197, 1, 24, 156, 42, 30, 198, 117, 151, 54, 31, 193, 164, 73, 136, 105, 190, 80, 46, 162, 175, 78, 142, 45, 5, 123, 177, 7, 61, 79, 91, 87, 82, 58, 77, 81, 153, 186, 163, 165, 127, 89, 103, 26, 180, 176, 88, 194, 166, 86, 110, 95, 185, 22, 179, 52, 172, 57, 66, 94, 154, 47, 148, 20, 59, 28, 101, 149, 4, 199, 140, 183, 174, 55, 18, 62, 128, 124, 106, 143, 159, 119, 41, 111, 68, 8, 104, 56, 144, 160, 33, 49, 29, 39]","{'distance': {'initial': 159637, 'final': 22683}, 'objective': {'initial': -136562, 'final': 19795}}",159637,22683,-136562,19795,23075,42478,159637,23075,-136562,22683,42478,384,TSPB
lab7,imhae_4,85,1142192430,110.564074,True,,"[85, 18, 40, 54, 51, 61, 117, 124, 16, 157, 95, 142, 24, 86, 113, 175, 132, 116, 103, 130, 79, 179, 152, 2, 184, 82, 6, 106, 195, 128, 17, 28, 0, 58, 56, 98, 99, 97, 36, 183, 173, 60, 151, 177, 155, 105, 114, 22, 59, 109, 76, 57, 88, 91, 50, 146, 19, 68, 140, 138, 193, 147, 101, 107, 104, 131, 166, 102, 7, 5, 44, 70, 172, 20, 135, 81, 171, 38, 32, 84, 110, 185, 123, 39, 64, 67, 158, 63, 75, 96, 192, 163, 141, 162, 178, 65, 25, 55, 53, 111, 85]","[56, 104, 157, 171, 25, 158, 19, 112, 121, 131, 125, 90, 191, 71, 67, 120, 51, 98, 85, 2, 139, 11, 182, 138, 49, 33, 160, 39, 29, 12, 0, 35, 109, 69, 189, 167, 184, 155, 84, 3, 70, 161, 15, 145, 195, 126, 13, 132, 169, 65, 188, 6, 150, 192, 147, 115, 178, 10, 133, 44, 17, 100, 63, 102, 38, 27, 16, 197, 1, 24, 156, 42, 30, 198, 117, 151, 54, 31, 193, 164, 73, 136, 105, 190, 80, 46, 162, 175, 78, 142, 45, 5, 123, 177, 7, 61, 79, 91, 87, 82, 58, 77, 81, 153, 186, 163, 165, 127, 89, 103, 26, 180, 176, 88, 194, 166, 86, 110, 95, 185, 22, 179, 52, 172, 57, 66, 94, 154, 47, 148, 20, 59, 28, 101, 149, 4, 199, 140, 183, 174, 55, 18, 62, 128, 124, 106, 143, 159, 119, 41, 111, 68, 8, 56]","{'distance': {'initial': 167993, 'final': 22818}, 'objective': {'initial': -144912, 'final': 19912}}",167993,22818,-144912,19912,23081,42730,167993,23081,-144912,22818,42730,961,TSPB
lab7,imhae_6,85,1142192430,110.444995,True,,"[85, 18, 40, 54, 51, 61, 117, 124, 16, 157, 95, 142, 24, 86, 113, 175, 132, 116, 103, 130, 79, 179, 152, 2, 184, 82, 6, 106, 195, 128, 17, 28, 0, 58, 56, 98, 99, 97, 36, 183, 173, 60, 151, 177, 155, 105, 114, 22, 59, 109, 76, 57, 88, 91, 50, 146, 19, 68, 140, 138, 193, 147, 101, 107, 104, 131, 166, 102, 7, 5, 44, 70, 172, 20, 135, 81, 171, 38, 32, 84, 110, 185, 123, 39, 64, 67, 158, 63, 75, 96, 192, 163, 141, 162, 178, 65, 25, 55, 53, 111, 85]","[56, 104, 157, 171, 25, 158, 19, 112, 121, 131, 125, 90, 191, 71, 67, 120, 51, 98, 85, 2, 139, 11, 182, 138, 49, 33, 160, 39, 29, 12, 0, 35, 109, 69, 189, 167, 184, 155, 84, 3, 70, 161, 15, 145, 195, 126, 13, 132, 169, 65, 188, 6, 150, 192, 147, 115, 178, 10, 133, 44, 17, 100, 63, 102, 38, 27, 16, 197, 1, 24, 156, 42, 30, 198, 117, 151, 54, 31, 193, 164, 73, 136, 105, 190, 80, 46, 162, 175, 78, 142, 45, 5, 123, 177, 7, 61, 79, 91, 87, 82, 58, 77, 81, 153, 186, 163, 165, 127, 89, 103, 26, 180, 176, 88, 194, 166, 86, 110, 95, 185, 22, 179, 52, 172, 57, 66, 94, 154, 47, 148, 20, 59, 28, 101, 149, 4, 199, 140, 183, 174, 55, 18, 62, 128, 124, 106, 143, 159, 119, 41, 111, 68, 8, 56]","{'distance': {'initial': 167993, 'final': 22818}, 'objective': {'initial': -144912, 'final': 19912}}",167993,22818,-144912,19912,23081,42730,167993,23081,-144912,22818,42730,2183,TSPB
lab7,imhae_8,85,1142192430,110.443985,True,,"[85, 18, 40, 54, 51, 61, 117, 124, 16, 157, 95, 142, 24, 86, 113, 175, 132, 116, 103, 130, 79, 179, 152, 2, 184, 82, 6, 106, 195, 128, 17, 28, 0, 58, 56, 98, 99, 97, 36, 183, 173, 60, 151, 177, 155, 105, 114, 22, 59, 109, 76, 57, 88, 91, 50, 146, 19, 68, 140, 138, 193, 147, 101, 107, 104, 131, 166, 102, 7, 5, 44, 70, 172, 20, 135, 81, 171, 38, 32, 84, 110, 185, 123, 39, 64, 67, 158, 63, 75, 96, 192, 163, 141, 162, 178, 65, 25, 55, 53, 111, 85]","[56, 104, 157, 171, 25, 158, 19, 112, 121, 131, 125, 90, 191, 71, 67, 120, 51, 98, 85, 2, 139, 11, 182, 138, 49, 33, 160, 39, 29, 12, 0, 35, 109, 69, 189, 167, 184, 155, 84, 3, 70, 161, 15, 145, 195, 126, 13, 132, 169, 65, 188, 6, 150, 192, 147, 115, 178, 10, 133, 44, 17, 100, 63, 102, 38, 27, 16, 197, 1, 24, 156, 42, 30, 198, 117, 151, 54, 31, 193, 164, 73, 136, 105, 190, 80, 46, 162, 175, 78, 142, 45, 5, 123, 177, 7, 61, 79, 91, 87, 82, 58, 77, 81, 153, 186, 163, 165, 127, 89, 103, 26, 180, 176, 88, 194, 166, 86, 110, 95, 185, 22, 179, 52, 172, 57, 66, 94, 154, 47, 148, 20, 59, 28, 101, 149, 4, 199, 140, 183, 174, 55, 18, 62, 128, 124, 106, 143, 159, 119, 41, 111, 68, 8, 56]","{'distance': {'initial': 167993, 'final': 22818}, 'objective': {'initial': -144912, 'final': 19912}}",167993,22818,-144912,19912,23081,42730,167993,23081,-144912,22818,42730,3139,TSPB
lab7,imhae_12,85,1142192430,110.753462,True,,"[85, 41, 140, 194, 133, 168, 154, 5, 67, 114, 161, 110, 59, 95, 196, 186, 190, 74, 112, 98, 197, 104, 105, 0, 132, 139, 121, 92, 175, 152, 25, 80, 20, 13, 109, 135, 47, 147, 96, 182, 126, 107, 103, 87, 55, 16, 53, 164, 101, 160, 15, 177, 195, 131, 136, 35, 178, 146, 157, 181, 50, 170, 118, 12, 77, 193, 171, 116, 198, 2, 7, 100, 88, 28, 64, 86, 18, 46, 199, 156, 106, 6, 79, 44, 122, 43, 134, 123, 82, 90, 158, 99, 94, 73, 34, 185, 191, 29, 11, 56, 85]","[62, 18, 55, 174, 183, 140, 4, 149, 101, 28, 199, 59, 20, 23, 60, 148, 47, 154, 94, 66, 57, 172, 52, 179, 22, 185, 95, 110, 86, 166, 194, 88, 176, 180, 26, 103, 89, 127, 165, 163, 186, 153, 81, 77, 58, 82, 87, 91, 79, 61, 7, 5, 45, 142, 78, 175, 162, 46, 80, 190, 105, 136, 73, 164, 31, 54, 193, 117, 198, 30, 42, 156, 24, 1, 197, 16, 27, 38, 102, 63, 100, 17, 44, 133, 10, 178, 191, 90, 125, 131, 151, 19, 112, 121, 116, 98, 51, 120, 67, 71, 147, 192, 150, 6, 188, 65, 169, 132, 13, 126, 195, 145, 15, 3, 161, 70, 84, 155, 184, 167, 189, 69, 109, 35, 0, 12, 29, 39, 160, 33, 49, 11, 138, 182, 25, 123, 177, 171, 157, 104, 56, 8, 68, 111, 41, 119, 159, 143, 106, 124, 128, 62]","{'distance': {'initial': 161439, 'final': 22526}, 'objective': {'initial': -139083, 'final': 19958}}",161439,22526,-139083,19958,22356,42484,161439,22356,-139083,22526,42484,2872,TSPB
lab7,msls,85,1817737901,110.145899,True,,"[164, 16, 30, 64, 25, 10, 81, 165, 82, 5, 11, 1, 39, 120, 88, 153, 41, 135, 69, 161, 61, 22, 14, 55, 86, 35, 139, 50, 124, 37, 91, 65, 103, 23, 155, 194, 122, 118, 189, 113, 172, 38, 160, 13, 163, 156, 80, 63, 104, 114, 107, 43, 60, 147, 196, 157, 78, 15, 29, 7, 2, 152, 99, 190, 188, 68, 75, 162, 166, 184, 140, 148, 19, 178, 121, 42, 128, 126, 136, 31, 123, 119, 170, 62, 32, 199, 146, 98, 97, 73, 134, 115, 133, 154, 142, 76, 46, 108, 193, 20, 164]","[164, 193, 31, 54, 151, 117, 198, 30, 42, 156, 24, 1, 197, 16, 27, 38, 102, 63, 100, 17, 44, 133, 10, 178, 191, 90, 125, 51, 120, 67, 71, 147, 192, 150, 6, 188, 65, 169, 132, 126, 13, 145, 15, 3, 161, 70, 84, 155, 184, 167, 189, 69, 29, 39, 12, 0, 109, 35, 37, 111, 68, 8, 82, 58, 50, 14, 41, 119, 159, 143, 106, 124, 128, 62, 18, 55, 174, 183, 9, 199, 140, 4, 149, 101, 28, 59, 20, 148, 47, 154, 94, 66, 57, 172, 52, 179, 22, 185, 95, 86, 110, 64, 176, 180, 88, 194, 166, 48, 76, 75, 137, 114, 26, 103, 89, 127, 165, 163, 186, 153, 81, 77, 97, 141, 91, 79, 61, 21, 87, 171, 157, 104, 56, 144, 160, 33, 49, 11, 138, 182, 139, 2, 85, 98, 116, 121, 112, 19, 158, 25, 123, 177, 7, 5, 45, 142, 78, 175, 162, 46, 80, 190, 105, 136, 73, 164]","{'distance': {'initial': 25391, 'final': 25391}, 'objective': {'initial': 0, 'final': 19363}}",25391,25391,0,19363,44754,44754,25391,44754,0,25391,44754,200,TSPB
lab7,hae_op2_ls,85,1817737901,110.175718,True,,"[85, 102, 185, 131, 125, 137, 30, 122, 189, 49, 112, 2, 66, 90, 98, 103, 9, 97, 24, 74, 118, 119, 198, 27, 107, 181, 100, 126, 196, 83, 13, 130, 169, 75, 6, 17, 44, 65, 59, 101, 31, 170, 52, 12, 133, 58, 168, 38, 186, 172, 35, 86, 96, 92, 123, 33, 11, 71, 10, 195, 5, 76, 42, 40, 105, 18, 120, 23, 79, 138, 188, 143, 14, 62, 68, 115, 153, 197, 63, 171, 41, 155, 184, 43, 36, 148, 64, 173, 89, 158, 88, 150, 26, 139, 15, 116, 132, 167, 37, 160, 85]","[142, 45, 5, 123, 177, 7, 61, 79, 91, 141, 97, 77, 58, 82, 87, 8, 104, 56, 144, 68, 111, 41, 143, 159, 119, 153, 186, 163, 165, 127, 89, 103, 26, 180, 176, 88, 194, 166, 86, 110, 128, 124, 62, 18, 55, 174, 183, 140, 199, 9, 95, 185, 22, 179, 52, 172, 57, 66, 94, 154, 47, 148, 20, 59, 28, 101, 149, 4, 53, 184, 155, 167, 189, 69, 109, 35, 0, 12, 29, 39, 160, 33, 49, 11, 139, 182, 138, 157, 171, 25, 158, 19, 112, 121, 116, 98, 51, 125, 90, 191, 71, 67, 120, 85, 2, 43, 168, 195, 126, 13, 145, 15, 3, 70, 161, 132, 169, 65, 188, 6, 150, 192, 147, 115, 178, 10, 133, 44, 17, 100, 63, 102, 38, 27, 16, 197, 1, 24, 156, 42, 30, 198, 117, 151, 54, 31, 193, 164, 73, 136, 105, 190, 80, 46, 162, 175, 78, 142]","{'distance': {'initial': 163432, 'final': 23645}, 'objective': {'initial': -139755, 'final': 19755}}",163432,23645,-139755,19755,23677,43400,163432,23677,-139755,23645,43400,201,TSPB
lab7,imhae_2,85,1817737901,110.502415,True,,"[85, 63, 88, 17, 71, 127, 55, 87, 149, 152, 125, 98, 3, 150, 83, 112, 53, 7, 52, 56, 32, 161, 69, 81, 59, 89, 60, 62, 31, 67, 77, 8, 43, 168, 101, 61, 117, 19, 162, 154, 148, 143, 110, 94, 10, 155, 185, 40, 14, 74, 144, 169, 76, 160, 132, 47, 177, 191, 197, 111, 118, 93, 54, 159, 68, 199, 90, 82, 45, 106, 6, 129, 48, 133, 44, 64, 58, 140, 189, 84, 5, 65, 193, 138, 176, 35, 72, 26, 139, 115, 164, 92, 23, 29, 30, 119, 108, 11, 28, 134, 85]","[3, 15, 145, 195, 126, 13, 132, 169, 65, 188, 6, 150, 192, 147, 71, 67, 120, 51, 98, 116, 121, 112, 19, 131, 125, 90, 191, 178, 10, 133, 44, 17, 100, 63, 102, 38, 27, 16, 197, 1, 24, 156, 42, 30, 198, 117, 151, 54, 31, 193, 164, 73, 136, 105, 190, 80, 46, 162, 175, 78, 142, 45, 5, 7, 61, 79, 91, 87, 82, 58, 77, 50, 14, 81, 153, 186, 163, 89, 165, 127, 103, 26, 180, 176, 88, 194, 166, 86, 110, 95, 185, 22, 179, 52, 172, 57, 66, 94, 154, 47, 148, 20, 59, 28, 101, 149, 4, 199, 140, 183, 174, 55, 18, 62, 128, 124, 106, 143, 159, 119, 41, 111, 68, 8, 56, 104, 157, 171, 177, 123, 25, 182, 138, 11, 49, 33, 160, 39, 29, 12, 0, 35, 109, 69, 189, 167, 184, 155, 84, 70, 161, 3]","{'distance': {'initial': 168815, 'final': 22347}, 'objective': {'initial': -145266, 'final': 19903}}",168815,22347,-145266,19903,23549,42250,168815,23549,-145266,22347,42250,395,TSPB
lab7,imhae_4,85,1817737901,110.564095,True,,"[85, 1, 24, 136, 0, 67, 101, 135, 47, 42, 199, 36, 82, 168, 99, 196, 29, 60, 88, 105, 63, 98, 186, 15, 57, 192, 142, 134, 64, 38, 167, 106, 130, 51, 58, 184, 52, 12, 143, 79, 180, 77, 32, 31, 193, 191, 149, 141, 123, 37, 73, 127, 45, 169, 160, 195, 163, 100, 87, 71, 46, 179, 61, 65, 17, 104, 175, 190, 173, 49, 33, 151, 35, 112, 188, 125, 11, 50, 126, 3, 48, 9, 158, 55, 172, 156, 109, 18, 181, 84, 91, 159, 170, 69, 66, 27, 133, 166, 198, 6, 85]","[20, 59, 28, 101, 149, 4, 199, 140, 183, 174, 53, 184, 155, 84, 70, 161, 3, 15, 145, 13, 126, 132, 169, 65, 188, 6, 150, 192, 147, 115, 178, 10, 133, 44, 17, 100, 63, 102, 38, 27, 16, 197, 1, 24, 156, 42, 30, 198, 117, 151, 54, 31, 193, 164, 73, 136, 105, 190, 80, 46, 162, 175, 78, 142, 45, 5, 7, 61, 79, 91, 87, 82, 58, 77, 50, 14, 41, 111, 68, 8, 56, 104, 157, 171, 177, 123, 25, 158, 116, 121, 112, 19, 131, 125, 90, 191, 71, 67, 120, 51, 98, 85, 2, 139, 182, 138, 11, 49, 33, 160, 39, 29, 12, 0, 35, 109, 69, 189, 167, 34, 55, 18, 62, 128, 124, 106, 143, 159, 119, 153, 186, 163, 165, 127, 89, 103, 26, 180, 176, 88, 194, 166, 86, 110, 95, 185, 22, 179, 52, 172, 57, 66, 94, 154, 47, 148, 60, 23, 20]","{'distance': {'initial': 165123, 'final': 23814}, 'objective': {'initial': -140528, 'final': 20054}}",165123,23814,-140528,20054,24595,43868,165123,24595,-140528,23814,43868,966,TSPB
lab7,imhae_6,85,1817737901,110.506165,True,,"[85, 1, 24, 136, 0, 67, 101, 135, 47, 42, 199, 36, 82, 168, 99, 196, 29, 60, 88, 105, 63, 98, 186, 15, 57, 192, 142, 134, 64, 38, 167, 106, 130, 51, 58, 184, 52, 12, 143, 79, 180, 77, 32, 31, 193, 191, 149, 141, 123, 37, 73, 127, 45, 169, 160, 195, 163, 100, 87, 71, 46, 179, 61, 65, 17, 104, 175, 190, 173, 49, 33, 151, 35, 112, 188, 125, 11, 50, 126, 3, 48, 9, 158, 55, 172, 156, 109, 18, 181, 84, 91, 159, 170, 69, 66, 27, 133, 166, 198, 6, 85]","[20, 59, 28, 101, 149, 4, 199, 140, 183, 174, 53, 184, 155, 84, 70, 161, 3, 15, 145, 13, 126, 132, 169, 65, 188, 6, 150, 192, 147, 115, 178, 10, 133, 44, 17, 100, 63, 102, 38, 27, 16, 197, 1, 24, 156, 42, 30, 198, 117, 151, 54, 31, 193, 164, 73, 136, 105, 190, 80, 46, 162, 175, 78, 142, 45, 5, 7, 61, 79, 91, 87, 82, 58, 77, 50, 14, 41, 111, 68, 8, 56, 104, 157, 171, 177, 123, 25, 158, 116, 121, 112, 19, 131, 125, 90, 191, 71, 67, 120, 51, 98, 85, 2, 139, 182, 138, 11, 49, 33, 160, 39, 29, 12, 0, 35, 109, 69, 189, 167, 34, 55, 18, 62, 128, 124, 106, 143, 159, 119, 153, 186, 163, 165, 127, 89, 103, 26, 180, 176, 88, 194, 166, 86, 110, 95, 185, 22, 179, 52, 172, 57, 66, 94, 154, 47, 148, 60, 23, 20]","{'distance': {'initial': 165123, 'final': 23814}, 'objective': {'initial': -140528, 'final': 20054}}",165123,23814,-140528,20054,24595,43868,165123,24595,-140528,23814,43868,2176,TSPB
lab7,imhae_8,85,1817737901,110.435935,True,,"[85, 1, 24, 136, 0, 67, 101, 135, 47, 42, 199, 36, 82, 168, 99, 196, 29, 60, 88, 105, 63, 98, 186, 15, 57, 192, 142, 134, 64, 38, 167, 106, 130, 51, 58, 184, 52, 12, 143, 79, 180, 77, 32, 31, 193, 191, 149, 141, 123, 37, 73, 127, 45, 169, 160, 195, 163, 100, 87, 71, 46, 179, 61, 65, 17, 104, 175, 190, 173, 49, 33, 151, 35, 112, 188, 125, 11, 50, 126, 3, 48, 9, 158, 55, 172, 156, 109, 18, 181, 84, 91, 159, 170, 69, 66, 27, 133, 166, 198, 6, 85]","[20, 59, 28, 101, 149, 4, 199, 140, 183, 174, 53, 184, 155, 84, 70, 161, 3, 15, 145, 13, 126, 132, 169, 65, 188, 6, 150, 192, 147, 115, 178, 10, 133, 44, 17, 100, 63, 102, 38, 27, 16, 197, 1, 24, 156, 42, 30, 198, 117, 151, 54, 31, 193, 164, 73, 136, 105, 190, 80, 46, 162, 175, 78, 142, 45, 5, 7, 61, 79, 91, 87, 82, 58, 77, 50, 14, 41, 111, 68, 8, 56, 104, 157, 171, 177, 123, 25, 158, 116, 121, 112, 19, 131, 125, 90, 191, 71, 67, 120, 51, 98, 85, 2, 139, 182, 138, 11, 49, 33, 160, 39, 29, 12, 0, 35, 109, 69, 189, 167, 34, 55, 18, 62, 128, 124, 106, 143, 159, 119, 153, 186, 163, 165, 127, 89, 103, 26, 180, 176, 88, 194, 166, 86, 110, 95, 185, 22, 179, 52, 172, 57, 66, 94, 154, 47, 148, 60, 23, 20]","{'distance': {'initial': 165123, 'final': 23814}, 'objective': {'initial': -140528, 'final': 20054}}",165123,23814,-140528,20054,24595,43868,165123,24595,-140528,23814,43868,3634,TSPB
lab7,imhae_12,85,1817737901,111.0642,True,,"[85, 102, 103, 11, 14, 97, 153, 90, 130, 89, 7, 64, 23, 66, 88, 161, 13, 22, 169, 196, 69, 168, 158, 159, 140, 105, 148, 19, 73, 165, 8, 129, 163, 20, 100, 60, 171, 122, 187, 65, 189, 177, 2, 119, 166, 27, 92, 199, 37, 110, 67, 195, 121, 94, 74, 1, 186, 50, 99, 135, 123, 185, 152, 46, 32, 44, 52, 4, 172, 16, 192, 176, 25, 59, 63, 76, 157, 24, 61, 175, 71, 39, 137, 38, 56, 87, 198, 147, 86, 160, 139, 170, 12, 62, 106, 127, 58, 112, 75, 109, 85]","[148, 47, 154, 94, 66, 57, 172, 52, 179, 22, 185, 95, 110, 86, 166, 194, 88, 176, 180, 26, 103, 89, 127, 165, 163, 186, 153, 81, 77, 58, 82, 87, 91, 79, 61, 7, 5, 45, 142, 78, 175, 162, 46, 80, 190, 105, 136, 73, 164, 193, 31, 54, 151, 117, 198, 30, 42, 156, 24, 1, 197, 16, 27, 38, 102, 63, 100, 17, 44, 133, 10, 178, 191, 90, 125, 131, 19, 112, 121, 116, 98, 51, 120, 67, 71, 147, 192, 150, 6, 188, 65, 169, 132, 126, 13, 161, 70, 3, 15, 145, 189, 167, 69, 109, 35, 0, 12, 29, 39, 160, 33, 49, 11, 138, 182, 25, 123, 177, 171, 157, 104, 56, 8, 68, 111, 41, 119, 159, 143, 106, 124, 128, 62, 18, 55, 174, 183, 140, 199, 4, 149, 101, 28, 59, 20, 23, 60, 148]","{'distance': {'initial': 171532, 'final': 21836}, 'objective': {'initial': -147559, 'final': 20006}}",171532,21836,-147559,20006,23973,41842,171532,23973,-147559,21836,41842,3661,TSPB
lab7,msls,85,764256717,108.004561,True,,"[15, 67, 104, 55, 9, 29, 132, 1, 81, 47, 170, 73, 18, 164, 71, 146, 16, 80, 61, 2, 84, 6, 137, 64, 198, 114, 93, 90, 101, 135, 88, 13, 155, 171, 77, 156, 58, 111, 53, 96, 158, 157, 145, 181, 21, 59, 23, 106, 3, 26, 141, 138, 86, 25, 37, 109, 196, 185, 144, 179, 169, 154, 57, 83, 19, 44, 39, 102, 173, 92, 194, 122, 190, 91, 17, 139, 7, 177, 184, 105, 117, 24, 36, 126, 66, 116, 160, 152, 124, 107, 199, 38, 4, 14, 28, 119, 142, 175, 94, 189, 15]","[15, 145, 13, 126, 43, 2, 85, 98, 51, 116, 121, 112, 19, 151, 198, 30, 117, 193, 54, 31, 164, 73, 173, 123, 177, 171, 25, 182, 138, 11, 49, 33, 160, 144, 56, 104, 8, 68, 111, 41, 37, 35, 109, 0, 12, 39, 29, 69, 189, 167, 155, 184, 53, 174, 183, 140, 199, 4, 149, 101, 28, 59, 20, 23, 60, 148, 47, 154, 94, 66, 57, 172, 52, 179, 22, 130, 95, 181, 55, 18, 62, 143, 159, 119, 106, 124, 128, 110, 86, 166, 194, 88, 176, 180, 26, 103, 114, 137, 127, 165, 89, 163, 186, 153, 97, 77, 58, 82, 87, 91, 79, 61, 7, 5, 45, 142, 78, 175, 162, 46, 80, 190, 136, 105, 196, 42, 156, 24, 1, 197, 16, 27, 38, 102, 63, 100, 17, 44, 133, 10, 178, 191, 90, 125, 120, 67, 71, 147, 192, 150, 6, 188, 65, 169, 132, 161, 70, 3, 15]","{'distance': {'initial': 24482, 'final': 24482}, 'objective': {'initial': 0, 'final': 19224}}",24482,24482,0,19224,43706,43706,24482,43706,0,24482,43706,200,TSPB
lab7,hae_op2_ls,85,764256717,110.064859,True,,"[85, 131, 14, 194, 15, 9, 6, 185, 152, 172, 29, 96, 16, 110, 115, 159, 134, 173, 198, 12, 160, 19, 2, 119, 39, 80, 18, 55, 65, 74, 40, 174, 42, 3, 127, 132, 191, 17, 51, 99, 100, 188, 104, 146, 120, 180, 32, 181, 171, 148, 105, 113, 53, 44, 168, 158, 91, 26, 22, 21, 63, 37, 187, 166, 43, 59, 165, 68, 61, 25, 179, 122, 138, 156, 28, 135, 92, 186, 75, 58, 81, 169, 0, 56, 20, 112, 50, 197, 151, 48, 103, 155, 147, 47, 178, 144, 154, 70, 34, 111, 85]","[143, 159, 119, 153, 186, 163, 165, 127, 89, 103, 26, 180, 176, 88, 194, 166, 86, 110, 128, 124, 62, 18, 55, 174, 183, 140, 199, 9, 95, 185, 22, 179, 52, 172, 57, 66, 94, 154, 47, 148, 20, 59, 28, 101, 149, 4, 53, 184, 155, 167, 189, 69, 109, 35, 0, 12, 29, 39, 160, 33, 49, 11, 139, 182, 138, 157, 171, 177, 123, 25, 158, 19, 112, 121, 131, 125, 90, 191, 71, 67, 120, 51, 98, 85, 2, 43, 126, 13, 145, 15, 3, 70, 161, 132, 169, 65, 188, 6, 150, 192, 147, 115, 178, 10, 133, 44, 17, 100, 63, 102, 38, 27, 16, 197, 1, 24, 156, 42, 30, 198, 117, 151, 54, 31, 193, 164, 73, 136, 105, 190, 80, 46, 162, 175, 78, 142, 45, 5, 7, 61, 79, 91, 141, 97, 77, 58, 82, 87, 8, 104, 56, 144, 68, 111, 41, 143]","{'distance': {'initial': 170520, 'final': 23593}, 'objective': {'initial': -148603, 'final': 19916}}",170520,23593,-148603,19916,21917,43509,170520,21917,-148603,23593,43509,213,TSPB
lab7,imhae_2,85,764256717,110.581924,True,,"[85, 131, 14, 194, 15, 9, 6, 185, 152, 172, 29, 96, 16, 110, 115, 159, 134, 173, 198, 12, 160, 19, 2, 119, 39, 80, 18, 55, 65, 74, 40, 174, 42, 3, 127, 132, 191, 17, 51, 99, 100, 188, 104, 146, 120, 180, 32, 181, 171, 148, 105, 113, 53, 44, 168, 158, 91, 26, 22, 21, 63, 37, 187, 166, 43, 59, 165, 68, 61, 25, 179, 122, 138, 156, 28, 135, 92, 186, 75, 58, 81, 169, 0, 56, 20, 112, 50, 197, 151, 48, 103, 155, 147, 47, 178, 144, 154, 70, 34, 111, 85]","[143, 159, 119, 153, 186, 163, 165, 127, 89, 103, 26, 180, 176, 88, 194, 166, 86, 110, 128, 124, 62, 18, 55, 174, 183, 140, 199, 9, 95, 185, 22, 179, 52, 172, 57, 66, 94, 154, 47, 148, 20, 59, 28, 101, 149, 4, 53, 184, 155, 167, 189, 69, 109, 35, 0, 12, 29, 39, 160, 33, 49, 11, 139, 182, 138, 157, 171, 177, 123, 25, 158, 19, 112, 121, 131, 125, 90, 191, 71, 67, 120, 51, 98, 85, 2, 43, 126, 13, 145, 15, 3, 70, 161, 132, 169, 65, 188, 6, 150, 192, 147, 115, 178, 10, 133, 44, 17, 100, 63, 102, 38, 27, 16, 197, 1, 24, 156, 42, 30, 198, 117, 151, 54, 31, 193, 164, 73, 136, 105, 190, 80, 46, 162, 175, 78, 142, 45, 5, 7, 61, 79, 91, 141, 97, 77, 58, 82, 87, 8, 104, 56, 144, 68, 111, 41, 143]","{'distance': {'initial': 170520, 'final': 23593}, 'objective': {'initial': -148603, 'final': 19916}}",170520,23593,-148603,19916,21917,43509,170520,21917,-148603,23593,43509,395,TSPB
lab7,imhae_4,85,764256717,110.464665,True,,"[85, 33, 90, 171, 36, 188, 180, 93, 194, 127, 131, 134, 44, 137, 112, 43, 41, 78, 189, 169, 77, 115, 1, 192, 195, 157, 19, 83, 69, 97, 139, 170, 117, 111, 88, 82, 37, 30, 22, 73, 48, 91, 152, 104, 50, 100, 21, 76, 178, 196, 166, 46, 98, 27, 12, 55, 168, 71, 23, 138, 153, 32, 86, 135, 125, 124, 190, 29, 160, 142, 175, 144, 133, 102, 146, 53, 68, 176, 173, 3, 129, 106, 25, 187, 179, 110, 42, 92, 49, 96, 79, 81, 154, 116, 114, 165, 198, 120, 47, 156, 85]","[169, 132, 13, 126, 195, 145, 15, 3, 161, 70, 84, 155, 184, 167, 189, 69, 109, 35, 0, 12, 39, 29, 49, 33, 160, 144, 56, 104, 8, 68, 111, 41, 119, 159, 143, 106, 124, 128, 62, 18, 55, 174, 183, 140, 199, 4, 149, 101, 28, 59, 20, 23, 60, 148, 47, 154, 94, 66, 57, 172, 52, 179, 22, 185, 95, 110, 86, 166, 194, 88, 176, 180, 26, 103, 89, 127, 165, 163, 186, 153, 81, 77, 58, 82, 87, 91, 79, 61, 7, 5, 45, 142, 78, 175, 162, 46, 80, 190, 105, 136, 73, 164, 193, 31, 54, 151, 117, 198, 30, 42, 156, 24, 1, 197, 16, 27, 38, 102, 63, 100, 17, 44, 133, 10, 178, 90, 125, 191, 71, 67, 120, 51, 98, 116, 121, 112, 19, 158, 25, 123, 177, 171, 157, 138, 182, 11, 139, 2, 85, 192, 150, 6, 188, 65, 169]","{'distance': {'initial': 166829, 'final': 22807}, 'objective': {'initial': -144189, 'final': 20095}}",166829,22807,-144189,20095,22640,42902,166829,22640,-144189,22807,42902,1001,TSPB
lab7,imhae_6,85,764256717,110.461285,True,,"[85, 33, 90, 171, 36, 188, 180, 93, 194, 127, 131, 134, 44, 137, 112, 43, 41, 78, 189, 169, 77, 115, 1, 192, 195, 157, 19, 83, 69, 97, 139, 170, 117, 111, 88, 82, 37, 30, 22, 73, 48, 91, 152, 104, 50, 100, 21, 76, 178, 196, 166, 46, 98, 27, 12, 55, 168, 71, 23, 138, 153, 32, 86, 135, 125, 124, 190, 29, 160, 142, 175, 144, 133, 102, 146, 53, 68, 176, 173, 3, 129, 106, 25, 187, 179, 110, 42, 92, 49, 96, 79, 81, 154, 116, 114, 165, 198, 120, 47, 156, 85]","[169, 132, 13, 126, 195, 145, 15, 3, 161, 70, 84, 155, 184, 167, 189, 69, 109, 35, 0, 12, 39, 29, 49, 33, 160, 144, 56, 104, 8, 68, 111, 41, 119, 159, 143, 106, 124, 128, 62, 18, 55, 174, 183, 140, 199, 4, 149, 101, 28, 59, 20, 23, 60, 148, 47, 154, 94, 66, 57, 172, 52, 179, 22, 185, 95, 110, 86, 166, 194, 88, 176, 180, 26, 103, 89, 127, 165, 163, 186, 153, 81, 77, 58, 82, 87, 91, 79, 61, 7, 5, 45, 142, 78, 175, 162, 46, 80, 190, 105, 136, 73, 164, 193, 31, 54, 151, 117, 198, 30, 42, 156, 24, 1, 197, 16, 27, 38, 102, 63, 100, 17, 44, 133, 10, 178, 90, 125, 191, 71, 67, 120, 51, 98, 116, 121, 112, 19, 158, 25, 123, 177, 171, 157, 138, 182, 11, 139, 2, 85, 192, 150, 6, 188, 65, 169]","{'distance': {'initial': 166829, 'final': 22807}, 'objective': {'initial': -144189, 'final': 20095}}",166829,22807,-144189,20095,22640,42902,166829,22640,-144189,22807,42902,2214,TSPB
lab7,imhae_8,85,764256717,110.628244,True,,"[85, 33, 90, 171, 36, 188, 180, 93, 194, 127, 131, 134, 44, 137, 112, 43, 41, 78, 189, 169, 77, 115, 1, 192, 195, 157, 19, 83, 69, 97, 139, 170, 117, 111, 88, 82, 37, 30, 22, 73, 48, 91, 152, 104, 50, 100, 21, 76, 178, 196, 166, 46, 98, 27, 12, 55, 168, 71, 23, 138, 153, 32, 86, 135, 125, 124, 190, 29, 160, 142, 175, 144, 133, 102, 146, 53, 68, 176, 173, 3, 129, 106, 25, 187, 179, 110, 42, 92, 49, 96, 79, 81, 154, 116, 114, 165, 198, 120, 47, 156, 85]","[169, 132, 13, 126, 195, 145, 15, 3, 161, 70, 84, 155, 184, 167, 189, 69, 109, 35, 0, 12, 39, 29, 49, 33, 160, 144, 56, 104, 8, 68, 111, 41, 119, 159, 143, 106, 124, 128, 62, 18, 55, 174, 183, 140, 199, 4, 149, 101, 28, 59, 20, 23, 60, 148, 47, 154, 94, 66, 57, 172, 52, 179, 22, 185, 95, 110, 86, 166, 194, 88, 176, 180, 26, 103, 89, 127, 165, 163, 186, 153, 81, 77, 58, 82, 87, 91, 79, 61, 7, 5, 45, 142, 78, 175, 162, 46, 80, 190, 105, 136, 73, 164, 193, 31, 54, 151, 117, 198, 30, 42, 156, 24, 1, 197, 16, 27, 38, 102, 63, 100, 17, 44, 133, 10, 178, 90, 125, 191, 71, 67, 120, 51, 98, 116, 121, 112, 19, 158, 25, 123, 177, 171, 157, 138, 182, 11, 139, 2, 85, 192, 150, 6, 188, 65, 169]","{'distance': {'initial': 166829, 'final': 22807}, 'objective': {'initial': -144189, 'final': 20095}}",166829,22807,-144189,20095,22640,42902,166829,22640,-144189,22807,42902,3153,TSPB
lab7,imhae_12,85,764256717,110.730383,True,,"[85, 33, 90, 171, 36, 188, 180, 93, 194, 127, 131, 134, 44, 137, 112, 43, 41, 78, 189, 169, 77, 115, 1, 192, 195, 157, 19, 83, 69, 97, 139, 170, 117, 111, 88, 82, 37, 30, 22, 73, 48, 91, 152, 104, 50, 100, 21, 76, 178, 196, 166, 46, 98, 27, 12, 55, 168, 71, 23, 138, 153, 32, 86, 135, 125, 124, 190, 29, 160, 142, 175, 144, 133, 102, 146, 53, 68, 176, 173, 3, 129, 106, 25, 187, 179, 110, 42, 92, 49, 96, 79, 81, 154, 116, 114, 165, 198, 120, 47, 156, 85]","[169, 132, 13, 126, 195, 145, 15, 3, 161, 70, 84, 155, 184, 167, 189, 69, 109, 35, 0, 12, 39, 29, 49, 33, 160, 144, 56, 104, 8, 68, 111, 41, 119, 159, 143, 106, 124, 128, 62, 18, 55, 174, 183, 140, 199, 4, 149, 101, 28, 59, 20, 23, 60, 148, 47, 154, 94, 66, 57, 172, 52, 179, 22, 185, 95, 110, 86, 166, 194, 88, 176, 180, 26, 103, 89, 127, 165, 163, 186, 153, 81, 77, 58, 82, 87, 91, 79, 61, 7, 5, 45, 142, 78, 175, 162, 46, 80, 190, 105, 136, 73, 164, 193, 31, 54, 151, 117, 198, 30, 42, 156, 24, 1, 197, 16, 27, 38, 102, 63, 100, 17, 44, 133, 10, 178, 90, 125, 191, 71, 67, 120, 51, 98, 116, 121, 112, 19, 158, 25, 123, 177, 171, 157, 138, 182, 11, 139, 2, 85, 192, 150, 6, 188, 65, 169]","{'distance': {'initial': 166829, 'final': 22807}, 'objective': {'initial': -144189, 'final': 20095}}",166829,22807,-144189,20095,22640,42902,166829,22640,-144189,22807,42902,2985,TSPB
lab7,msls,85,1964499638,108.271467,True,,"[106, 112, 38, 102, 71, 49, 56, 62, 59, 116, 199, 115, 154, 186, 35, 168, 198, 126, 189, 132, 43, 40, 25, 140, 18, 159, 20, 32, 51, 64, 123, 7, 11, 68, 27, 134, 6, 185, 66, 96, 130, 69, 173, 92, 165, 26, 169, 193, 61, 75, 196, 45, 114, 4, 37, 73, 88, 98, 142, 9, 36, 42, 104, 172, 163, 167, 183, 194, 91, 155, 118, 170, 60, 191, 39, 97, 10, 150, 2, 190, 195, 178, 125, 83, 138, 48, 70, 117, 57, 82, 0, 94, 153, 72, 160, 124, 136, 133, 129, 184, 106]","[106, 119, 159, 143, 35, 12, 39, 29, 0, 109, 69, 189, 167, 184, 155, 84, 3, 70, 161, 15, 145, 195, 126, 13, 132, 169, 65, 188, 6, 150, 192, 147, 71, 67, 120, 51, 125, 90, 191, 178, 10, 133, 44, 17, 100, 63, 96, 32, 102, 38, 27, 16, 197, 1, 131, 121, 112, 19, 151, 54, 117, 30, 198, 24, 156, 42, 196, 193, 31, 164, 73, 136, 105, 190, 80, 46, 162, 175, 78, 142, 45, 5, 7, 177, 123, 25, 171, 157, 138, 182, 74, 118, 98, 85, 2, 139, 11, 49, 33, 160, 144, 56, 104, 8, 68, 111, 41, 14, 50, 58, 82, 87, 21, 61, 79, 91, 141, 97, 77, 81, 153, 186, 163, 89, 165, 127, 103, 26, 180, 176, 88, 194, 166, 86, 95, 130, 22, 179, 52, 172, 57, 66, 94, 154, 47, 148, 60, 23, 20, 59, 28, 101, 149, 4, 199, 140, 183, 174, 55, 18, 62, 110, 128, 124, 106]","{'distance': {'initial': 24844, 'final': 24844}, 'objective': {'initial': 0, 'final': 19262}}",24844,24844,0,19262,44106,44106,24844,44106,0,24844,44106,200,TSPB
lab7,hae_op2_ls,85,1964499638,110.125958,True,,"[85, 180, 60, 22, 124, 135, 84, 159, 58, 87, 39, 25, 6, 13, 74, 72, 57, 12, 131, 0, 127, 16, 155, 89, 147, 152, 181, 150, 100, 167, 45, 122, 11, 103, 4, 24, 71, 62, 197, 185, 17, 111, 50, 113, 86, 157, 97, 67, 153, 36, 105, 138, 54, 162, 128, 174, 93, 56, 38, 104, 132, 133, 188, 76, 151, 139, 109, 191, 9, 195, 146, 120, 117, 101, 66, 77, 116, 158, 10, 18, 143, 80, 78, 63, 198, 130, 183, 187, 199, 142, 81, 184, 43, 140, 141, 126, 96, 136, 47, 64, 85]","[142, 45, 5, 7, 61, 79, 91, 87, 82, 58, 77, 81, 153, 186, 163, 165, 127, 89, 103, 26, 180, 176, 88, 194, 166, 86, 110, 95, 185, 22, 179, 52, 172, 57, 66, 94, 154, 47, 148, 20, 59, 28, 101, 149, 4, 199, 140, 183, 174, 55, 18, 62, 128, 124, 106, 143, 159, 119, 41, 111, 68, 8, 56, 104, 157, 171, 177, 123, 25, 158, 116, 121, 112, 19, 131, 125, 90, 191, 71, 67, 120, 51, 98, 85, 2, 139, 11, 182, 138, 49, 33, 160, 39, 29, 12, 0, 35, 109, 69, 189, 167, 184, 155, 84, 70, 161, 3, 15, 145, 195, 126, 13, 132, 169, 65, 188, 6, 150, 192, 147, 115, 178, 10, 133, 44, 17, 100, 63, 102, 38, 27, 16, 197, 1, 24, 156, 42, 30, 198, 117, 151, 54, 31, 193, 164, 73, 136, 105, 190, 80, 46, 162, 175, 78, 142]","{'distance': {'initial': 161670, 'final': 22848}, 'objective': {'initial': -138702, 'final': 20045}}",161670,22848,-138702,20045,22968,42893,161670,22968,-138702,22848,42893,213,TSPB
lab7,imhae_2,85,1964499638,110.226717,True,,"[85, 180, 60, 22, 124, 135, 84, 159, 58, 87, 39, 25, 6, 13, 74, 72, 57, 12, 131, 0, 127, 16, 155, 89, 147, 152, 181, 150, 100, 167, 45, 122, 11, 103, 4, 24, 71, 62, 197, 185, 17, 111, 50, 113, 86, 157, 97, 67, 153, 36, 105, 138, 54, 162, 128, 174, 93, 56, 38, 104, 132, 133, 188, 76, 151, 139, 109, 191, 9, 195, 146, 120, 117, 101, 66, 77, 116, 158, 10, 18, 143, 80, 78, 63, 198, 130, 183, 187, 199, 142, 81, 184, 43, 140, 141, 126, 96, 136, 47, 64, 85]","[142, 45, 5, 7, 61, 79, 91, 87, 82, 58, 77, 81, 153, 186, 163, 165, 127, 89, 103, 26, 180, 176, 88, 194, 166, 86, 110, 95, 185, 22, 179, 52, 172, 57, 66, 94, 154, 47, 148, 20, 59, 28, 101, 149, 4, 199, 140, 183, 174, 55, 18, 62, 128, 124, 106, 143, 159, 119, 41, 111, 68, 8, 56, 104, 157, 171, 177, 123, 25, 158, 116, 121, 112, 19, 131, 125, 90, 191, 71, 67, 120, 51, 98, 85, 2, 139, 11, 182, 138, 49, 33, 160, 39, 29, 12, 0, 35, 109, 69, 189, 167, 184, 155, 84, 70, 161, 3, 15, 145, 195, 126, 13, 132, 169, 65, 188, 6, 150, 192, 147, 115, 178, 10, 133, 44, 17, 100, 63, 102, 38, 27, 16, 197, 1, 24, 156, 42, 30, 198, 117, 151, 54, 31, 193, 164, 73, 136, 105, 190, 80, 46, 162, 175, 78, 142]","{'distance': {'initial': 161670, 'final': 22848}, 'objective': {'initial': -138702, 'final': 20045}}",161670,22848,-138702,20045,22968,42893,161670,22968,-138702,22848,42893,388,TSPB
lab7,imhae_4,85,1964499638,110.486565,True,,"[85, 180, 60, 22, 124, 135, 84, 159, 58, 87, 39, 25, 6, 13, 74, 72, 57, 12, 131, 0, 127, 16, 155, 89, 147, 152, 181, 150, 100, 167, 45, 122, 11, 103, 4, 24, 71, 62, 197, 185, 17, 111, 50, 113, 86, 157, 97, 67, 153, 36, 105, 138, 54, 162, 128, 174, 93, 56, 38, 104, 132, 133, 188, 76, 151, 139, 109, 191, 9, 195, 146, 120, 117, 101, 66, 77, 116, 158, 10, 18, 143, 80, 78, 63, 198, 130, 183, 187, 199, 142, 81, 184, 43, 140, 141, 126, 96, 136, 47, 64, 85]","[142, 45, 5, 7, 61, 79, 91, 87, 82, 58, 77, 81, 153, 186, 163, 165, 127, 89, 103, 26, 180, 176, 88, 194, 166, 86, 110, 95, 185, 22, 179, 52, 172, 57, 66, 94, 154, 47, 148, 20, 59, 28, 101, 149, 4, 199, 140, 183, 174, 55, 18, 62, 128, 124, 106, 143, 159, 119, 41, 111, 68, 8, 56, 104, 157, 171, 177, 123, 25, 158, 116, 121, 112, 19, 131, 125, 90, 191, 71, 67, 120, 51, 98, 85, 2, 139, 11, 182, 138, 49, 33, 160, 39, 29, 12, 0, 35, 109, 69, 189, 167, 184, 155, 84, 70, 161, 3, 15, 145, 195, 126, 13, 132, 169, 65, 188, 6, 150, 192, 147, 115, 178, 10, 133, 44, 17, 100, 63, 102, 38, 27, 16, 197, 1, 24, 156, 42, 30, 198, 117, 151, 54, 31, 193, 164, 73, 136, 105, 190, 80, 46, 162, 175, 78, 142]","{'distance': {'initial': 161670, 'final': 22848}, 'objective': {'initial': -138702, 'final': 20045}}",161670,22848,-138702,20045,22968,42893,161670,22968,-138702,22848,42893,973,TSPB
lab7,imhae_6,85,1964499638,110.527485,True,,"[85, 180, 60, 22, 124, 135, 84, 159, 58, 87, 39, 25, 6, 13, 74, 72, 57, 12, 131, 0, 127, 16, 155, 89, 147, 152, 181, 150, 100, 167, 45, 122, 11, 103, 4, 24, 71, 62, 197, 185, 17, 111, 50, 113, 86, 157, 97, 67, 153, 36, 105, 138, 54, 162, 128, 174, 93, 56, 38, 104, 132, 133, 188, 76, 151, 139, 109, 191, 9, 195, 146, 120, 117, 101, 66, 77, 116, 158, 10, 18, 143, 80, 78, 63, 198, 130, 183, 187, 199, 142, 81, 184, 43, 140, 141, 126, 96, 136, 47, 64, 85]","[142, 45, 5, 7, 61, 79, 91, 87, 82, 58, 77, 81, 153, 186, 163, 165, 127, 89, 103, 26, 180, 176, 88, 194, 166, 86, 110, 95, 185, 22, 179, 52, 172, 57, 66, 94, 154, 47, 148, 20, 59, 28, 101, 149, 4, 199, 140, 183, 174, 55, 18, 62, 128, 124, 106, 143, 159, 119, 41, 111, 68, 8, 56, 104, 157, 171, 177, 123, 25, 158, 116, 121, 112, 19, 131, 125, 90, 191, 71, 67, 120, 51, 98, 85, 2, 139, 11, 182, 138, 49, 33, 160, 39, 29, 12, 0, 35, 109, 69, 189, 167, 184, 155, 84, 70, 161, 3, 15, 145, 195, 126, 13, 132, 169, 65, 188, 6, 150, 192, 147, 115, 178, 10, 133, 44, 17, 100, 63, 102, 38, 27, 16, 197, 1, 24, 156, 42, 30, 198, 117, 151, 54, 31, 193, 164, 73, 136, 105, 190, 80, 46, 162, 175, 78, 142]","{'distance': {'initial': 161670, 'final': 22848}, 'objective': {'initial': -138702, 'final': 20045}}",161670,22848,-138702,20045,22968,42893,161670,22968,-138702,22848,42893,2132,TSPB
lab7,imhae_8,85,1964499638,110.509775,True,,"[85, 180, 60, 22, 124, 135, 84, 159, 58, 87, 39, 25, 6, 13, 74, 72, 57, 12, 131, 0, 127, 16, 155, 89, 147, 152, 181, 150, 100, 167, 45, 122, 11, 103, 4, 24, 71, 62, 197, 185, 17, 111, 50, 113, 86, 157, 97, 67, 153, 36, 105, 138, 54, 162, 128, 174, 93, 56, 38, 104, 132, 133, 188, 76, 151, 139, 109, 191, 9, 195, 146, 120, 117, 101, 66, 77, 116, 158, 10, 18, 143, 80, 78, 63, 198, 130, 183, 187, 199, 142, 81, 184, 43, 140, 141, 126, 96, 136, 47, 64, 85]","[142, 45, 5, 7, 61, 79, 91, 87, 82, 58, 77, 81, 153, 186, 163, 165, 127, 89, 103, 26, 180, 176, 88, 194, 166, 86, 110, 95, 185, 22, 179, 52, 172, 57, 66, 94, 154, 47, 148, 20, 59, 28, 101, 149, 4, 199, 140, 183, 174, 55, 18, 62, 128, 124, 106, 143, 159, 119, 41, 111, 68, 8, 56, 104, 157, 171, 177, 123, 25, 158, 116, 121, 112, 19, 131, 125, 90, 191, 71, 67, 120, 51, 98, 85, 2, 139, 11, 182, 138, 49, 33, 160, 39, 29, 12, 0, 35, 109, 69, 189, 167, 184, 155, 84, 70, 161, 3, 15, 145, 195, 126, 13, 132, 169, 65, 188, 6, 150, 192, 147, 115, 178, 10, 133, 44, 17, 100, 63, 102, 38, 27, 16, 197, 1, 24, 156, 42, 30, 198, 117, 151, 54, 31, 193, 164, 73, 136, 105, 190, 80, 46, 162, 175, 78, 142]","{'distance': {'initial': 161670, 'final': 22848}, 'objective': {'initial': -138702, 'final': 20045}}",161670,22848,-138702,20045,22968,42893,161670,22968,-138702,22848,42893,3095,TSPB
lab7,imhae_12,85,1964499638,110.798772,True,,"[85, 2, 182, 138, 157, 104, 56, 144, 12, 0, 35, 109, 29, 39, 160, 33, 49, 11, 139, 168, 195, 126, 13, 132, 169, 188, 65, 161, 70, 3, 15, 145, 189, 167, 155, 184, 53, 174, 183, 140, 199, 4, 149, 101, 28, 59, 20, 23, 60, 148, 47, 154, 94, 66, 57, 172, 179, 22, 130, 95, 185, 52, 48, 76, 75, 137, 114, 127, 165, 89, 163, 103, 26, 180, 176, 88, 194, 166, 86, 110, 128, 83, 55, 18, 62, 124, 106, 143, 159, 119, 186, 153, 97, 77, 50, 14, 41, 111, 68, 8, 87, 82, 58, 91, 79, 61, 7, 177, 171, 25, 123, 5, 78, 175, 142, 45, 162, 46, 80, 190, 105, 136, 73, 164, 31, 54, 151, 193, 117, 198, 30, 42, 156, 24, 1, 197, 16, 27, 38, 102, 32, 96, 63, 100, 17, 44, 133, 122, 131, 19, 112, 121, 116, 125, 90, 191, 71, 67, 120, 51, 98, 85]","[85, 2, 139, 182, 138, 11, 49, 33, 160, 39, 29, 12, 0, 109, 35, 37, 41, 143, 159, 119, 153, 186, 163, 89, 165, 127, 137, 114, 103, 26, 180, 176, 88, 194, 166, 86, 110, 128, 124, 62, 18, 55, 181, 95, 130, 22, 179, 52, 172, 57, 66, 94, 154, 47, 148, 60, 23, 20, 59, 28, 101, 149, 4, 199, 140, 183, 174, 53, 184, 155, 167, 189, 145, 15, 3, 70, 161, 13, 126, 132, 169, 65, 188, 6, 150, 192, 147, 115, 178, 10, 133, 44, 17, 100, 63, 102, 38, 27, 16, 197, 1, 24, 156, 42, 30, 198, 117, 151, 54, 31, 193, 164, 73, 136, 105, 190, 80, 46, 162, 175, 78, 142, 45, 5, 7, 61, 79, 91, 141, 97, 77, 58, 82, 87, 8, 68, 111, 144, 56, 104, 157, 171, 177, 123, 25, 158, 19, 112, 121, 131, 125, 90, 191, 71, 67, 120, 51, 98, 85]","{'distance': {'initial': 25677, 'final': 24027}, 'objective': {'initial': 0, 'final': 19960}}",25677,24027,0,19960,43669,43987,25677,43669,0,24027,43987,2820,TSPB
lab7,msls,85,1946045837,107.477916,True,,"[150, 138, 5, 4, 198, 106, 34, 33, 162, 67, 128, 99, 124, 49, 21, 45, 73, 62, 6, 0, 139, 36, 78, 42, 91, 92, 22, 3, 190, 140, 132, 89, 48, 1, 168, 143, 137, 85, 197, 13, 170, 125, 135, 178, 17, 8, 95, 134, 68, 155, 194, 60, 72, 182, 94, 64, 175, 154, 61, 146, 118, 41, 191, 105, 2, 38, 70, 59, 66, 187, 84, 15, 196, 77, 57, 50, 151, 131, 112, 186, 109, 183, 54, 129, 157, 43, 141, 44, 86, 9, 80, 35, 130, 76, 163, 18, 185, 102, 47, 10, 150]","[150, 6, 188, 65, 169, 132, 126, 13, 145, 15, 3, 161, 70, 84, 155, 184, 167, 189, 69, 29, 39, 12, 0, 109, 35, 143, 159, 119, 106, 124, 128, 110, 95, 181, 62, 18, 55, 174, 183, 9, 199, 140, 4, 149, 101, 28, 59, 20, 23, 60, 148, 47, 154, 94, 66, 57, 172, 52, 179, 22, 185, 86, 166, 194, 88, 176, 180, 26, 103, 89, 127, 165, 163, 186, 153, 81, 77, 50, 14, 41, 111, 68, 8, 82, 58, 87, 171, 157, 104, 56, 144, 160, 33, 49, 11, 138, 182, 25, 123, 177, 91, 79, 61, 7, 5, 45, 142, 78, 175, 46, 162, 136, 105, 193, 30, 198, 117, 31, 164, 73, 54, 151, 19, 112, 121, 116, 98, 51, 120, 67, 71, 191, 90, 125, 131, 24, 156, 1, 197, 16, 27, 38, 102, 63, 100, 17, 44, 133, 10, 178, 115, 147, 192, 150]","{'distance': {'initial': 23546, 'final': 23546}, 'objective': {'initial': 0, 'final': 19019}}",23546,23546,0,19019,42565,42565,23546,42565,0,23546,42565,200,TSPB
lab7,hae_op2_ls,85,1946045837,110.0254,True,,"[85, 49, 95, 70, 148, 129, 56, 21, 170, 193, 12, 69, 111, 162, 11, 182, 76, 40, 142, 23, 177, 72, 50, 106, 45, 81, 15, 36, 169, 196, 132, 125, 6, 131, 1, 154, 119, 41, 153, 160, 199, 168, 80, 124, 161, 8, 102, 166, 96, 126, 68, 94, 117, 100, 103, 133, 188, 120, 197, 179, 175, 78, 152, 29, 24, 67, 176, 115, 16, 178, 19, 157, 82, 17, 28, 108, 105, 90, 158, 43, 46, 190, 53, 42, 92, 89, 38, 163, 185, 93, 147, 13, 3, 2, 39, 136, 22, 114, 145, 47, 85]","[110, 128, 124, 62, 18, 55, 174, 183, 140, 199, 9, 95, 185, 22, 179, 52, 172, 57, 66, 94, 154, 47, 148, 60, 23, 20, 59, 28, 101, 149, 4, 53, 184, 155, 167, 189, 145, 15, 3, 70, 161, 13, 126, 132, 169, 65, 188, 6, 150, 192, 147, 115, 178, 10, 133, 44, 17, 100, 63, 102, 38, 27, 16, 197, 1, 24, 156, 42, 30, 198, 117, 151, 54, 31, 193, 164, 73, 136, 105, 190, 80, 46, 162, 175, 78, 142, 45, 5, 123, 177, 7, 61, 79, 91, 141, 97, 77, 58, 82, 87, 8, 68, 111, 144, 56, 104, 157, 171, 25, 158, 19, 112, 121, 131, 125, 90, 191, 71, 67, 120, 51, 98, 118, 74, 85, 2, 139, 182, 138, 11, 49, 33, 160, 39, 29, 12, 0, 109, 35, 37, 41, 143, 159, 119, 153, 186, 163, 165, 127, 89, 103, 26, 180, 176, 88, 194, 166, 86, 110]","{'distance': {'initial': 171336, 'final': 23852}, 'objective': {'initial': -146704, 'final': 19961}}",171336,23852,-146704,19961,24632,43813,171336,24632,-146704,23852,43813,209,TSPB
lab7,imhae_2,85,1946045837,110.407606,True,,"[85, 49, 95, 70, 148, 129, 56, 21, 170, 193, 12, 69, 111, 162, 11, 182, 76, 40, 142, 23, 177, 72, 50, 106, 45, 81, 15, 36, 169, 196, 132, 125, 6, 131, 1, 154, 119, 41, 153, 160, 199, 168, 80, 124, 161, 8, 102, 166, 96, 126, 68, 94, 117, 100, 103, 133, 188, 120, 197, 179, 175, 78, 152, 29, 24, 67, 176, 115, 16, 178, 19, 157, 82, 17, 28, 108, 105, 90, 158, 43, 46, 190, 53, 42, 92, 89, 38, 163, 185, 93, 147, 13, 3, 2, 39, 136, 22, 114, 145, 47, 85]","[110, 128, 124, 62, 18, 55, 174, 183, 140, 199, 9, 95, 185, 22, 179, 52, 172, 57, 66, 94, 154, 47, 148, 60, 23, 20, 59, 28, 101, 149, 4, 53, 184, 155, 167, 189, 145, 15, 3, 70, 161, 13, 126, 132, 169, 65, 188, 6, 150, 192, 147, 115, 178, 10, 133, 44, 17, 100, 63, 102, 38, 27, 16, 197, 1, 24, 156, 42, 30, 198, 117, 151, 54, 31, 193, 164, 73, 136, 105, 190, 80, 46, 162, 175, 78, 142, 45, 5, 123, 177, 7, 61, 79, 91, 141, 97, 77, 58, 82, 87, 8, 68, 111, 144, 56, 104, 157, 171, 25, 158, 19, 112, 121, 131, 125, 90, 191, 71, 67, 120, 51, 98, 118, 74, 85, 2, 139, 182, 138, 11, 49, 33, 160, 39, 29, 12, 0, 109, 35, 37, 41, 143, 159, 119, 153, 186, 163, 165, 127, 89, 103, 26, 180, 176, 88, 194, 166, 86, 110]","{'distance': {'initial': 171336, 'final': 23852}, 'objective': {'initial': -146704, 'final': 19961}}",171336,23852,-146704,19961,24632,43813,171336,24632,-146704,23852,43813,381,TSPB
lab7,imhae_4,85,1946045837,110.411656,True,,"[85, 88, 151, 191, 190, 110, 19, 199, 181, 198, 159, 28, 89, 121, 69, 105, 118, 179, 23, 77, 22, 29, 10, 148, 124, 184, 160, 146, 44, 81, 104, 2, 175, 182, 41, 92, 67, 84, 14, 150, 45, 20, 43, 101, 130, 79, 122, 109, 154, 114, 75, 11, 132, 64, 90, 4, 58, 137, 63, 59, 178, 141, 24, 95, 155, 113, 54, 26, 72, 33, 189, 152, 169, 68, 131, 98, 140, 49, 65, 60, 53, 57, 17, 173, 177, 13, 116, 66, 96, 27, 62, 93, 76, 194, 50, 87, 119, 6, 139, 74, 85]","[11, 182, 138, 49, 33, 160, 144, 68, 8, 56, 104, 157, 171, 177, 123, 25, 158, 19, 112, 121, 116, 98, 51, 120, 67, 71, 191, 125, 90, 178, 10, 133, 44, 17, 100, 63, 102, 38, 27, 16, 197, 1, 24, 156, 42, 30, 198, 117, 151, 54, 31, 193, 164, 73, 136, 105, 190, 80, 46, 162, 175, 78, 142, 45, 5, 7, 61, 79, 91, 87, 82, 58, 77, 81, 153, 186, 163, 165, 127, 89, 103, 26, 180, 176, 88, 194, 166, 86, 110, 95, 185, 22, 179, 52, 172, 57, 66, 94, 154, 47, 148, 60, 23, 20, 59, 28, 101, 149, 4, 199, 140, 183, 174, 55, 18, 62, 128, 124, 106, 143, 159, 119, 41, 111, 37, 35, 109, 0, 12, 39, 29, 69, 189, 167, 184, 155, 84, 70, 161, 3, 15, 145, 13, 126, 132, 169, 65, 188, 6, 150, 192, 85, 2, 139, 11]","{'distance': {'initial': 169943, 'final': 22970}, 'objective': {'initial': -145341, 'final': 19974}}",169943,22970,-145341,19974,24602,42944,169943,24602,-145341,22970,42944,979,TSPB
lab7,imhae_6,85,1946045837,110.573465,True,,"[85, 88, 151, 191, 190, 110, 19, 199, 181, 198, 159, 28, 89, 121, 69, 105, 118, 179, 23, 77, 22, 29, 10, 148, 124, 184, 160, 146, 44, 81, 104, 2, 175, 182, 41, 92, 67, 84, 14, 150, 45, 20, 43, 101, 130, 79, 122, 109, 154, 114, 75, 11, 132, 64, 90, 4, 58, 137, 63, 59, 178, 141, 24, 95, 155, 113, 54, 26, 72, 33, 189, 152, 169, 68, 131, 98, 140, 49, 65, 60, 53, 57, 17, 173, 177, 13, 116, 66, 96, 27, 62, 93, 76, 194, 50, 87, 119, 6, 139, 74, 85]","[11, 182, 138, 49, 33, 160, 144, 68, 8, 56, 104, 157, 171, 177, 123, 25, 158, 19, 112, 121, 116, 98, 51, 120, 67, 71, 191, 125, 90, 178, 10, 133, 44, 17, 100, 63, 102, 38, 27, 16, 197, 1, 24, 156, 42, 30, 198, 117, 151, 54, 31, 193, 164, 73, 136, 105, 190, 80, 46, 162, 175, 78, 142, 45, 5, 7, 61, 79, 91, 87, 82, 58, 77, 81, 153, 186, 163, 165, 127, 89, 103, 26, 180, 176, 88, 194, 166, 86, 110, 95, 185, 22, 179, 52, 172, 57, 66, 94, 154, 47, 148, 60, 23, 20, 59, 28, 101, 149, 4, 199, 140, 183, 174, 55, 18, 62, 128, 124, 106, 143, 159, 119, 41, 111, 37, 35, 109, 0, 12, 39, 29, 69, 189, 167, 184, 155, 84, 70, 161, 3, 15, 145, 13, 126, 132, 169, 65, 188, 6, 150, 192, 85, 2, 139, 11]","{'distance': {'initial': 169943, 'final': 22970}, 'objective': {'initial': -145341, 'final': 19974}}",169943,22970,-145341,19974,24602,42944,169943,24602,-145341,22970,42944,2172,TSPB
lab7,imhae_8,85,1946045837,110.584234,True,,"[85, 88, 151, 191, 190, 110, 19, 199, 181, 198, 159, 28, 89, 121, 69, 105, 118, 179, 23, 77, 22, 29, 10, 148, 124, 184, 160, 146, 44, 81, 104, 2, 175, 182, 41, 92, 67, 84, 14, 150, 45, 20, 43, 101, 130, 79, 122, 109, 154, 114, 75, 11, 132, 64, 90, 4, 58, 137, 63, 59, 178, 141, 24, 95, 155, 113, 54, 26, 72, 33, 189, 152, 169, 68, 131, 98, 140, 49, 65, 60, 53, 57, 17, 173, 177, 13, 116, 66, 96, 27, 62, 93, 76, 194, 50, 87, 119, 6, 139, 74, 85]","[11, 182, 138, 49, 33, 160, 144, 68, 8, 56, 104, 157, 171, 177, 123, 25, 158, 19, 112, 121, 116, 98, 51, 120, 67, 71, 191, 125, 90, 178, 10, 133, 44, 17, 100, 63, 102, 38, 27, 16, 197, 1, 24, 156, 42, 30, 198, 117, 151, 54, 31, 193, 164, 73, 136, 105, 190, 80, 46, 162, 175, 78, 142, 45, 5, 7, 61, 79, 91, 87, 82, 58, 77, 81, 153, 186, 163, 165, 127, 89, 103, 26, 180, 176, 88, 194, 166, 86, 110, 95, 185, 22, 179, 52, 172, 57, 66, 94, 154, 47, 148, 60, 23, 20, 59, 28, 101, 149, 4, 199, 140, 183, 174, 55, 18, 62, 128, 124, 106, 143, 159, 119, 41, 111, 37, 35, 109, 0, 12, 39, 29, 69, 189, 167, 184, 155, 84, 70, 161, 3, 15, 145, 13, 126, 132, 169, 65, 188, 6, 150, 192, 85, 2, 139, 11]","{'distance': {'initial': 169943, 'final': 22970}, 'objective': {'initial': -145341, 'final': 19974}}",169943,22970,-145341,19974,24602,42944,169943,24602,-145341,22970,42944,3140,TSPB
lab7,imhae_12,85,1946045837,110.826792,True,,"[85, 88, 151, 191, 190, 110, 19, 199, 181, 198, 159, 28, 89, 121, 69, 105, 118, 179, 23, 77, 22, 29, 10, 148, 124, 184, 160, 146, 44, 81, 104, 2, 175, 182, 41, 92, 67, 84, 14, 150, 45, 20, 43, 101, 130, 79, 122, 109, 154, 114, 75, 11, 132, 64, 90, 4, 58, 137, 63, 59, 178, 141, 24, 95, 155, 113, 54, 26, 72, 33, 189, 152, 169, 68, 131, 98, 140, 49, 65, 60, 53, 57, 17, 173, 177, 13, 116, 66, 96, 27, 62, 93, 76, 194, 50, 87, 119, 6, 139, 74, 85]","[11, 182, 138, 49, 33, 160, 144, 68, 8, 56, 104, 157, 171, 177, 123, 25, 158, 19, 112, 121, 116, 98, 51, 120, 67, 71, 191, 125, 90, 178, 10, 133, 44, 17, 100, 63, 102, 38, 27, 16, 197, 1, 24, 156, 42, 30, 198, 117, 151, 54, 31, 193, 164, 73, 136, 105, 190, 80, 46, 162, 175, 78, 142, 45, 5, 7, 61, 79, 91, 87, 82, 58, 77, 81, 153, 186, 163, 165, 127, 89, 103, 26, 180, 176, 88, 194, 166, 86, 110, 95, 185, 22, 179, 52, 172, 57, 66, 94, 154, 47, 148, 60, 23, 20, 59, 28, 101, 149, 4, 199, 140, 183, 174, 55, 18, 62, 128, 124, 106, 143, 159, 119, 41, 111, 37, 35, 109, 0, 12, 39, 29, 69, 189, 167, 184, 155, 84, 70, 161, 3, 15, 145, 13, 126, 132, 169, 65, 188, 6, 150, 192, 85, 2, 139, 11]","{'distance': {'initial': 169943, 'final': 22970}, 'objective': {'initial': -145341, 'final': 19974}}",169943,22970,-145341,19974,24602,42944,169943,24602,-145341,22970,42944,2862,TSPB
lab7,msls,85,1537573762,108.850561,True,,"[156, 53, 190, 148, 35, 93, 161, 113, 178, 92, 168, 5, 90, 73, 79, 9, 3, 159, 16, 40, 56, 138, 118, 191, 74, 42, 70, 76, 129, 122, 158, 51, 47, 97, 44, 125, 26, 186, 80, 166, 14, 66, 177, 91, 196, 54, 2, 39, 195, 0, 147, 155, 59, 57, 165, 43, 163, 141, 95, 69, 136, 121, 188, 6, 27, 30, 32, 194, 58, 110, 33, 181, 61, 187, 41, 112, 131, 24, 183, 124, 72, 11, 167, 77, 20, 117, 192, 55, 128, 150, 7, 137, 176, 184, 78, 160, 175, 170, 119, 108, 156]","[156, 42, 30, 198, 117, 151, 54, 31, 193, 164, 73, 136, 105, 190, 80, 46, 162, 45, 142, 175, 78, 5, 177, 7, 61, 79, 91, 141, 97, 77, 58, 82, 87, 171, 25, 123, 173, 19, 112, 121, 116, 98, 85, 2, 139, 11, 182, 138, 49, 33, 160, 144, 56, 104, 8, 68, 111, 41, 37, 35, 109, 0, 12, 39, 29, 69, 34, 55, 18, 83, 181, 95, 86, 110, 128, 62, 124, 106, 143, 159, 119, 153, 186, 163, 165, 127, 89, 103, 26, 180, 176, 88, 194, 166, 185, 22, 179, 52, 172, 57, 66, 94, 154, 47, 148, 20, 59, 28, 101, 149, 4, 199, 140, 183, 174, 53, 184, 155, 167, 189, 3, 70, 161, 15, 145, 13, 126, 132, 169, 65, 188, 6, 150, 192, 147, 71, 67, 120, 51, 125, 90, 191, 178, 10, 133, 44, 17, 100, 63, 102, 38, 27, 16, 197, 1, 24, 156]","{'distance': {'initial': 24116, 'final': 24116}, 'objective': {'initial': 0, 'final': 19054}}",24116,24116,0,19054,43170,43170,24116,43170,0,24116,43170,200,TSPB
lab7,hae_op2_ls,85,1537573762,110.322027,True,,"[85, 84, 136, 112, 77, 178, 181, 145, 95, 13, 186, 83, 161, 10, 59, 92, 4, 30, 197, 96, 87, 171, 69, 129, 82, 105, 131, 191, 101, 60, 56, 33, 159, 141, 73, 61, 57, 182, 76, 132, 165, 155, 168, 78, 194, 62, 175, 7, 18, 2, 42, 110, 149, 162, 183, 119, 153, 198, 135, 54, 94, 108, 88, 113, 152, 14, 167, 32, 148, 51, 47, 3, 40, 6, 120, 9, 134, 116, 187, 8, 126, 46, 27, 188, 28, 143, 50, 36, 146, 190, 34, 117, 58, 164, 93, 19, 163, 114, 111, 169, 85]","[35, 109, 69, 189, 167, 155, 184, 53, 174, 183, 140, 199, 4, 149, 101, 28, 59, 20, 148, 47, 154, 94, 66, 57, 172, 52, 179, 22, 185, 95, 181, 55, 18, 62, 124, 128, 110, 86, 166, 194, 88, 176, 180, 26, 103, 89, 127, 165, 163, 186, 153, 119, 159, 143, 41, 111, 68, 8, 56, 104, 157, 171, 87, 82, 58, 77, 97, 141, 91, 79, 61, 7, 177, 123, 5, 45, 142, 78, 175, 162, 46, 80, 190, 105, 136, 73, 164, 193, 31, 54, 151, 117, 198, 30, 42, 156, 24, 1, 197, 16, 27, 38, 102, 63, 100, 17, 44, 133, 10, 178, 191, 90, 125, 131, 19, 112, 121, 116, 98, 51, 120, 67, 71, 147, 192, 150, 6, 188, 65, 169, 132, 161, 70, 3, 15, 145, 13, 126, 43, 2, 139, 182, 138, 11, 49, 33, 160, 39, 29, 12, 0, 35]","{'distance': {'initial': 167821, 'final': 22774}, 'objective': {'initial': -144828, 'final': 19784}}",167821,22774,-144828,19784,22993,42558,167821,22993,-144828,22774,42558,207,TSPB
lab7,imhae_2,85,1537573762,110.213018,True,,"[85, 84, 136, 112, 77, 178, 181, 145, 95, 13, 186, 83, 161, 10, 59, 92, 4, 30, 197, 96, 87, 171, 69, 129, 82, 105, 131, 191, 101, 60, 56, 33, 159, 141, 73, 61, 57, 182, 76, 132, 165, 155, 168, 78, 194, 62, 175, 7, 18, 2, 42, 110, 149, 162, 183, 119, 153, 198, 135, 54, 94, 108, 88, 113, 152, 14, 167, 32, 148, 51, 47, 3, 40, 6, 120, 9, 134, 116, 187, 8, 126, 46, 27, 188, 28, 143, 50, 36, 146, 190, 34, 117, 58, 164, 93, 19, 163, 114, 111, 169, 85]","[35, 109, 69, 189, 167, 155, 184, 53, 174, 183, 140, 199, 4, 149, 101, 28, 59, 20, 148, 47, 154, 94, 66, 57, 172, 52, 179, 22, 185, 95, 181, 55, 18, 62, 124, 128, 110, 86, 166, 194, 88, 176, 180, 26, 103, 89, 127, 165, 163, 186, 153, 119, 159, 143, 41, 111, 68, 8, 56, 104, 157, 171, 87, 82, 58, 77, 97, 141, 91, 79, 61, 7, 177, 123, 5, 45, 142, 78, 175, 162, 46, 80, 190, 105, 136, 73, 164, 193, 31, 54, 151, 117, 198, 30, 42, 156, 24, 1, 197, 16, 27, 38, 102, 63, 100, 17, 44, 133, 10, 178, 191, 90, 125, 131, 19, 112, 121, 116, 98, 51, 120, 67, 71, 147, 192, 150, 6, 188, 65, 169, 132, 161, 70, 3, 15, 145, 13, 126, 43, 2, 139, 182, 138, 11, 49, 33, 160, 39, 29, 12, 0, 35]","{'distance': {'initial': 167821, 'final': 22774}, 'objective': {'initial': -144828, 'final': 19784}}",167821,22774,-144828,19784,22993,42558,167821,22993,-144828,22774,42558,382,TSPB
lab7,imhae_4,85,1537573762,110.517855,True,,"[85, 125, 79, 186, 84, 188, 16, 162, 158, 112, 149, 42, 49, 6, 172, 43, 101, 76, 182, 92, 27, 173, 142, 13, 87, 81, 75, 187, 82, 183, 197, 80, 86, 17, 12, 119, 98, 195, 199, 37, 78, 168, 47, 36, 59, 22, 29, 113, 102, 107, 157, 4, 45, 108, 160, 48, 138, 111, 103, 127, 19, 196, 161, 89, 68, 178, 44, 23, 25, 122, 132, 135, 94, 60, 18, 121, 130, 41, 194, 20, 106, 74, 64, 155, 181, 184, 118, 164, 73, 140, 166, 174, 105, 170, 169, 114, 65, 144, 32, 190, 85]","[85, 2, 139, 11, 182, 138, 157, 171, 25, 123, 177, 7, 61, 79, 91, 87, 82, 58, 77, 81, 153, 186, 163, 165, 127, 89, 103, 26, 180, 176, 88, 194, 166, 86, 110, 95, 185, 22, 179, 52, 172, 57, 66, 94, 154, 47, 148, 60, 23, 20, 59, 28, 101, 149, 4, 199, 140, 183, 174, 55, 18, 62, 128, 124, 106, 143, 159, 119, 41, 111, 68, 8, 104, 56, 144, 160, 33, 49, 29, 39, 12, 0, 35, 109, 69, 189, 167, 184, 155, 84, 70, 161, 3, 15, 145, 13, 126, 132, 169, 65, 188, 6, 150, 192, 147, 115, 178, 10, 133, 44, 17, 100, 63, 102, 38, 27, 16, 197, 1, 24, 156, 42, 30, 198, 117, 193, 105, 190, 80, 46, 162, 175, 78, 142, 45, 136, 73, 164, 31, 54, 151, 19, 112, 121, 131, 125, 90, 191, 71, 67, 120, 51, 98, 85]","{'distance': {'initial': 159874, 'final': 22877}, 'objective': {'initial': -137879, 'final': 20057}}",159874,22877,-137879,20057,21995,42934,159874,21995,-137879,22877,42934,976,TSPB
lab7,imhae_6,85,1537573762,110.284447,True,,"[85, 125, 79, 186, 84, 188, 16, 162, 158, 112, 149, 42, 49, 6, 172, 43, 101, 76, 182, 92, 27, 173, 142, 13, 87, 81, 75, 187, 82, 183, 197, 80, 86, 17, 12, 119, 98, 195, 199, 37, 78, 168, 47, 36, 59, 22, 29, 113, 102, 107, 157, 4, 45, 108, 160, 48, 138, 111, 103, 127, 19, 196, 161, 89, 68, 178, 44, 23, 25, 122, 132, 135, 94, 60, 18, 121, 130, 41, 194, 20, 106, 74, 64, 155, 181, 184, 118, 164, 73, 140, 166, 174, 105, 170, 169, 114, 65, 144, 32, 190, 85]","[85, 2, 139, 11, 182, 138, 157, 171, 25, 123, 177, 7, 61, 79, 91, 87, 82, 58, 77, 81, 153, 186, 163, 165, 127, 89, 103, 26, 180, 176, 88, 194, 166, 86, 110, 95, 185, 22, 179, 52, 172, 57, 66, 94, 154, 47, 148, 60, 23, 20, 59, 28, 101, 149, 4, 199, 140, 183, 174, 55, 18, 62, 128, 124, 106, 143, 159, 119, 41, 111, 68, 8, 104, 56, 144, 160, 33, 49, 29, 39, 12, 0, 35, 109, 69, 189, 167, 184, 155, 84, 70, 161, 3, 15, 145, 13, 126, 132, 169, 65, 188, 6, 150, 192, 147, 115, 178, 10, 133, 44, 17, 100, 63, 102, 38, 27, 16, 197, 1, 24, 156, 42, 30, 198, 117, 193, 105, 190, 80, 46, 162, 175, 78, 142, 45, 136, 73, 164, 31, 54, 151, 19, 112, 121, 131, 125, 90, 191, 71, 67, 120, 51, 98, 85]","{'distance': {'initial': 159874, 'final': 22877}, 'objective': {'initial': -137879, 'final': 20057}}",159874,22877,-137879,20057,21995,42934,159874,21995,-137879,22877,42934,2202,TSPB
lab7,imhae_8,85,1537573762,110.425685,True,,"[85, 125, 79, 186, 84, 188, 16, 162, 158, 112, 149, 42, 49, 6, 172, 43, 101, 76, 182, 92, 27, 173, 142, 13, 87, 81, 75, 187, 82, 183, 197, 80, 86, 17, 12, 119, 98, 195, 199, 37, 78, 168, 47, 36, 59, 22, 29, 113, 102, 107, 157, 4, 45, 108, 160, 48, 138, 111, 103, 127, 19, 196, 161, 89, 68, 178, 44, 23, 25, 122, 132, 135, 94, 60, 18, 121, 130, 41, 194, 20, 106, 74, 64, 155, 181, 184, 118, 164, 73, 140, 166, 174, 105, 170, 169, 114, 65, 144, 32, 190, 85]","[85, 2, 139, 11, 182, 138, 157, 171, 25, 123, 177, 7, 61, 79, 91, 87, 82, 58, 77, 81, 153, 186, 163, 165, 127, 89, 103, 26, 180, 176, 88, 194, 166, 86, 110, 95, 185, 22, 179, 52, 172, 57, 66, 94, 154, 47, 148, 60, 23, 20, 59, 28, 101, 149, 4, 199, 140, 183, 174, 55, 18, 62, 128, 124, 106, 143, 159, 119, 41, 111, 68, 8, 104, 56, 144, 160, 33, 49, 29, 39, 12, 0, 35, 109, 69, 189, 167, 184, 155, 84, 70, 161, 3, 15, 145, 13, 126, 132, 169, 65, 188, 6, 150, 192, 147, 115, 178, 10, 133, 44, 17, 100, 63, 102, 38, 27, 16, 197, 1, 24, 156, 42, 30, 198, 117, 193, 105, 190, 80, 46, 162, 175, 78, 142, 45, 136, 73, 164, 31, 54, 151, 19, 112, 121, 131, 125, 90, 191, 71, 67, 120, 51, 98, 85]","{'distance': {'initial': 159874, 'final': 22877}, 'objective': {'initial': -137879, 'final': 20057}}",159874,22877,-137879,20057,21995,42934,159874,21995,-137879,22877,42934,3075,TSPB
lab7,imhae_12,85,1537573762,110.806052,True,,"[85, 177, 189, 57, 50, 132, 30, 164, 83, 23, 97, 115, 13, 70, 31, 134, 56, 139, 99, 84, 22, 155, 40, 25, 103, 67, 54, 87, 18, 36, 169, 175, 78, 195, 138, 143, 108, 125, 112, 174, 11, 4, 111, 77, 26, 156, 12, 130, 47, 96, 144, 86, 179, 114, 37, 160, 41, 183, 191, 16, 28, 51, 29, 154, 188, 194, 58, 128, 110, 15, 19, 32, 73, 197, 7, 45, 10, 163, 33, 127, 17, 113, 76, 118, 3, 2, 126, 66, 181, 166, 65, 63, 91, 185, 140, 1, 61, 173, 176, 198, 85]","[109, 69, 167, 189, 145, 15, 3, 70, 161, 13, 126, 132, 169, 65, 188, 6, 150, 192, 85, 2, 139, 11, 182, 138, 157, 171, 177, 123, 25, 158, 19, 112, 121, 116, 98, 51, 120, 67, 71, 191, 125, 90, 178, 10, 133, 44, 17, 100, 63, 102, 38, 27, 16, 197, 1, 24, 156, 42, 30, 198, 117, 151, 54, 31, 193, 164, 73, 136, 105, 190, 80, 46, 162, 175, 78, 142, 45, 5, 7, 61, 79, 91, 87, 82, 58, 77, 81, 153, 186, 163, 165, 127, 89, 103, 26, 180, 176, 88, 194, 166, 86, 110, 95, 185, 22, 179, 52, 172, 57, 66, 94, 154, 47, 148, 60, 23, 20, 59, 28, 101, 149, 4, 199, 140, 183, 174, 55, 18, 62, 128, 124, 106, 143, 159, 119, 41, 111, 68, 8, 104, 56, 144, 160, 33, 49, 29, 39, 12, 0, 35, 109]","{'distance': {'initial': 153540, 'final': 22258}, 'objective': {'initial': -129561, 'final': 20002}}",153540,22258,-129561,20002,23979,42260,153540,23979,-129561,22258,42260,2869,TSPB
lab7,msls,85,997618963,109.03017,True,,"[102, 186, 55, 36, 71, 41, 192, 164, 0, 172, 179, 108, 82, 72, 114, 168, 21, 166, 187, 9, 89, 151, 162, 121, 115, 120, 67, 49, 28, 136, 16, 56, 190, 174, 198, 76, 181, 139, 177, 148, 73, 138, 191, 43, 125, 66, 75, 195, 188, 143, 1, 50, 40, 116, 35, 196, 169, 93, 46, 117, 185, 126, 44, 153, 45, 113, 101, 78, 20, 146, 99, 63, 193, 83, 70, 48, 176, 57, 100, 5, 18, 170, 131, 69, 19, 107, 85, 104, 79, 106, 47, 134, 77, 65, 111, 60, 149, 135, 30, 62, 102]","[102, 32, 96, 63, 100, 17, 44, 133, 10, 178, 191, 90, 125, 131, 19, 112, 121, 116, 98, 51, 120, 67, 71, 147, 192, 150, 6, 85, 2, 43, 126, 13, 132, 169, 188, 65, 161, 70, 3, 15, 145, 189, 167, 69, 29, 109, 35, 0, 12, 39, 49, 11, 139, 182, 138, 33, 160, 144, 56, 104, 157, 171, 25, 123, 177, 21, 87, 82, 8, 68, 111, 41, 119, 159, 143, 106, 124, 62, 18, 55, 174, 183, 140, 199, 4, 149, 101, 28, 59, 20, 23, 60, 148, 47, 154, 94, 66, 57, 172, 52, 179, 22, 185, 95, 181, 128, 110, 86, 166, 194, 88, 176, 180, 26, 103, 89, 127, 165, 163, 186, 153, 97, 77, 58, 91, 79, 61, 7, 5, 45, 142, 78, 175, 162, 46, 80, 190, 105, 136, 73, 164, 193, 31, 54, 151, 117, 198, 30, 42, 156, 24, 1, 197, 16, 27, 38, 102]","{'distance': {'initial': 23586, 'final': 23586}, 'objective': {'initial': 0, 'final': 19369}}",23586,23586,0,19369,42955,42955,23586,42955,0,23586,42955,200,TSPB
lab7,hae_op2_ls,85,997618963,110.378176,True,,"[85, 76, 125, 9, 142, 72, 193, 37, 107, 169, 55, 61, 163, 116, 62, 184, 81, 123, 110, 93, 174, 78, 46, 98, 183, 162, 1, 171, 180, 44, 43, 154, 69, 190, 166, 122, 119, 132, 182, 83, 185, 121, 115, 159, 177, 67, 90, 105, 19, 34, 23, 120, 3, 49, 18, 64, 74, 10, 11, 58, 17, 63, 66, 102, 27, 71, 194, 188, 6, 160, 100, 51, 165, 53, 148, 56, 181, 170, 113, 59, 131, 5, 126, 70, 0, 97, 164, 28, 104, 197, 31, 173, 103, 146, 38, 108, 141, 168, 151, 137, 85]","[59, 20, 148, 47, 154, 94, 66, 57, 172, 52, 179, 22, 185, 95, 110, 86, 166, 194, 88, 176, 180, 26, 103, 89, 127, 165, 163, 186, 153, 81, 77, 58, 82, 87, 91, 79, 61, 7, 5, 45, 142, 78, 175, 162, 46, 80, 190, 105, 136, 73, 164, 193, 31, 54, 151, 117, 198, 30, 42, 156, 24, 1, 197, 16, 27, 38, 102, 63, 100, 17, 44, 133, 10, 178, 191, 90, 125, 131, 19, 112, 121, 116, 98, 51, 120, 67, 71, 147, 192, 150, 6, 188, 65, 169, 132, 126, 13, 161, 70, 3, 15, 145, 189, 167, 69, 109, 35, 0, 12, 29, 39, 160, 33, 49, 11, 138, 182, 25, 123, 177, 171, 157, 104, 56, 8, 68, 111, 41, 119, 159, 143, 106, 124, 128, 62, 18, 55, 174, 183, 140, 199, 4, 149, 101, 28, 59]","{'distance': {'initial': 165134, 'final': 21546}, 'objective': {'initial': -141022, 'final': 19860}}",165134,21546,-141022,19860,24112,41406,165134,24112,-141022,21546,41406,213,TSPB
lab7,imhae_2,85,997618963,110.367797,True,,"[85, 76, 125, 9, 142, 72, 193, 37, 107, 169, 55, 61, 163, 116, 62, 184, 81, 123, 110, 93, 174, 78, 46, 98, 183, 162, 1, 171, 180, 44, 43, 154, 69, 190, 166, 122, 119, 132, 182, 83, 185, 121, 115, 159, 177, 67, 90, 105, 19, 34, 23, 120, 3, 49, 18, 64, 74, 10, 11, 58, 17, 63, 66, 102, 27, 71, 194, 188, 6, 160, 100, 51, 165, 53, 148, 56, 181, 170, 113, 59, 131, 5, 126, 70, 0, 97, 164, 28, 104, 197, 31, 173, 103, 146, 38, 108, 141, 168, 151, 137, 85]","[59, 20, 148, 47, 154, 94, 66, 57, 172, 52, 179, 22, 185, 95, 110, 86, 166, 194, 88, 176, 180, 26, 103, 89, 127, 165, 163, 186, 153, 81, 77, 58, 82, 87, 91, 79, 61, 7, 5, 45, 142, 78, 175, 162, 46, 80, 190, 105, 136, 73, 164, 193, 31, 54, 151, 117, 198, 30, 42, 156, 24, 1, 197, 16, 27, 38, 102, 63, 100, 17, 44, 133, 10, 178, 191, 90, 125, 131, 19, 112, 121, 116, 98, 51, 120, 67, 71, 147, 192, 150, 6, 188, 65, 169, 132, 126, 13, 161, 70, 3, 15, 145, 189, 167, 69, 109, 35, 0, 12, 29, 39, 160, 33, 49, 11, 138, 182, 25, 123, 177, 171, 157, 104, 56, 8, 68, 111, 41, 119, 159, 143, 106, 124, 128, 62, 18, 55, 174, 183, 140, 199, 4, 149, 101, 28, 59]","{'distance': {'initial': 165134, 'final': 21546}, 'objective': {'initial': -141022, 'final': 19860}}",165134,21546,-141022,19860,24112,41406,165134,24112,-141022,21546,41406,389,TSPB
lab7,imhae_4,85,997618963,110.396736,True,,"[85, 6, 117, 118, 171, 120, 78, 7, 138, 185, 45, 129, 111, 147, 131, 82, 178, 164, 33, 110, 105, 69, 68, 141, 93, 23, 43, 166, 176, 92, 124, 24, 172, 50, 11, 133, 170, 2, 144, 40, 79, 97, 37, 191, 25, 75, 66, 71, 94, 96, 175, 197, 101, 46, 29, 95, 162, 12, 136, 14, 28, 38, 100, 51, 98, 156, 158, 123, 59, 126, 73, 18, 87, 19, 58, 181, 21, 169, 63, 137, 30, 55, 173, 16, 116, 88, 72, 3, 90, 114, 61, 39, 184, 52, 42, 151, 154, 128, 35, 165, 85]","[88, 176, 180, 26, 103, 89, 127, 165, 163, 186, 153, 119, 159, 143, 35, 109, 0, 29, 39, 12, 37, 41, 111, 68, 8, 87, 82, 58, 77, 97, 141, 91, 79, 61, 7, 5, 45, 142, 78, 175, 162, 46, 80, 190, 105, 136, 73, 164, 193, 31, 54, 151, 117, 198, 30, 42, 156, 24, 1, 197, 16, 27, 38, 102, 63, 100, 17, 44, 133, 10, 178, 191, 90, 125, 71, 67, 120, 51, 98, 116, 121, 112, 19, 158, 25, 123, 177, 171, 157, 104, 56, 144, 160, 33, 49, 11, 138, 182, 139, 2, 85, 192, 150, 6, 188, 65, 169, 132, 126, 13, 161, 70, 3, 15, 145, 189, 167, 155, 184, 53, 174, 183, 140, 199, 4, 149, 101, 28, 59, 20, 23, 60, 148, 47, 154, 94, 66, 57, 172, 52, 179, 22, 185, 95, 181, 55, 18, 62, 124, 128, 110, 86, 166, 194, 88]","{'distance': {'initial': 172266, 'final': 23154}, 'objective': {'initial': -147491, 'final': 19957}}",172266,23154,-147491,19957,24775,43111,172266,24775,-147491,23154,43111,955,TSPB
lab7,imhae_6,85,997618963,110.319357,True,,"[85, 6, 117, 118, 171, 120, 78, 7, 138, 185, 45, 129, 111, 147, 131, 82, 178, 164, 33, 110, 105, 69, 68, 141, 93, 23, 43, 166, 176, 92, 124, 24, 172, 50, 11, 133, 170, 2, 144, 40, 79, 97, 37, 191, 25, 75, 66, 71, 94, 96, 175, 197, 101, 46, 29, 95, 162, 12, 136, 14, 28, 38, 100, 51, 98, 156, 158, 123, 59, 126, 73, 18, 87, 19, 58, 181, 21, 169, 63, 137, 30, 55, 173, 16, 116, 88, 72, 3, 90, 114, 61, 39, 184, 52, 42, 151, 154, 128, 35, 165, 85]","[88, 194, 166, 86, 110, 128, 124, 62, 18, 55, 181, 95, 185, 22, 179, 52, 172, 57, 66, 94, 154, 47, 148, 60, 23, 20, 59, 28, 101, 149, 4, 199, 140, 183, 174, 53, 184, 155, 167, 189, 145, 15, 3, 70, 161, 13, 126, 132, 169, 65, 188, 6, 150, 192, 85, 2, 139, 11, 182, 138, 33, 49, 29, 109, 35, 0, 12, 39, 160, 144, 56, 104, 157, 171, 177, 123, 25, 158, 19, 112, 121, 116, 98, 51, 120, 67, 71, 191, 125, 90, 178, 10, 133, 44, 17, 100, 63, 102, 38, 27, 16, 197, 1, 24, 156, 42, 30, 198, 117, 151, 54, 31, 193, 164, 73, 136, 105, 190, 80, 46, 162, 175, 78, 142, 45, 5, 7, 61, 79, 91, 141, 97, 77, 58, 82, 87, 8, 68, 111, 41, 143, 159, 119, 153, 186, 163, 165, 127, 89, 103, 26, 180, 176, 88]","{'distance': {'initial': 172266, 'final': 23048}, 'objective': {'initial': -147491, 'final': 19936}}",172266,23048,-147491,19936,24775,42984,172266,24775,-147491,23048,42984,2016,TSPB
lab7,imhae_8,85,997618963,110.564425,True,,"[85, 6, 117, 118, 171, 120, 78, 7, 138, 185, 45, 129, 111, 147, 131, 82, 178, 164, 33, 110, 105, 69, 68, 141, 93, 23, 43, 166, 176, 92, 124, 24, 172, 50, 11, 133, 170, 2, 144, 40, 79, 97, 37, 191, 25, 75, 66, 71, 94, 96, 175, 197, 101, 46, 29, 95, 162, 12, 136, 14, 28, 38, 100, 51, 98, 156, 158, 123, 59, 126, 73, 18, 87, 19, 58, 181, 21, 169, 63, 137, 30, 55, 173, 16, 116, 88, 72, 3, 90, 114, 61, 39, 184, 52, 42, 151, 154, 128, 35, 165, 85]","[88, 194, 166, 86, 110, 128, 124, 62, 18, 55, 181, 95, 185, 22, 179, 52, 172, 57, 66, 94, 154, 47, 148, 60, 23, 20, 59, 28, 101, 149, 4, 199, 140, 183, 174, 53, 184, 155, 167, 189, 145, 15, 3, 70, 161, 13, 126, 132, 169, 65, 188, 6, 150, 192, 85, 2, 139, 11, 182, 138, 33, 49, 29, 109, 35, 0, 12, 39, 160, 144, 56, 104, 157, 171, 177, 123, 25, 158, 19, 112, 121, 116, 98, 51, 120, 67, 71, 191, 125, 90, 178, 10, 133, 44, 17, 100, 63, 102, 38, 27, 16, 197, 1, 24, 156, 42, 30, 198, 117, 151, 54, 31, 193, 164, 73, 136, 105, 190, 80, 46, 162, 175, 78, 142, 45, 5, 7, 61, 79, 91, 141, 97, 77, 58, 82, 87, 8, 68, 111, 41, 143, 159, 119, 153, 186, 163, 165, 127, 89, 103, 26, 180, 176, 88]","{'distance': {'initial': 172266, 'final': 23048}, 'objective': {'initial': -147491, 'final': 19936}}",172266,23048,-147491,19936,24775,42984,172266,24775,-147491,23048,42984,3078,TSPB
lab7,imhae_12,85,997618963,110.731683,True,,"[85, 6, 117, 118, 171, 120, 78, 7, 138, 185, 45, 129, 111, 147, 131, 82, 178, 164, 33, 110, 105, 69, 68, 141, 93, 23, 43, 166, 176, 92, 124, 24, 172, 50, 11, 133, 170, 2, 144, 40, 79, 97, 37, 191, 25, 75, 66, 71, 94, 96, 175, 197, 101, 46, 29, 95, 162, 12, 136, 14, 28, 38, 100, 51, 98, 156, 158, 123, 59, 126, 73, 18, 87, 19, 58, 181, 21, 169, 63, 137, 30, 55, 173, 16, 116, 88, 72, 3, 90, 114, 61, 39, 184, 52, 42, 151, 154, 128, 35, 165, 85]","[88, 194, 166, 86, 110, 128, 124, 62, 18, 55, 181, 95, 185, 22, 179, 52, 172, 57, 66, 94, 154, 47, 148, 60, 23, 20, 59, 28, 101, 149, 4, 199, 140, 183, 174, 53, 184, 155, 167, 189, 145, 15, 3, 70, 161, 13, 126, 132, 169, 65, 188, 6, 150, 192, 85, 2, 139, 11, 182, 138, 33, 49, 29, 109, 35, 0, 12, 39, 160, 144, 56, 104, 157, 171, 177, 123, 25, 158, 19, 112, 121, 116, 98, 51, 120, 67, 71, 191, 125, 90, 178, 10, 133, 44, 17, 100, 63, 102, 38, 27, 16, 197, 1, 24, 156, 42, 30, 198, 117, 151, 54, 31, 193, 164, 73, 136, 105, 190, 80, 46, 162, 175, 78, 142, 45, 5, 7, 61, 79, 91, 141, 97, 77, 58, 82, 87, 8, 68, 111, 41, 143, 159, 119, 153, 186, 163, 165, 127, 89, 103, 26, 180, 176, 88]","{'distance': {'initial': 172266, 'final': 23048}, 'objective': {'initial': -147491, 'final': 19936}}",172266,23048,-147491,19936,24775,42984,172266,24775,-147491,23048,42984,2873,TSPB
lab7,msls,85,2056187347,109.608014,True,,"[47, 100, 135, 197, 106, 109, 45, 132, 105, 63, 133, 195, 76, 199, 73, 192, 52, 179, 18, 118, 32, 62, 147, 35, 30, 123, 91, 164, 143, 72, 21, 81, 39, 55, 122, 57, 183, 101, 125, 29, 113, 40, 198, 184, 140, 151, 152, 128, 146, 93, 127, 117, 34, 121, 96, 188, 60, 66, 115, 163, 70, 134, 75, 189, 191, 79, 97, 178, 165, 15, 6, 131, 98, 64, 22, 169, 166, 42, 185, 83, 114, 173, 78, 172, 5, 9, 61, 111, 181, 38, 33, 1, 67, 175, 95, 144, 112, 156, 77, 56, 47]","[47, 148, 60, 23, 20, 59, 199, 28, 101, 149, 4, 140, 183, 174, 53, 184, 155, 84, 70, 161, 3, 15, 145, 13, 126, 43, 2, 169, 65, 188, 6, 150, 192, 147, 71, 67, 120, 191, 90, 178, 10, 133, 44, 17, 100, 63, 102, 38, 27, 16, 197, 1, 24, 156, 42, 30, 198, 117, 193, 151, 54, 31, 164, 73, 136, 105, 190, 80, 46, 162, 175, 78, 142, 45, 5, 7, 61, 79, 91, 87, 82, 58, 77, 81, 14, 41, 111, 68, 8, 56, 104, 157, 171, 177, 123, 25, 158, 116, 121, 112, 19, 131, 125, 51, 98, 118, 74, 182, 138, 11, 49, 33, 160, 39, 29, 12, 0, 35, 109, 69, 189, 167, 34, 55, 18, 62, 128, 124, 106, 143, 159, 119, 153, 186, 163, 103, 89, 165, 127, 137, 114, 26, 180, 176, 88, 194, 166, 86, 110, 95, 130, 22, 179, 52, 172, 57, 66, 94, 154, 47]","{'distance': {'initial': 24975, 'final': 24975}, 'objective': {'initial': 0, 'final': 19124}}",24975,24975,0,19124,44099,44099,24975,44099,0,24975,44099,200,TSPB
lab7,hae_op2_ls,85,2056187347,110.02769,True,,"[85, 134, 11, 145, 7, 41, 0, 71, 91, 43, 15, 101, 187, 65, 121, 182, 81, 176, 27, 66, 160, 140, 157, 110, 99, 189, 146, 152, 17, 115, 175, 199, 104, 78, 133, 183, 198, 102, 13, 82, 51, 5, 86, 70, 34, 161, 28, 3, 153, 53, 125, 132, 88, 144, 123, 180, 97, 38, 92, 142, 67, 155, 79, 47, 188, 151, 44, 57, 141, 19, 8, 72, 89, 59, 185, 22, 172, 120, 24, 83, 33, 74, 62, 150, 159, 147, 64, 163, 94, 127, 31, 55, 63, 128, 118, 14, 135, 60, 56, 48, 85]","[174, 183, 140, 199, 4, 149, 101, 28, 59, 20, 148, 47, 154, 94, 66, 57, 172, 52, 179, 22, 185, 95, 86, 166, 194, 88, 176, 180, 26, 103, 89, 127, 165, 163, 186, 153, 81, 77, 58, 82, 87, 91, 79, 61, 7, 78, 175, 162, 46, 80, 190, 105, 136, 45, 142, 5, 123, 177, 171, 25, 182, 138, 11, 139, 2, 85, 98, 51, 120, 67, 71, 191, 90, 125, 131, 121, 112, 19, 151, 54, 31, 73, 164, 193, 117, 198, 30, 42, 156, 24, 1, 197, 16, 27, 38, 102, 63, 100, 17, 44, 133, 10, 178, 115, 147, 192, 150, 6, 188, 65, 169, 132, 126, 13, 145, 15, 3, 161, 70, 84, 155, 184, 167, 189, 69, 109, 35, 0, 12, 39, 29, 49, 33, 160, 144, 56, 104, 8, 68, 111, 41, 119, 159, 143, 106, 124, 128, 110, 62, 18, 55, 174]","{'distance': {'initial': 165916, 'final': 22831}, 'objective': {'initial': -141816, 'final': 19688}}",165916,22831,-141816,19688,24100,42519,165916,24100,-141816,22831,42519,201,TSPB
lab7,imhae_2,85,2056187347,110.386896,True,,"[85, 134, 11, 145, 7, 41, 0, 71, 91, 43, 15, 101, 187, 65, 121, 182, 81, 176, 27, 66, 160, 140, 157, 110, 99, 189, 146, 152, 17, 115, 175, 199, 104, 78, 133, 183, 198, 102, 13, 82, 51, 5, 86, 70, 34, 161, 28, 3, 153, 53, 125, 132, 88, 144, 123, 180, 97, 38, 92, 142, 67, 155, 79, 47, 188, 151, 44, 57, 141, 19, 8, 72, 89, 59, 185, 22, 172, 120, 24, 83, 33, 74, 62, 150, 159, 147, 64, 163, 94, 127, 31, 55, 63, 128, 118, 14, 135, 60, 56, 48, 85]","[174, 183, 140, 199, 4, 149, 101, 28, 59, 20, 148, 47, 154, 94, 66, 57, 172, 52, 179, 22, 185, 95, 86, 166, 194, 88, 176, 180, 26, 103, 89, 127, 165, 163, 186, 153, 81, 77, 58, 82, 87, 91, 79, 61, 7, 78, 175, 162, 46, 80, 190, 105, 136, 45, 142, 5, 123, 177, 171, 25, 182, 138, 11, 139, 2, 85, 98, 51, 120, 67, 71, 191, 90, 125, 131, 121, 112, 19, 151, 54, 31, 73, 164, 193, 117, 198, 30, 42, 156, 24, 1, 197, 16, 27, 38, 102, 63, 100, 17, 44, 133, 10, 178, 115, 147, 192, 150, 6, 188, 65, 169, 132, 126, 13, 145, 15, 3, 161, 70, 84, 155, 184, 167, 189, 69, 109, 35, 0, 12, 39, 29, 49, 33, 160, 144, 56, 104, 8, 68, 111, 41, 119, 159, 143, 106, 124, 128, 110, 62, 18, 55, 174]","{'distance': {'initial': 165916, 'final': 22831}, 'objective': {'initial': -141816, 'final': 19688}}",165916,22831,-141816,19688,24100,42519,165916,24100,-141816,22831,42519,385,TSPB
lab7,imhae_4,85,2056187347,110.426166,True,,"[85, 88, 168, 49, 174, 17, 75, 166, 4, 181, 139, 80, 105, 29, 156, 68, 186, 137, 140, 14, 172, 130, 76, 23, 64, 118, 132, 97, 115, 13, 21, 148, 86, 117, 179, 99, 58, 22, 165, 94, 196, 55, 73, 16, 184, 160, 176, 116, 52, 182, 95, 191, 155, 15, 3, 100, 8, 50, 109, 2, 27, 126, 5, 119, 34, 24, 35, 102, 53, 129, 54, 45, 178, 162, 145, 42, 147, 127, 149, 47, 142, 188, 70, 113, 164, 69, 39, 83, 67, 131, 197, 185, 38, 30, 19, 36, 6, 195, 56, 157, 85]","[102, 38, 27, 16, 197, 1, 24, 156, 42, 30, 198, 117, 151, 54, 31, 193, 164, 73, 136, 105, 190, 80, 46, 162, 175, 78, 142, 45, 5, 7, 61, 79, 91, 87, 82, 58, 77, 81, 153, 186, 163, 165, 127, 89, 103, 26, 180, 176, 88, 194, 166, 86, 110, 95, 185, 22, 179, 52, 172, 57, 66, 94, 154, 47, 148, 60, 23, 20, 59, 28, 101, 149, 4, 199, 140, 183, 174, 55, 18, 62, 128, 124, 106, 143, 159, 119, 41, 111, 68, 8, 56, 104, 157, 171, 177, 123, 25, 158, 116, 121, 112, 19, 131, 125, 90, 191, 71, 67, 120, 51, 98, 85, 2, 139, 182, 138, 11, 49, 33, 160, 39, 29, 12, 0, 35, 109, 69, 189, 167, 184, 155, 84, 3, 70, 161, 15, 145, 13, 126, 132, 169, 65, 188, 6, 150, 192, 147, 115, 178, 10, 133, 44, 17, 100, 63, 102]","{'distance': {'initial': 158551, 'final': 23047}, 'objective': {'initial': -134561, 'final': 20197}}",158551,23047,-134561,20197,23990,43244,158551,23990,-134561,23047,43244,953,TSPB
lab7,imhae_6,85,2056187347,110.357327,True,,"[85, 88, 168, 49, 174, 17, 75, 166, 4, 181, 139, 80, 105, 29, 156, 68, 186, 137, 140, 14, 172, 130, 76, 23, 64, 118, 132, 97, 115, 13, 21, 148, 86, 117, 179, 99, 58, 22, 165, 94, 196, 55, 73, 16, 184, 160, 176, 116, 52, 182, 95, 191, 155, 15, 3, 100, 8, 50, 109, 2, 27, 126, 5, 119, 34, 24, 35, 102, 53, 129, 54, 45, 178, 162, 145, 42, 147, 127, 149, 47, 142, 188, 70, 113, 164, 69, 39, 83, 67, 131, 197, 185, 38, 30, 19, 36, 6, 195, 56, 157, 85]","[102, 38, 27, 16, 197, 1, 24, 156, 42, 30, 198, 117, 151, 54, 31, 193, 164, 73, 136, 105, 190, 80, 46, 162, 175, 78, 142, 45, 5, 7, 61, 79, 91, 87, 82, 58, 77, 81, 153, 186, 163, 165, 127, 89, 103, 26, 180, 176, 88, 194, 166, 86, 110, 95, 185, 22, 179, 52, 172, 57, 66, 94, 154, 47, 148, 60, 23, 20, 59, 28, 101, 149, 4, 199, 140, 183, 174, 55, 18, 62, 128, 124, 106, 143, 159, 119, 41, 111, 68, 8, 56, 104, 157, 171, 177, 123, 25, 158, 116, 121, 112, 19, 131, 125, 90, 191, 71, 67, 120, 51, 98, 85, 2, 139, 182, 138, 11, 49, 33, 160, 39, 29, 12, 0, 35, 109, 69, 189, 167, 184, 155, 84, 3, 70, 161, 15, 145, 13, 126, 132, 169, 65, 188, 6, 150, 192, 147, 115, 178, 10, 133, 44, 17, 100, 63, 102]","{'distance': {'initial': 158551, 'final': 23047}, 'objective': {'initial': -134561, 'final': 20197}}",158551,23047,-134561,20197,23990,43244,158551,23990,-134561,23047,43244,2176,TSPB
lab7,imhae_8,85,2056187347,110.539635,True,,"[85, 88, 168, 49, 174, 17, 75, 166, 4, 181, 139, 80, 105, 29, 156, 68, 186, 137, 140, 14, 172, 130, 76, 23, 64, 118, 132, 97, 115, 13, 21, 148, 86, 117, 179, 99, 58, 22, 165, 94, 196, 55, 73, 16, 184, 160, 176, 116, 52, 182, 95, 191, 155, 15, 3, 100, 8, 50, 109, 2, 27, 126, 5, 119, 34, 24, 35, 102, 53, 129, 54, 45, 178, 162, 145, 42, 147, 127, 149, 47, 142, 188, 70, 113, 164, 69, 39, 83, 67, 131, 197, 185, 38, 30, 19, 36, 6, 195, 56, 157, 85]","[102, 38, 27, 16, 197, 1, 24, 156, 42, 30, 198, 117, 151, 54, 31, 193, 164, 73, 136, 105, 190, 80, 46, 162, 175, 78, 142, 45, 5, 7, 61, 79, 91, 87, 82, 58, 77, 81, 153, 186, 163, 165, 127, 89, 103, 26, 180, 176, 88, 194, 166, 86, 110, 95, 185, 22, 179, 52, 172, 57, 66, 94, 154, 47, 148, 60, 23, 20, 59, 28, 101, 149, 4, 199, 140, 183, 174, 55, 18, 62, 128, 124, 106, 143, 159, 119, 41, 111, 68, 8, 56, 104, 157, 171, 177, 123, 25, 158, 116, 121, 112, 19, 131, 125, 90, 191, 71, 67, 120, 51, 98, 85, 2, 139, 182, 138, 11, 49, 33, 160, 39, 29, 12, 0, 35, 109, 69, 189, 167, 184, 155, 84, 3, 70, 161, 15, 145, 13, 126, 132, 169, 65, 188, 6, 150, 192, 147, 115, 178, 10, 133, 44, 17, 100, 63, 102]","{'distance': {'initial': 158551, 'final': 23047}, 'objective': {'initial': -134561, 'final': 20197}}",158551,23047,-134561,20197,23990,43244,158551,23990,-134561,23047,43244,3197,TSPB
lab7,imhae_12,85,2056187347,110.647694,True,,"[85, 88, 168, 49, 174, 17, 75, 166, 4, 181, 139, 80, 105, 29, 156, 68, 186, 137, 140, 14, 172, 130, 76, 23, 64, 118, 132, 97, 115, 13, 21, 148, 86, 117, 179, 99, 58, 22, 165, 94, 196, 55, 73, 16, 184, 160, 176, 116, 52, 182, 95, 191, 155, 15, 3, 100, 8, 50, 109, 2, 27, 126, 5, 119, 34, 24, 35, 102, 53, 129, 54, 45, 178, 162, 145, 42, 147, 127, 149, 47, 142, 188, 70, 113, 164, 69, 39, 83, 67, 131, 197, 185, 38, 30, 19, 36, 6, 195, 56, 157, 85]","[102, 38, 27, 16, 197, 1, 24, 156, 42, 30, 198, 117, 151, 54, 31, 193, 164, 73, 136, 105, 190, 80, 46, 162, 175, 78, 142, 45, 5, 7, 61, 79, 91, 87, 82, 58, 77, 81, 153, 186, 163, 165, 127, 89, 103, 26, 180, 176, 88, 194, 166, 86, 110, 95, 185, 22, 179, 52, 172, 57, 66, 94, 154, 47, 148, 60, 23, 20, 59, 28, 101, 149, 4, 199, 140, 183, 174, 55, 18, 62, 128, 124, 106, 143, 159, 119, 41, 111, 68, 8, 56, 104, 157, 171, 177, 123, 25, 158, 19, 112, 121, 131, 125, 90, 191, 71, 67, 120, 51, 98, 85, 2, 139, 182, 138, 11, 49, 33, 160, 39, 29, 12, 0, 35, 109, 69, 189, 167, 184, 155, 84, 70, 161, 3, 15, 145, 13, 126, 132, 169, 65, 188, 6, 150, 192, 147, 115, 178, 10, 133, 44, 17, 100, 63, 102]","{'distance': {'initial': 158551, 'final': 22935}, 'objective': {'initial': -134561, 'final': 20146}}",158551,22935,-134561,20146,23990,43081,158551,23990,-134561,22935,43081,3204,TSPB
lab7,msls,85,7147683,108.98841,True,,"[47, 112, 126, 50, 123, 2, 24, 169, 38, 184, 109, 68, 133, 19, 124, 80, 178, 159, 105, 49, 179, 84, 138, 168, 95, 129, 139, 134, 17, 108, 122, 147, 165, 39, 150, 53, 58, 8, 172, 44, 71, 173, 192, 103, 144, 153, 119, 186, 131, 26, 65, 51, 128, 160, 76, 1, 143, 120, 118, 163, 115, 31, 195, 23, 189, 0, 54, 188, 73, 16, 59, 106, 199, 170, 63, 4, 148, 158, 111, 161, 154, 5, 36, 190, 33, 55, 82, 175, 60, 191, 180, 89, 13, 171, 64, 96, 61, 91, 57, 187, 47]","[47, 154, 94, 66, 57, 172, 52, 179, 22, 185, 95, 181, 83, 18, 62, 124, 128, 110, 86, 166, 194, 88, 176, 180, 26, 103, 89, 127, 165, 163, 186, 153, 119, 159, 143, 35, 109, 0, 29, 39, 12, 37, 41, 111, 68, 8, 87, 82, 58, 77, 97, 141, 91, 79, 61, 7, 177, 123, 5, 45, 142, 78, 175, 162, 46, 80, 190, 105, 136, 73, 164, 193, 31, 54, 151, 117, 198, 30, 42, 156, 24, 1, 197, 16, 27, 38, 102, 63, 100, 17, 44, 133, 10, 178, 71, 67, 120, 191, 90, 125, 51, 98, 116, 121, 112, 19, 158, 25, 171, 157, 104, 56, 144, 160, 33, 49, 11, 138, 182, 139, 2, 85, 192, 150, 6, 188, 65, 169, 126, 195, 145, 15, 13, 132, 161, 70, 3, 84, 155, 189, 167, 184, 53, 152, 170, 34, 55, 174, 183, 140, 4, 149, 101, 28, 199, 59, 20, 23, 60, 148, 47]","{'distance': {'initial': 24192, 'final': 24192}, 'objective': {'initial': 0, 'final': 19505}}",24192,24192,0,19505,43697,43697,24192,43697,0,24192,43697,200,TSPB
lab7,hae_op2_ls,85,7147683,110.407046,True,,"[85, 159, 6, 122, 1, 41, 142, 193, 61, 83, 178, 64, 125, 110, 52, 9, 148, 184, 111, 79, 57, 102, 35, 190, 51, 21, 103, 186, 0, 11, 2, 176, 106, 120, 18, 109, 66, 137, 42, 59, 26, 96, 70, 157, 97, 98, 8, 146, 40, 160, 89, 199, 124, 39, 82, 136, 80, 196, 38, 71, 14, 180, 32, 112, 135, 151, 99, 153, 58, 152, 189, 131, 88, 62, 116, 24, 31, 107, 161, 48, 170, 143, 12, 173, 5, 181, 67, 87, 65, 93, 15, 154, 155, 17, 156, 23, 149, 172, 92, 163, 85]","[49, 11, 139, 2, 43, 168, 195, 126, 13, 145, 15, 3, 70, 161, 132, 169, 65, 188, 6, 150, 192, 147, 71, 67, 120, 98, 51, 125, 90, 191, 178, 10, 133, 44, 17, 100, 63, 102, 38, 27, 16, 197, 1, 24, 156, 42, 30, 198, 117, 193, 31, 164, 73, 54, 151, 19, 112, 121, 116, 158, 25, 123, 177, 5, 45, 136, 105, 190, 80, 46, 162, 175, 78, 142, 7, 61, 79, 91, 141, 97, 77, 58, 82, 87, 171, 157, 182, 138, 104, 56, 8, 68, 111, 41, 143, 159, 119, 153, 186, 163, 165, 127, 89, 103, 26, 180, 176, 88, 194, 166, 86, 110, 128, 124, 62, 18, 55, 174, 183, 140, 199, 9, 95, 185, 22, 179, 52, 172, 57, 66, 94, 154, 47, 148, 20, 59, 28, 101, 149, 4, 53, 184, 155, 167, 189, 69, 109, 35, 0, 12, 29, 39, 160, 33, 49]","{'distance': {'initial': 154819, 'final': 23410}, 'objective': {'initial': -130694, 'final': 19622}}",154819,23410,-130694,19622,24125,43032,154819,24125,-130694,23410,43032,198,TSPB
lab7,imhae_2,85,7147683,110.152099,True,,"[85, 78, 103, 130, 199, 22, 81, 188, 121, 93, 119, 15, 163, 49, 109, 198, 99, 5, 124, 21, 176, 177, 115, 58, 42, 86, 12, 66, 87, 162, 98, 117, 63, 107, 33, 28, 57, 154, 189, 95, 16, 145, 84, 4, 7, 131, 144, 45, 24, 60, 171, 157, 101, 64, 29, 39, 41, 26, 105, 135, 190, 67, 170, 136, 102, 196, 72, 167, 40, 172, 73, 156, 120, 179, 47, 13, 27, 134, 62, 132, 2, 180, 92, 23, 175, 44, 125, 191, 54, 35, 149, 83, 182, 80, 110, 141, 153, 48, 69, 139, 85]","[3, 70, 161, 13, 126, 132, 169, 65, 188, 6, 150, 192, 147, 115, 178, 10, 133, 44, 17, 100, 63, 102, 38, 27, 16, 197, 1, 24, 156, 42, 30, 198, 117, 151, 54, 31, 193, 164, 73, 136, 105, 190, 80, 46, 162, 175, 78, 142, 45, 5, 123, 177, 7, 61, 79, 91, 87, 82, 58, 77, 81, 153, 186, 163, 165, 127, 89, 103, 26, 180, 176, 88, 194, 166, 86, 110, 95, 185, 22, 179, 52, 172, 57, 66, 94, 154, 47, 148, 60, 23, 20, 59, 28, 101, 149, 4, 199, 140, 183, 174, 55, 18, 62, 128, 124, 106, 143, 159, 119, 41, 111, 68, 8, 104, 56, 144, 160, 33, 138, 182, 157, 171, 25, 158, 116, 121, 112, 19, 131, 125, 90, 191, 71, 67, 120, 51, 98, 118, 74, 85, 2, 139, 11, 49, 29, 39, 12, 0, 35, 109, 69, 167, 189, 145, 15, 3]","{'distance': {'initial': 157776, 'final': 22995}, 'objective': {'initial': -131957, 'final': 19952}}",157776,22995,-131957,19952,25819,42947,157776,25819,-131957,22995,42947,377,TSPB
lab7,imhae_4,85,7147683,110.354887,True,,"[85, 99, 128, 36, 70, 10, 27, 186, 152, 162, 143, 69, 71, 185, 126, 17, 92, 61, 157, 66, 160, 109, 13, 179, 62, 131, 96, 166, 130, 57, 150, 158, 156, 199, 178, 144, 141, 28, 74, 23, 20, 129, 170, 140, 11, 123, 172, 174, 112, 72, 124, 46, 0, 47, 16, 173, 34, 135, 111, 60, 79, 192, 12, 154, 103, 76, 58, 137, 50, 83, 134, 93, 63, 37, 52, 94, 114, 100, 64, 193, 78, 105, 180, 75, 104, 4, 187, 80, 149, 122, 183, 7, 175, 155, 51, 113, 18, 148, 146, 53, 85]","[35, 37, 41, 119, 159, 143, 106, 124, 128, 62, 18, 55, 174, 183, 140, 199, 4, 149, 101, 28, 59, 20, 23, 60, 148, 47, 154, 94, 66, 57, 172, 52, 179, 22, 185, 95, 110, 86, 166, 194, 88, 176, 180, 26, 103, 89, 127, 165, 163, 186, 153, 81, 77, 58, 82, 87, 91, 79, 61, 7, 5, 45, 142, 78, 175, 162, 46, 80, 190, 105, 136, 73, 164, 193, 31, 54, 151, 117, 198, 30, 42, 156, 24, 1, 197, 16, 27, 38, 102, 63, 100, 17, 44, 133, 10, 178, 90, 125, 191, 71, 67, 120, 51, 98, 116, 121, 112, 19, 158, 25, 123, 177, 171, 157, 104, 56, 8, 68, 111, 144, 160, 33, 49, 138, 182, 11, 139, 2, 85, 192, 150, 6, 188, 65, 169, 132, 126, 13, 145, 15, 3, 161, 70, 84, 155, 184, 167, 189, 69, 29, 39, 12, 0, 109, 35]","{'distance': {'initial': 175615, 'final': 22953}, 'objective': {'initial': -154127, 'final': 19991}}",175615,22953,-154127,19991,21488,42944,175615,21488,-154127,22953,42944,974,TSPB
lab7,imhae_6,85,7147683,110.403306,True,,"[85, 99, 128, 36, 70, 10, 27, 186, 152, 162, 143, 69, 71, 185, 126, 17, 92, 61, 157, 66, 160, 109, 13, 179, 62, 131, 96, 166, 130, 57, 150, 158, 156, 199, 178, 144, 141, 28, 74, 23, 20, 129, 170, 140, 11, 123, 172, 174, 112, 72, 124, 46, 0, 47, 16, 173, 34, 135, 111, 60, 79, 192, 12, 154, 103, 76, 58, 137, 50, 83, 134, 93, 63, 37, 52, 94, 114, 100, 64, 193, 78, 105, 180, 75, 104, 4, 187, 80, 149, 122, 183, 7, 175, 155, 51, 113, 18, 148, 146, 53, 85]","[35, 37, 41, 119, 159, 143, 106, 124, 128, 62, 18, 55, 174, 183, 140, 199, 4, 149, 101, 28, 59, 20, 23, 60, 148, 47, 154, 94, 66, 57, 172, 52, 179, 22, 185, 95, 110, 86, 166, 194, 88, 176, 180, 26, 103, 89, 127, 165, 163, 186, 153, 81, 77, 58, 82, 87, 91, 79, 61, 7, 5, 45, 142, 78, 175, 162, 46, 80, 190, 105, 136, 73, 164, 193, 31, 54, 151, 117, 198, 30, 42, 156, 24, 1, 197, 16, 27, 38, 102, 63, 100, 17, 44, 133, 10, 178, 90, 125, 191, 71, 67, 120, 51, 98, 116, 121, 112, 19, 158, 25, 123, 177, 171, 157, 104, 56, 8, 68, 111, 144, 160, 33, 49, 138, 182, 11, 139, 2, 85, 192, 150, 6, 188, 65, 169, 132, 126, 13, 145, 15, 3, 161, 70, 84, 155, 184, 167, 189, 69, 29, 39, 12, 0, 109, 35]","{'distance': {'initial': 175615, 'final': 22953}, 'objective': {'initial': -154127, 'final': 19991}}",175615,22953,-154127,19991,21488,42944,175615,21488,-154127,22953,42944,2223,TSPB
lab7,imhae_8,85,7147683,110.625594,True,,"[85, 99, 128, 36, 70, 10, 27, 186, 152, 162, 143, 69, 71, 185, 126, 17, 92, 61, 157, 66, 160, 109, 13, 179, 62, 131, 96, 166, 130, 57, 150, 158, 156, 199, 178, 144, 141, 28, 74, 23, 20, 129, 170, 140, 11, 123, 172, 174, 112, 72, 124, 46, 0, 47, 16, 173, 34, 135, 111, 60, 79, 192, 12, 154, 103, 76, 58, 137, 50, 83, 134, 93, 63, 37, 52, 94, 114, 100, 64, 193, 78, 105, 180, 75, 104, 4, 187, 80, 149, 122, 183, 7, 175, 155, 51, 113, 18, 148, 146, 53, 85]","[35, 37, 41, 119, 159, 143, 106, 124, 128, 62, 18, 55, 174, 183, 140, 199, 4, 149, 101, 28, 59, 20, 23, 60, 148, 47, 154, 94, 66, 57, 172, 52, 179, 22, 185, 95, 110, 86, 166, 194, 88, 176, 180, 26, 103, 89, 127, 165, 163, 186, 153, 81, 77, 58, 82, 87, 91, 79, 61, 7, 5, 45, 142, 78, 175, 162, 46, 80, 190, 105, 136, 73, 164, 193, 31, 54, 151, 117, 198, 30, 42, 156, 24, 1, 197, 16, 27, 38, 102, 63, 100, 17, 44, 133, 10, 178, 90, 125, 191, 71, 67, 120, 51, 98, 116, 121, 112, 19, 158, 25, 123, 177, 171, 157, 104, 56, 8, 68, 111, 144, 160, 33, 49, 138, 182, 11, 139, 2, 85, 192, 150, 6, 188, 65, 169, 132, 126, 13, 145, 15, 3, 161, 70, 84, 155, 184, 167, 189, 69, 29, 39, 12, 0, 109, 35]","{'distance': {'initial': 175615, 'final': 22953}, 'objective': {'initial': -154127, 'final': 19991}}",175615,22953,-154127,19991,21488,42944,175615,21488,-154127,22953,42944,3187,TSPB
lab7,imhae_12,85,7147683,111.092919,True,,"[85, 115, 8, 26, 89, 159, 106, 60, 9, 23, 0, 146, 35, 40, 29, 92, 161, 41, 63, 198, 129, 28, 119, 197, 51, 75, 195, 76, 179, 39, 194, 83, 186, 67, 17, 56, 149, 24, 96, 121, 59, 22, 36, 182, 185, 74, 45, 138, 172, 49, 4, 3, 117, 52, 93, 153, 170, 140, 21, 32, 72, 44, 128, 190, 125, 183, 141, 137, 100, 42, 62, 86, 15, 155, 180, 135, 187, 5, 171, 64, 192, 53, 57, 169, 193, 145, 34, 124, 191, 142, 90, 25, 27, 47, 164, 184, 73, 150, 14, 2, 85]","[142, 45, 5, 7, 61, 79, 91, 87, 82, 58, 77, 81, 153, 186, 163, 165, 127, 89, 103, 26, 180, 176, 88, 194, 166, 86, 110, 95, 185, 22, 179, 52, 172, 57, 66, 94, 154, 47, 148, 20, 59, 28, 101, 149, 4, 199, 140, 183, 174, 55, 18, 62, 128, 124, 106, 143, 159, 119, 41, 111, 68, 8, 56, 104, 157, 171, 177, 123, 25, 158, 19, 112, 121, 131, 125, 90, 191, 71, 67, 120, 51, 98, 85, 2, 139, 182, 138, 11, 49, 33, 160, 39, 29, 12, 0, 35, 109, 69, 189, 167, 184, 155, 84, 70, 161, 3, 15, 145, 195, 126, 13, 132, 169, 65, 188, 6, 150, 192, 147, 115, 178, 10, 133, 44, 17, 100, 63, 102, 38, 27, 16, 197, 1, 24, 156, 42, 30, 198, 117, 151, 54, 31, 193, 164, 73, 136, 105, 190, 80, 46, 162, 175, 78, 142]","{'distance': {'initial': 161951, 'final': 22726}, 'objective': {'initial': -137349, 'final': 20004}}",161951,22726,-137349,20004,24602,42730,161951,24602,-137349,22726,42730,2952,TSPB
